time,intruder_id,tau_horiz,tau_vert,tau_min,cpa_dist_ft,range_ft,rel_alt_ft
0,2,28.13035514148449,inf,28.13035514148449,8.272353275421157,1649.870497095416,111.636
0,3,434.9733211603372,inf,434.9733211603372,6406.266090230899,16178.57938286766,282.64599999999996
0,4,413.2312514767802,inf,413.2312514767802,3526.334137009981,22382.453447172105,260.606
0,5,13.091754954426007,inf,13.091754954426007,211.9275103091344,538.8148915975601,218.46599999999998
0,7,inf,29.0342593148137,29.0342593148137,378.10414755599254,378.10414755599254,-483.914
0,8,inf,13.29477410451791,13.29477410451791,613.7707028833112,613.7707028833112,-221.584
0,9,inf,29.0342593148137,29.0342593148137,176.94595276721023,176.94595276721023,-483.914
0,460,inf,31.229615407691846,31.229615407691846,688.1320108597693,688.1320108597693,-520.504
0,462,671.4960235551864,inf,671.4960235551864,9285.199661524697,19431.498436461425,291.54600000000005
0,464,565.3133675942935,inf,565.3133675942935,9226.570737113465,35737.77054881089,308.336
0,465,1084.2195852615837,inf,1084.2195852615837,11630.67438053831,39675.06780501555,240.53599999999997
0,466,inf,30.230035399292014,30.230035399292014,542.8951153526675,542.8951153526675,-503.84400000000005
0,467,inf,31.229615407691846,31.229615407691846,386.91615051509723,386.91615051509723,-520.504
0,468,5.732670230892098,30.230035399292014,5.732670230892098,49.96232514148971,183.90113763645968,-503.84400000000005
0,469,inf,29.0342593148137,29.0342593148137,771.1008706651894,771.1008706651894,-483.914
0,20,1459.0809470252502,0.7940841183176336,0.7940841183176336,7119.422956994885,20906.750021208914,-13.235
0,21,526.5358868667474,inf,526.5358868667474,7470.888343422384,34438.91414641832,305.096
0,22,519.2942275257534,inf,519.2942275257534,63.62727753855751,28734.38465394804,279.076
0,24,399.2810949041214,inf,399.2810949041214,2897.6990809787444,30416.59667686286,255.23600000000002
0,27,inf,30.03383932321353,30.03383932321353,153.79021548238129,153.79021548238129,-500.57399999999996
0,28,inf,30.230035399292014,30.230035399292014,562.0730828304905,562.0730828304905,-503.84400000000005
0,29,97.59915791375046,0.7486050278994422,0.7486050278994422,592.74462825747,1438.8496807465042,-12.477000000000004
0,30,527.6720086392995,inf,527.6720086392995,8444.64882827391,40138.90480304609,279.78599999999994
0,31,428.7306353730346,inf,428.7306353730346,810.2778119309874,37573.29436321077,156.016
0,32,574.6981063723654,inf,574.6981063723654,8647.290053792804,29840.425372715687,262.14599999999996
0,34,inf,21.247015059698807,21.247015059698807,25.456847259398568,25.456847259398568,-354.124
0,35,inf,30.230035399292014,30.230035399292014,306.9057765731895,306.9057765731895,-503.84400000000005
0,36,inf,30.230035399292014,30.230035399292014,81.96186355176339,81.96186355176339,-503.84400000000005
0,38,49.82939027824922,inf,49.82939027824922,34.74746073322732,1326.0043600917843,79.27599999999998
0,39,678.859096815617,inf,678.859096815617,10647.9856864431,45950.24560611351,179.96599999999998
0,40,21.40323736175383,inf,21.40323736175383,487.131408675313,1805.2227561485156,292.03599999999994
0,41,238.94656381036756,inf,238.94656381036756,3624.044496475034,16002.870528907277,210.21599999999998
0,43,32.62653625832733,30.230035399292014,30.230035399292014,541.3749143235941,732.0452116496472,-503.84400000000005
0,44,inf,30.230035399292014,30.230035399292014,212.7605026448215,212.7605026448215,-503.84400000000005
1,2,27.410489137645733,inf,27.410489137645733,8.871167797933715,1607.6449289017303,128.583
1,3,433.79902873956087,inf,433.79902873956087,6389.50494671231,16134.591565967818,298.983
1,4,412.48999582408186,inf,412.48999582408186,3519.9911774777,22342.305705448693,277.373
1,5,12.237918842905453,inf,12.237918842905453,199.494401814926,502.87638626743757,235.28300000000002
1,7,inf,29.03383932321353,29.03383932321353,378.10423474428694,378.10423474428694,-483.907
1,8,inf,11.423591528169435,11.423591528169435,625.975695443871,625.975695443871,-190.397
1,9,inf,29.03383932321353,29.03383932321353,176.94699202940973,176.94699202940973,-483.907
1,460,inf,31.22979540409192,31.22979540409192,688.1320638631363,688.1320638631363,-520.5070000000001
1,462,670.5496418808161,inf,670.5496418808161,9271.621990359747,19404.540747055045,307.963
1,464,564.3360831607013,inf,564.3360831607013,9210.99491373752,35676.833307886154,325.08299999999997
1,465,1082.9472047684558,inf,1082.9472047684558,11616.771695935564,39625.94412180023,256.983
1,466,inf,30.229615407691842,30.229615407691842,542.8967140952439,542.8967140952439,-503.837
1,467,inf,31.22979540409192,31.22979540409192,386.91618926409404,386.91618926409404,-520.5070000000001
1,468,5.7326680956834055,30.229615407691842,5.7326680956834055,49.962354892139494,183.90105372683226,-503.837
1,469,99.17256028168872,29.03383932321353,29.03383932321353,672.4268928057778,771.0589537289723,-483.907
1,20,1456.963433247669,inf,1456.963433247669,7108.6263767362025,20876.609001399804,3.5109999999999957
1,21,525.6481501621851,inf,525.6481501621851,7458.067726840687,34380.906490852176,321.743
1,22,517.9857881242465,inf,517.9857881242465,63.62512575262611,28661.98372755068,296.013
1,24,398.4775226975884,inf,398.4775226975884,2892.424783496718,30355.327006337237,271.883
1,27,inf,30.034019319613606,30.034019319613606,153.7902776233897,153.7902776233897,-500.577
1,28,inf,30.229615407691842,30.229615407691842,562.0745771434339,562.0745771434339,-503.837
1,29,95.57000079797484,inf,95.57000079797484,582.248498441317,1407.8018673183765,4.018000000000001
1,30,526.6999707054567,inf,526.6999707054567,8428.993225211123,40064.98402371815,296.383
1,31,427.91629752333694,inf,427.91629752333694,809.8227807926564,37501.90356235756,172.313
1,32,572.9297393050899,inf,572.9297393050899,8621.111260581665,29748.453117597786,278.513
1,34,inf,21.247195056098878,21.247195056098878,25.45708469092819,25.45708469092819,-354.127
1,35,inf,31.22979540409192,31.22979540409192,306.90704405601645,306.90704405601645,-520.5070000000001
1,36,inf,30.229615407691842,30.229615407691842,81.96192648196345,81.96192648196345,-503.837
1,38,49.45388899947004,inf,49.45388899947004,35.52579852421026,1316.0018416394105,96.023
1,39,677.898911811032,inf,677.898911811032,10632.690230767521,45885.31047665748,196.683
1,40,19.932108086071157,inf,19.932108086071157,489.88115226729843,1669.010403243415,309.363
1,41,237.93758844724644,inf,237.93758844724644,3607.7314925764526,15935.955890131887,227.063
1,43,32.62653077406882,30.229615407691842,30.229615407691842,541.3748314905449,732.045152962779,-503.837
1,44,inf,30.229615407691842,30.229615407691842,212.7605347876034,212.7605347876034,-503.837
2,2,37.21352390719472,inf,37.21352390719472,550.0387381948449,1565.4198230891454,145.279
2,3,272.91987738703364,inf,272.91987738703364,2207.707572042589,16090.60095197211,315.239
2,4,452.508351844471,inf,452.508351844471,6086.588631350618,22302.156695039153,293.939
2,5,23.049408925014408,inf,23.049408925014408,165.88061992620888,466.9477743237417,251.86899999999997
2,7,inf,29.034079318413628,29.034079318413628,378.1043282996967,378.1043282996967,-483.911
2,8,inf,8.42365152696946,8.42365152696946,651.1999058393887,651.1999058393887,-140.397
2,9,11.089748247428643,29.034079318413628,11.089748247428643,132.1357298465963,176.94459389757165,-483.911
2,460,inf,31.23003539929201,31.23003539929201,688.1340285991807,688.1340285991807,-520.511
2,462,444.4504660812592,inf,444.4504660812592,962.8074924744436,19377.579961702424,324.509
2,464,797.7155634060404,inf,797.7155634060404,2536.3250647462396,35554.96603711823,341.429
2,465,663.1957864301945,inf,663.1957864301945,8356.129681570046,39576.81701396708,273.669
2,466,inf,30.22985540289194,30.22985540289194,542.90066606646,542.90066606646,-503.841
2,467,inf,31.23003539929201,31.23003539929201,386.91838488448053,386.91838488448053,-520.511
2,468,8.698643614571765,30.22985540289194,8.698643614571765,86.92296973160839,183.90031574126266,-503.841
2,469,25.33172601652142,29.034079318413628,25.33172601652142,222.92324352808384,770.9727167347288,-483.911
2,20,593.6561534471649,inf,593.6561534471649,8356.033958860497,20846.467050703322,20.356
2,21,791.8652890465571,inf,791.8652890465571,5885.895649599039,34322.901320566,338.509
2,22,400.60921253253,inf,400.60921253253,6556.922982149538,28589.581348226988,312.759
2,24,441.84900692693486,inf,441.84900692693486,6271.435474508145,30232.784819536766,288.779
2,27,inf,30.034259314813703,30.034259314813703,153.7886508826715,153.7886508826715,-500.581
2,28,inf,30.22985540289194,30.22985540289194,562.078412962851,562.078412962851,-503.841
2,29,40.080611764353414,inf,40.080611764353414,665.6973702735655,1376.7580536054893,20.528
2,30,441.3957068255928,inf,441.3957068255928,724.2101937484788,39991.06090086016,313.189
2,31,516.853567552457,inf,516.853567552457,7853.971316869456,37430.51996347183,188.519
2,32,480.77016007788495,inf,480.77016007788495,2498.903166240657,29702.464897620466,295.139
2,34,inf,21.247435051298975,21.247435051298975,25.456944596226176,25.456944596226176,-354.13100000000003
2,35,inf,31.23003539929201,31.23003539929201,306.90971666663864,306.90971666663864,-520.511
2,36,inf,30.22985540289194,30.22985540289194,81.96430773765427,81.96430773765427,-503.841
2,38,127.47870606172172,inf,127.47870606172172,1092.156141950043,1306.0001646762494,112.689
2,39,561.985132685783,inf,561.985132685783,1360.1897233850716,45820.37291360769,213.41899999999998
2,40,22.408112014697018,inf,22.408112014697018,156.6888476850034,1601.3328487259625,326.319
2,41,315.26602416465744,inf,315.26602416465744,164.37815054792506,15869.044465512861,244.06900000000002
2,43,inf,30.22985540289194,30.22985540289194,732.0468749041928,732.0468749041928,-503.841
2,44,inf,30.22985540289194,30.22985540289194,212.76280506287864,212.76280506287864,-503.841
3,2,25.375351282397556,inf,25.375351282397556,49.12637000632144,1523.1704872300968,172.696
3,3,431.45029724956544,inf,431.45029724956544,6355.981269502682,16046.612235482393,331.766
3,4,411.0074362847788,inf,411.0074362847788,3507.3007598402833,22262.009070867512,310.61600000000004
3,5,10.531787358195972,inf,10.531787358195972,174.6296301331941,431.02700058043706,268.60600000000005
3,7,inf,29.0342593148137,29.0342593148137,378.104415852794,378.104415852794,-483.914
3,8,inf,6.556608867822643,6.556608867822643,664.3529543166107,664.3529543166107,-109.279
3,9,inf,28.390472190556185,28.390472190556185,176.9445988335672,176.9445988335672,-473.18399999999997
3,460,inf,30.23003539929201,30.23003539929201,688.1340818241853,688.1340818241853,-503.844
3,462,668.6566378046673,inf,668.6566378046673,9244.463147408425,19350.621600209226,341.06600000000003
3,464,561.4649946771171,inf,561.4649946771171,9165.310577504959,35494.03030676337,358.06600000000003
3,465,1080.1202051172047,inf,1080.1202051172047,11586.69300650268,39527.68945363599,290.48600000000005
3,466,inf,30.23003539929201,30.23003539929201,542.9022648866916,542.9022648866916,-503.844
3,467,inf,31.229615407691846,31.229615407691846,386.9184237954218,386.9184237954218,-520.504
3,468,5.732622801896034,30.23003539929201,5.732622801896034,49.959981134502634,183.9002314802554,-503.844
3,469,inf,28.390472190556185,28.390472190556185,770.8466960240632,770.8466960240632,-473.18399999999997
3,20,1450.604705887719,inf,1450.604705887719,7076.415782659042,20786.18475608827,37.257
3,21,523.8727526260304,inf,523.8727526260304,7432.430045968249,34264.89350607096,355.096
3,22,516.6615647242654,inf,516.6615647242654,63.624995732057755,28589.581435780172,329.42600000000004
3,24,396.86231877790044,inf,396.86231877790044,2882.0871850936824,30232.784739795286,305.446
3,27,inf,29.0342593148137,29.0342593148137,153.7887132844183,153.7887132844183,-483.914
3,28,inf,30.23003539929201,30.23003539929201,562.0800845127052,562.0800845127052,-503.844
3,29,93.54191895364062,inf,93.54191895364062,571.743580159093,1376.758138537434,37.195
3,30,524.7558288268339,inf,524.7558288268339,8397.680073614218,39917.14012206459,330.076
3,31,426.2877454168161,inf,426.2877454168161,808.9079263338682,37359.132864947715,204.826
3,32,572.0462088765782,inf,572.0462088765782,8607.951746964547,29702.464866500115,311.80600000000004
3,34,inf,20.24743505129897,20.24743505129897,25.45703106729555,25.45703106729555,-337.464
3,35,inf,31.229615407691846,31.229615407691846,306.9106519192365,306.9106519192365,-520.504
3,36,inf,30.23003539929201,30.23003539929201,81.96530062427591,81.96530062427591,-503.844
3,38,48.70495897182852,inf,48.70495897182852,37.07822842670818,1295.999295673685,129.33599999999998
3,39,676.9386985441079,inf,676.9386985441079,10617.394455952788,45820.37289947901,230.08599999999998
3,40,19.207688141789966,inf,19.207688141789966,491.24546785606134,1601.3327634179739,342.98600000000005
3,41,235.9317689245197,inf,235.9317689245197,3575.2754856937586,15802.1310757853,261.076
3,43,32.6266836998793,30.23003539929201,30.23003539929201,541.3771446510849,732.0468159719276,-503.844
3,44,inf,30.23003539929201,30.23003539929201,212.76283733987165,212.76283733987165,-503.844
4,2,32.061843552964724,inf,32.061843552964724,392.52438427227355,1481.087625715963,206.033
4,3,560.6842719528318,inf,560.6842719528318,2985.0905169222824,16002.62589825846,348.383
4,4,699.0215620059033,inf,699.0215620059033,9129.513713028744,22181.714930353537,327.433
4,5,7.596506954799747,inf,7.596506954799747,14.265197617184715,395.1161819787069,285.213
4,7,inf,29.03383932321353,29.03383932321353,378.1044966739742,378.1044966739742,-483.907
4,8,inf,4.556608867822643,4.556608867822643,677.8975460874566,677.8975460874566,-75.945
4,9,inf,27.10367792644147,27.10367792644147,176.9470069531917,176.9470069531917,-451.737
4,460,252.18911004807086,31.229795404091913,31.229795404091913,683.6666835160645,688.1322230950504,-520.507
4,462,1837.4732615655444,inf,1837.4732615655444,3140.12398500741,19323.66565848741,357.603
4,464,456.68923333643164,inf,456.68923333643164,567.2155923178536,35433.09219546053,374.893
4,465,1054.6673380596246,inf,1054.6673380596246,11967.154849501632,39478.56531791772,307.203
4,466,inf,30.229615407691842,30.229615407691842,542.9015111780515,542.9015111780515,-503.837
4,467,53.38822983926648,31.229795404091913,31.229795404091913,368.83935591372745,386.9163056733089,-520.507
4,468,15.208798945959746,30.229615407691842,15.208798945959746,158.83294160047254,183.9008016468821,-503.837
4,469,inf,27.10367792644147,27.10367792644147,770.6807174749084,770.6807174749084,-451.737
4,20,873.8815862237592,inf,873.8815862237592,11572.111854076778,20756.043808350994,54.260999999999996
4,21,467.40527226220695,inf,467.40527226220695,3378.199615995556,34206.88402560225,371.543
4,22,399.186971950151,inf,399.186971950151,6416.110712709006,28517.180141020646,346.243
4,24,551.9154518271062,inf,551.9154518271062,8392.466533647574,30171.516245720635,322.283
4,27,inf,29.03383932321353,29.03383932321353,153.7904643065653,153.7904643065653,-483.907
4,28,inf,30.229615407691842,30.229615407691842,562.0792381742363,562.0792381742363,-503.837
4,29,51.20044101062745,inf,51.20044101062745,607.2043216652486,1345.7205837477616,53.926
4,30,692.3590968251883,inf,692.3590968251883,1724.8084727751263,39843.21815814117,346.893
4,31,526.9777806371793,inf,526.9777806371793,9064.531333489565,37287.745925987685,221.033
4,32,967.7618917776101,inf,967.7618917776101,6266.432490456244,29656.481019899176,328.353
4,34,inf,20.247015059698803,20.247015059698803,25.45764602396235,25.45764602396235,-337.457
4,35,inf,31.229795404091913,31.229795404091913,306.9095247384728,306.9095247384728,-520.507
4,36,7.205100478897605,30.229615407691842,7.205100478897605,72.16214961750379,81.96304523040587,-503.837
4,38,118.88300276079563,inf,118.88300276079563,1097.2809821877047,1285.9992163924126,145.883
4,39,940.3532121963553,inf,940.3532121963553,2772.653748212309,45755.440149064525,246.813
4,40,24.209490518664925,inf,24.209490518664925,825.3856838066613,1533.9930292719673,360.073
4,41,188.11385895913745,inf,188.11385895913745,94.25160988556708,15735.214992322397,277.963
4,43,30.57877276903142,30.229615407691842,30.229615407691842,47.53537120385075,732.0449766566569,-503.837
4,44,23.335221899805713,30.229615407691842,23.335221899805713,196.79608306754167,212.76063135062338,-503.837
5,2,32.21443667774977,inf,32.21443667774977,661.6203784660826,1439.2710333735963,239.3594
5,3,270.6968572340654,inf,270.6968572340654,2192.043089537974,15958.635381525088,364.9894
5,4,449.25045629404525,inf,449.25045629404525,6042.839278346742,22141.566230077115,344.2594
5,5,17.85611201848311,inf,17.85611201848311,133.58920210277162,359.2265399321781,301.8094
5,7,inf,29.034055318893618,29.034055318893618,378.10459022937954,378.10459022937954,-483.9106
5,8,inf,2.556644867102658,2.556644867102658,691.8653493800851,691.8653493800851,-42.6116
5,9,10.265924696526236,25.17313253734925,10.265924696526236,112.67298783483695,176.94460069184683,-419.56059999999997
5,460,inf,31.230011399772007,31.230011399772007,688.1341878306736,688.1341878306736,-520.5106000000001
5,462,442.5980202071136,inf,442.5980202071136,961.1013855741514,19296.70497181051,374.0994
5,464,793.6161696490635,inf,793.6161696490635,2524.5835476925236,35372.1588621632,391.5994
5,465,660.7253536505301,inf,660.7253536505301,8324.801967312163,39429.43821046793,323.87940000000003
5,466,inf,30.22983140337193,30.22983140337193,542.9054631489788,542.9054631489788,-503.8406
5,467,inf,31.230011399772007,31.230011399772007,386.9185012930938,386.9185012930938,-520.5106000000001
5,468,8.698629885735246,30.22983140337193,8.698629885735246,86.9227878782707,183.9000636604251,-503.8406
5,469,26.31591237854387,25.17313253734925,25.17313253734925,230.60516942384285,770.468648552183,-419.56059999999997
5,20,590.1947556812777,inf,590.1947556812777,8305.647837498374,20725.90191838015,71.0924
5,21,787.8474993948889,inf,787.8474993948889,5855.339496452321,34148.87886041793,388.0094
5,22,398.5906802434451,inf,398.5906802434451,6524.173050194963,28444.779222784477,362.8894
5,24,440.0644778211068,inf,440.0644778211068,6245.3284790524995,30110.24529106142,338.9994
5,27,inf,29.034055318893618,29.034055318893618,153.78883756797035,153.78883756797035,-483.9106
5,28,inf,30.22983140337193,30.22983140337193,562.083285925977,562.083285925977,-503.8406
5,29,37.499632277731884,inf,37.499632277731884,627.5887954421015,1283.6599229814376,70.5914
5,30,438.9397440967067,inf,438.9397440967067,720.44825938648,39769.29494559382,363.7994
5,31,513.8747393955524,inf,513.8747393955524,7805.633678338225,37216.358773037486,237.2494
5,32,479.28033839593667,inf,479.28033839593667,2490.594394927963,29610.492804048296,344.8494
5,34,inf,20.24723105537889,20.24723105537889,25.45750593771675,25.45750593771675,-337.4606
5,35,inf,31.230011399772007,31.230011399772007,306.91219735433316,306.91219735433316,-520.5106000000001
5,36,inf,30.22983140337193,30.22983140337193,81.96542648397212,81.96542648397212,-503.8406
5,38,124.08889808459962,inf,124.08889808459962,1065.332599080106,1276.000044503757,162.5594
5,39,560.3924662019851,inf,560.3924662019851,1356.8486265471822,45690.50264778024,263.4494
5,40,20.603210437812617,inf,20.603210437812617,189.65447407542294,1467.0352533047792,376.9794
5,41,309.94953095233484,inf,309.94953095233484,166.0447543309079,15601.389924113624,295.0094
5,43,inf,30.22983140337193,30.22983140337193,732.0466985985165,732.0466985985165,-503.8406
5,44,inf,30.22983140337193,30.22983140337193,212.76290162497557,212.76290162497557,-503.8406
6,2,24.01460286560064,14.891936161276773,14.891936161276773,219.1371745931915,1397.8651405561407,248.2039
6,3,427.92716401463485,22.067792644147115,22.067792644147115,6305.69613053965,15914.646762989085,367.8039
6,4,408.042320267487,20.840817183656327,20.840817183656327,3481.9195199449728,22101.41848815603,347.3539
6,5,7.978765392966008,18.272268554628905,7.978765392966008,137.33108640579442,323.3563206166235,304.5439
6,7,inf,inf,inf,378.1046777824769,378.1046777824769,-497.6861
6,8,inf,inf,inf,706.2258434618009,706.2258434618009,-23.051099999999998
6,9,11.079130882401143,inf,11.079130882401143,123.73094761987026,176.9435683832438,-399.9961
6,460,inf,inf,inf,688.134241055699,688.134241055699,-534.2761
6,462,665.7779964291336,22.60778184436311,22.60778184436311,9203.293438306464,19269.74670937159,376.8039
6,464,558.5787834353844,23.672160556788864,23.672160556788864,9119.366772241405,35311.22314787612,394.5439
6,465,1076.1612672092313,19.612641747165053,19.612641747165053,11543.853299103092,39380.31246755472,326.8839
6,466,inf,inf,inf,542.9070619693202,542.9070619693202,-517.6161000000001
6,467,inf,inf,inf,386.91854020408266,386.91854020408266,-534.2761
6,468,5.732615453693081,inf,5.732615453693081,49.959968404614514,183.89997939942702,-517.6161000000001
6,469,99.03533240102101,inf,99.03533240102101,671.8117515412684,770.2166644561847,-399.9961
6,20,1444.2515304976791,4.445065098698025,4.445065098698025,7044.044952668003,20695.76120875138,74.0859
6,21,521.2096914600609,23.455564888702224,23.455564888702224,7393.9749956084,34090.87105106998,390.9339
6,22,512.75199346168,21.953194936101273,21.953194936101273,63.62851476000603,28372.37793564166,365.8939
6,24,394.45956637547283,20.515623687526247,20.515623687526247,2866.042493898426,30048.97534101733,341.9339
6,27,inf,inf,inf,153.78889996979046,153.78889996979046,-497.6861
6,28,inf,inf,inf,562.0847801539312,562.0847801539312,-517.6161000000001
6,29,85.44891608742849,4.407025859482809,4.407025859482809,529.7443231922572,1252.6391140937503,73.4519
6,30,521.8394846882597,22.002993940121197,22.002993940121197,8350.70731295435,39695.37059311924,366.7239
6,31,423.84486046318466,14.386146277074458,14.386146277074458,807.5343285584894,37144.97177382921,239.7739
6,32,568.5093681208906,20.851016979660407,20.851016979660407,8555.591109354282,29518.52219273105,347.5239
6,34,inf,inf,inf,25.457743733307424,25.457743733307424,-351.2361
6,35,inf,inf,inf,306.9127992470299,306.9127992470299,-534.2761
6,36,inf,inf,inf,81.96642386783414,81.96642386783414,-517.6161000000001
6,38,47.579083471472224,9.917435651286974,9.917435651286974,39.24763466847694,1266.001764061472,165.2939
6,39,674.0579541211711,15.979114417711642,15.979114417711642,10571.503664710348,45625.56746517781,266.3239
6,40,16.414742559049984,22.80937781244375,16.414742559049984,496.7248630492841,1334.5005702639423,380.1639
6,41,231.92012524144312,17.888276234475306,17.888276234475306,3510.373856865704,15534.476490877878,298.1439
6,43,32.626687905041926,inf,32.626687905041926,541.3771800849012,732.0466396662686,-517.6161000000001
6,44,inf,inf,inf,212.76293390206177,212.76293390206177,-517.6161000000001
7,2,23.610796735384817,13.604547909041818,13.604547909041818,273.21868431488275,1357.025152155154,226.747
7,3,426.7527598724202,21.070198596028078,21.070198596028078,6288.934677087763,15870.658326387289,351.177
7,4,407.3010262144719,19.84082318353633,19.84082318353633,3475.573009721761,22061.27074656367,330.687
7,5,7.130748514790525,17.25847483050339,7.130748514790525,124.89797460481589,287.51599719279864,287.647
7,7,inf,inf,inf,378.1047649707697,378.1047649707697,-531.013
7,8,inf,inf,inf,720.9552552062544,720.9552552062544,-23.050900000000002
7,9,inf,inf,inf,176.94356764283162,176.94356764283162,-400.003
7,460,inf,inf,inf,688.1342940589607,688.1342940589607,-567.6129999999999
7,462,664.8704011200291,21.602387952240953,21.602387952240953,9190.14255346194,19242.788480271724,360.047
7,464,557.6167413253355,22.672766544669106,22.672766544669106,9104.052809735114,35250.28743904905,377.887
7,465,1074.818111114339,18.619847603047937,18.619847603047937,11529.38566370667,39331.186968098504,310.337
7,466,inf,inf,inf,542.9086607119834,542.9086607119834,-550.943
7,467,inf,inf,inf,386.91857895295817,386.91857895295817,-567.6129999999999
7,468,5.73261285224953,inf,5.73261285224953,49.95994716441834,183.8998954895195,-550.943
7,469,98.98695322921537,inf,98.98695322921537,671.6191779507678,769.9225396686412,-400.003
7,20,1441.968274682657,3.45845083098338,3.45845083098338,7032.043684810417,20665.62029588087,57.641999999999996
7,21,520.3220295941904,22.445371092578146,22.445371092578146,7381.157622654059,34032.86373256174,374.097
7,22,511.4435544281286,20.956800863982718,20.956800863982718,63.631323894081234,28299.977013876927,349.287
7,24,392.85239205190385,19.53482930341393,19.53482930341393,2855.4886603117952,29926.436036427098,325.587
7,27,inf,inf,inf,153.78896211162743,153.78896211162743,-531.013
7,28,inf,inf,inf,562.0862744674481,562.0862744674481,-550.943
7,29,83.42462545258483,3.4040319193616124,3.4040319193616124,519.2642211428778,1221.6248015520327,56.735
7,30,520.8790408388218,20.99520009599808,20.99520009599808,8335.249027350737,39621.45348067043,349.927
7,31,423.03874474502607,13.36935261294774,13.36935261294774,807.0548281674119,37073.58845073897,222.827
7,32,567.6244615181746,19.843223135537286,19.843223135537286,8542.569546987577,29472.536103997452,330.727
7,34,inf,inf,inf,25.457883888613583,25.457883888613583,-373.843
7,35,inf,inf,inf,306.9137399123961,306.9137399123961,-567.6129999999999
7,36,inf,inf,inf,81.96648679850247,81.96648679850247,-550.943
7,38,47.20662682717668,8.917441651166977,8.917441651166977,40.192151199085444,1256.0043300084747,148.627
7,39,673.0976745676114,14.973120537589248,14.973120537589248,10556.205836722535,45560.63234297039,249.55700000000002
7,40,15.75224973569855,21.81058378832423,15.75224973569855,498.0922213790792,1269.0670142803133,363.517
7,41,230.9172338682785,16.90208195836083,16.90208195836083,3494.1477393226155,15467.56314057726,281.707
7,43,32.62669274863779,inf,32.62669274863779,541.3772392182663,732.0465809795771,-550.943
7,44,inf,inf,inf,212.762966044691,212.762966044691,-550.943
8,2,29.880442772755945,11.673966520669586,11.673966520669586,69.55847380253932,1316.9216471893235,194.57
8,3,552.95402390172,20.04439911201776,20.04439911201776,2940.519966747756,15782.684566486527,334.08000000000004
8,4,693.9599684186983,18.83842323153537,18.83842323153537,9063.342824136216,22021.12458373352,313.98
8,5,4.836366608761863,16.247675046499065,4.836366608761863,1.0211205296648236,251.71556942026282,270.79999999999995
8,7,inf,inf,inf,378.10484579195565,378.10484579195565,-564.35
8,8,inf,inf,inf,736.076675618297,736.076675618297,-23.051
8,9,inf,inf,inf,176.94597271372618,176.94597271372618,-400.0
8,460,252.1891269061563,inf,252.1891269061563,683.6668876726692,688.1324353304434,-584.28
8,462,1827.1733485433922,20.592188156236876,20.592188156236876,3119.131078626051,19215.833408817394,343.21000000000004
8,464,453.53727996539925,21.684766304673904,21.684766304673904,561.5164831155181,35189.34785454835,361.41999999999996
8,465,1050.7316629316833,17.619847603047933,17.619847603047933,11922.692992386254,39331.18864073983,293.66999999999996
8,466,inf,inf,inf,542.9092384478297,542.9092384478297,-600.95
8,467,53.388332167362975,inf,53.388332167362975,368.8395412082906,386.91646083177335,-584.28
8,468,15.208805030600221,inf,15.208805030600221,158.83274448886428,183.9004656573534,-584.28
8,469,340.5650185020139,inf,340.5650185020139,744.340338537768,769.5885807422436,-400.0
8,20,870.1884321777102,2.45845083098338,2.45845083098338,11523.738100141783,20665.621199712412,40.974999999999994
8,21,464.2361591716447,21.441771164576707,21.441771164576707,3356.256797657843,33974.85393226339,357.37
8,22,395.1308673951927,19.951400971980558,19.951400971980558,6350.318403645291,28227.576087604666,332.53
8,24,547.4445041471033,18.53482930341393,18.53482930341393,8326.476414992172,29926.436951381478,308.91999999999996
8,27,inf,inf,inf,153.79071313113928,153.79071313113928,-564.35
8,28,inf,inf,inf,562.085605450592,562.085605450592,-584.28
8,29,46.27530457395289,2.4040319193616124,2.4040319193616124,541.6133706097675,1221.6254460328569,40.068
8,30,687.2003730991867,19.997600047999036,19.997600047999036,1711.4861814522114,39547.531427358655,333.29999999999995
8,31,522.9453779506568,12.3507529849403,12.3507529849403,8999.187486351702,37002.201637090824,205.85
8,32,961.7665882632419,18.843223135537283,18.843223135537283,6228.521822192496,29472.538323534733,314.05999999999995
8,34,16.749967289548536,inf,16.749967289548536,25.358403657710976,25.458304275613788,-385.73
8,35,inf,inf,inf,306.911947390203,306.911947390203,-584.28
8,36,7.205362530386034,inf,7.205362530386034,72.16425691322777,81.96520164533435,-600.95
8,38,115.82056355956361,7.907841843163137,7.907841843163137,1065.32999634912,1246.0078359835811,131.8
8,39,935.0138626223246,13.968320633587325,13.968320633587325,2755.8711033831687,45495.6995395033,232.80999999999997
8,40,21.11968865110656,20.810583788324234,20.810583788324234,762.5047593172626,1269.0676854390206,346.85
8,41,184.11452673149495,15.920081598368032,15.920081598368032,97.85663208320203,15400.647101768885,265.34000000000003
8,43,30.578778166107334,inf,30.578778166107334,47.53525677511586,732.0447416637577,-584.28
8,44,23.33530671854955,inf,23.33530671854955,196.7962859578065,212.76076005692028,-584.28
9,2,31.030509621378368,9.674446511069778,9.674446511069778,810.2595985243883,1277.735390994534,161.244
9,3,266.9676469989747,19.02285954280914,19.02285954280914,2165.5414525729097,15738.694033221918,317.054
9,4,445.9926814007044,17.83788324233515,17.83788324233515,5999.094739017927,21980.975381262357,297.304
9,5,10.976807938456323,15.232735345293092,10.976807938456323,90.53634877592368,215.98399392425804,253.884
9,7,inf,inf,inf,378.1049393473553,378.1049393473553,-597.6859999999999
9,8,inf,inf,inf,751.7238027882939,751.7238027882939,-23.050000000000004
9,9,5.320990956877786,inf,5.320990956877786,1.2280346993690048,176.94253822446717,-399.99600000000004
9,460,inf,inf,inf,688.1344000655047,688.1344000655047,-634.276
9,462,440.111499376845,19.574848503029934,19.574848503029934,958.9837033670261,19188.87285565386,326.25399999999996
9,464,788.1503211240472,20.69862602747945,20.69862602747945,2508.9152939096375,35128.414542971586,344.984
9,465,658.2548146513925,16.631907361852758,16.631907361852758,8293.466266913461,39282.061290080565,277.20399999999995
9,466,inf,inf,inf,542.9134035003012,542.9134035003012,-634.276
9,467,inf,inf,inf,386.9186564507565,386.9186564507565,-617.616
9,468,8.698618270379257,inf,8.698618270379257,86.92262465060938,183.8997276697136,-617.616
9,469,25.270323950856277,inf,25.270323950856277,221.8199505747126,769.208369081274,-399.99600000000004
9,20,587.5984851797378,1.4680506389872199,1.4680506389872199,8267.852976818282,20635.47935598591,24.467999999999996
9,21,782.4905760442178,20.44543109137817,20.44543109137817,5814.587675364657,33916.84861183789,340.76399999999995
9,22,394.53457078017664,18.93766124677506,18.93766124677506,6458.380663462897,28155.174808385374,315.63399999999996
9,24,436.47566917489166,17.549889002219953,17.549889002219953,6192.272854745276,29865.16637221049,292.50399999999996
9,27,inf,inf,inf,153.78908639537423,153.78908639537423,-597.6859999999999
9,28,inf,inf,inf,562.0894404168639,562.0894404168639,-617.616
9,29,34.91940425428578,1.3913121737565248,1.3913121737565248,589.4067862215767,1190.6176700386823,23.189
9,30,435.6845574914685,19.0072598548029,19.0072598548029,715.6005058892669,39473.608306573115,316.794
9,31,509.9191409420236,11.339413211735764,11.339413211735764,7741.472909800493,36930.810966130346,188.994
9,32,476.28907598911655,17.82528349433011,17.82528349433011,2474.2835605418945,29426.55011604644,297.094
9,34,1.468541977430636,inf,1.468541977430636,16.072808839456457,25.45787235912751,-386.886
9,35,inf,inf,inf,306.9142841161764,306.9142841161764,-617.616
9,36,inf,inf,inf,81.96758289622308,81.96758289622308,-634.276
9,38,120.00870634834065,6.889902201955961,6.889902201955961,1019.8576070624447,1236.0599348249173,114.834
9,39,557.2071509840921,12.97438051238975,12.97438051238975,1350.1751969225975,45430.762044086594,216.244
9,40,17.16251072146182,19.81184376312473,17.16251072146182,255.5883773688416,1204.3104079239745,330.20399999999995
9,41,304.633082404483,14.936941261174773,14.936941261174773,167.72172766212807,15333.736328319324,248.95399999999998
9,43,164.1808848477651,inf,164.1808848477651,648.9461039537731,732.0462035102809,-617.616
9,44,inf,inf,inf,212.76303033004217,212.76303033004217,-617.616
10,2,22.664360457926723,8.318053638927221,8.318053638927221,428.1484269794239,1239.662591145707,138.637
10,3,422.05512161476406,18.00905981880362,18.00905981880362,6221.888052254099,15694.705916477364,300.157
10,4,405.07710771772696,16.83188336233275,16.83188336233275,3456.529577857926,21940.82763941702,280.537
10,5,4.609039013264152,14.230935381292374,4.609039013264152,87.5976400303395,180.35131525914727,237.187
10,7,inf,inf,inf,378.1050269004526,378.1050269004526,-631.013
10,8,inf,inf,inf,767.9942985121704,767.9942985121704,-23.050999999999995
10,9,inf,inf,inf,176.94253749857438,176.94253749857438,-400.003
10,460,inf,inf,inf,688.1344532905582,688.1344532905582,-667.6129999999999
10,462,662.0304022224569,18.571848563028738,18.571848563028738,9149.397536546625,19161.914727243402,309.537
10,464,554.7304780529211,19.71962560748785,19.71962560748785,9058.193235314679,35067.47885050208,328.66700000000003
10,465,1072.1315335933693,15.63130737385252,15.63130737385252,11500.457459743806,39232.9357911623,260.527
10,466,inf,inf,inf,542.9150030979541,542.9150030979541,-667.6129999999999
10,467,inf,inf,inf,386.9186953618087,386.9186953618087,-667.6129999999999
10,468,5.732604577382041,inf,5.732604577382041,49.959833080582264,183.89964340872777,-667.6129999999999
10,469,98.80163553090522,inf,98.80163553090522,670.5606074220814,768.7882081279939,-400.003
10,20,1435.603642608154,0.4863502729945406,0.4863502729945406,7000.025425430147,20575.19659181987,8.106000000000009
10,21,517.6590985296891,19.447831043379132,19.447831043379132,7342.708243719784,33858.84097164588,324.137
10,22,507.5337385159054,17.9292614147717,17.9292614147717,63.644493877076634,28082.77534906255,298.827
10,24,391.23368550678,16.56908861822763,16.56908861822763,2844.520962278018,29803.89516779098,276.157
10,27,inf,inf,inf,153.78914879729214,153.78914879729214,-631.013
10,28,29.013293875071703,inf,29.013293875071703,253.07913631702593,561.0595054720189,-650.943
10,29,77.35226291023294,0.39791204175916506,0.39791204175916506,487.6916425718933,1128.6269703749656,6.632000000000005
10,30,516.9788805418249,18.015659686806263,18.015659686806263,8272.418495528305,39325.76318975148,300.267
10,31,420.58768537654254,10.320813583728324,10.320813583728324,805.693358224313,36859.4240970881,172.017
10,32,565.8551650689948,16.808483830323393,16.808483830323393,8516.451532047675,29380.563820084666,280.147
10,34,inf,inf,inf,25.4578075057708,25.4578075057708,-386.883
10,35,inf,inf,inf,306.91521937035594,306.91521937035594,-650.943
10,36,inf,inf,inf,81.96857676724461,81.96857676724461,-667.6129999999999
10,38,46.384271747886096,5.8827023459530805,5.8827023459530805,91.89147639066263,1226.2336769998785,98.047
10,39,670.2167445640115,11.96838063238735,11.96838063238735,10510.310386295549,45365.82692624363,199.47699999999998
10,40,14.491128004803365,18.821443571128576,14.491128004803365,500.83378920790443,1140.3462068167464,313.697
10,41,227.91434988293497,13.943541129177415,13.943541129177415,3445.552121817829,15266.823598192825,232.397
10,43,26.310563323323926,inf,26.310563323323926,328.485347697133,731.646866831725,-650.943
10,44,inf,inf,inf,212.76306260725252,212.76306260725252,-650.943
11,2,22.62823284998591,7.6048479030419385,7.6048479030419385,476.45814197911074,1202.917176477196,126.75
11,3,420.8806797520788,16.995260094798102,16.995260094798102,6205.126617402343,15650.718316149627,283.26
11,4,404.3357894693715,15.829483410331795,15.829483410331795,3450.1808303614966,21900.679897900813,263.83000000000004
11,5,3.8694997904087707,13.217135657286853,3.8694997904087707,81.7189669765359,145.30310564053462,220.29
11,7,inf,inf,inf,378.1051140887453,378.1051140887453,-681.02
11,8,inf,inf,inf,784.8900913279856,784.8900913279856,-23.051000000000002
11,9,inf,inf,inf,176.94253675816572,176.94253675816572,-400.0
11,460,inf,inf,inf,688.1345062938476,688.1345062938476,-700.95
11,462,661.044932566931,17.55744885102298,17.55744885102298,9135.387829912306,19134.956632737347,292.63
11,464,553.7686870294441,18.73522529549409,18.73522529549409,9042.799830143806,35006.54316360619,312.26
11,465,1070.7882523662295,14.632507349853004,14.632507349853004,11485.993134007209,39183.810048508436,243.88000000000002
11,466,37.48043613732712,inf,37.48043613732712,368.3743604849611,536.1097723916736,-700.95
11,467,inf,inf,inf,386.9187341107474,386.9187341107474,-700.95
11,468,5.732601673605013,inf,5.732601673605013,49.95977877274364,183.8995594988325,-700.95
11,469,98.72669691328367,inf,98.72669691328367,670.1116219931432,768.3260219235124,-400.0
11,20,1433.667628457716,inf,1433.667628457716,6989.959783057122,20545.055617019458,-8.564999999999998
11,21,516.7714804602418,18.454430911381774,18.454430911381774,7329.892775567589,33800.833660166376,307.58000000000004
11,22,506.2098121584846,16.911861762764744,16.911861762764744,63.65041003684402,28010.37406631766,281.87
11,24,390.4336771184493,15.596688066238677,15.596688066238677,2839.8598398934555,29742.62542352321,259.95000000000005
11,27,inf,inf,inf,153.78921093922648,153.78921093922648,-664.35
11,28,29.48924513958132,inf,29.48924513958132,238.87401089586245,560.0162134124561,-684.28
11,29,75.34357590366591,inf,75.34357590366591,477.21722541784453,1097.6450250254952,-10.100999999999999
11,30,516.0067355546518,17.00545989080218,17.00545989080218,8256.760301094077,39251.84241368071,283.42999999999995
11,31,419.7815491069392,9.309413811723765,9.309413811723765,805.2823329994741,36788.04091038443,155.16
11,32,564.1064246013136,15.794084118317633,15.794084118317633,8490.525121200035,29288.593441405486,263.24
11,34,inf,inf,inf,25.457742292121857,25.457742292121857,-386.88
11,35,inf,inf,inf,306.915824140782,306.915824140782,-684.28
11,36,inf,inf,inf,81.9686396993279,81.9686396993279,-700.95
11,38,46.25472399696935,4.887502249955001,4.887502249955001,117.40134423093481,1216.542410086889,81.46000000000001
11,39,669.2564054026686,10.974980500389991,10.974980500389991,10495.011388193994,45300.89175106155,182.92
11,40,13.349559645134349,17.82444351112978,13.349559645134349,503.57342564621933,1015.3922786425836,297.08000000000004
11,41,226.9114643967863,12.953740925181496,12.953740925181496,3429.3259385647516,15199.910590634707,215.9
11,43,26.27088529739367,inf,26.27088529739367,328.28747403098134,730.8488998496692,-684.28
11,44,inf,inf,inf,212.76309475000542,212.76309475000542,-684.28
12,2,21.2555487686703,7.535249295014099,7.535249295014099,486.439420708368,1166.5378750553305,125.58999999999999
12,3,419.70621043319824,15.987280254394912,15.987280254394912,6188.365198795413,15606.73008473111,266.46000000000004
12,4,403.5944704971823,14.820903581928363,14.820903581928363,3443.8313979863337,21860.532466456953,247.02000000000004
12,5,3.2676201665980518,12.208555828883423,3.2676201665980518,74.82193205846384,111.56143530195597,203.48000000000002
12,7,inf,inf,inf,378.10520127703813,378.10520127703813,-714.35
12,8,inf,inf,inf,802.4754242732785,802.4754242732785,-23.054000000000002
12,9,11.078967175033913,inf,11.078967175033913,123.72930580341928,176.94150808020962,-400.0
12,460,inf,inf,inf,688.134559297144,688.134559297144,-734.28
12,462,659.1903970974577,16.540469190616186,16.540469190616186,9108.652020101954,19081.04055184627,275.68
12,464,552.7918648418746,17.74044519109618,17.74044519109618,9027.232798158677,34945.60598750022,295.68
12,465,1068.1018673562771,13.64912701745965,13.64912701745965,11457.059613972784,39085.558985899195,227.49
12,466,37.49787046938538,inf,37.49787046938538,352.07702238920166,529.4960544694693,-734.28
12,467,inf,inf,inf,386.9187728597018,386.9187728597018,-734.28
12,468,5.732598695268826,inf,5.732598695268826,49.959716310038345,183.89947558894025,-734.28
12,469,98.64620852912968,inf,98.64620852912968,669.625737947226,767.8219227176774,-400.0
12,20,1431.5495494802926,inf,1431.5495494802926,6979.180418107717,20514.914658036847,-25.295
12,21,515.8838661332212,17.45845083098338,17.45845083098338,7317.0778255817295,33742.82586151574,290.98
12,22,504.9013734605147,15.901481970360592,15.901481970360592,63.65706626797542,27937.973149352463,265.03000000000003
12,24,388.83434410087204,14.633707325853484,14.633707325853484,2829.0909870919663,29620.08444851698,243.90000000000003
12,27,inf,inf,inf,153.78927308118512,153.78927308118512,-697.6899999999999
12,28,30.04527097389899,inf,30.04527097389899,224.43874383787377,558.9471549195906,-717.62
12,29,73.31781203089382,inf,73.31781203089382,466.6870638208246,1066.6727691297963,-26.909999999999997
12,30,515.046061403969,15.985480290394191,15.985480290394191,8241.297351452531,39177.921683207824,266.43
12,31,418.95914181061147,8.291234175316493,8.291234175316493,804.7691246698985,36716.65410792966,138.19
12,32,563.1845819865617,14.774704505909881,14.774704505909881,8476.711034014897,29242.607151997057,246.25
12,34,inf,inf,inf,25.457677078477122,25.457677078477122,-386.89
12,35,inf,inf,inf,306.9167648072289,306.9167648072289,-717.62
12,36,inf,inf,inf,81.96870164715881,81.96870164715881,-734.28
12,38,46.17327946986264,3.8999220015599674,3.8999220015599674,143.0515830326592,1207.01288554917,64.99999999999999
12,39,668.2960512127526,9.96760064798704,9.96760064798704,10479.71168605154,45235.95663625747,166.13
12,40,12.843339062657876,16.829663406731864,12.843339062657876,504.94142158658065,954.7916258644968,280.5
12,41,225.90289472603666,11.970960580788386,11.970960580788386,3413.018262022668,15132.99767161013,199.52000000000004
12,43,26.20736793641646,inf,26.20736793641646,327.63708394381524,729.6518330390586,-717.62
12,44,inf,inf,inf,212.7631268927892,212.7631268927892,-717.62
13,2,20.20850965423836,8.53542929141417,8.53542929141417,496.42880799131456,1095.0299897870195,142.26
13,3,418.53172848460514,14.972100557988837,14.972100557988837,6171.603417380501,15562.742072678446,249.53999999999996
13,4,403.59441737177207,13.82132357352853,13.82132357352853,3443.826634563533,21860.53239204419,230.36
13,5,3.0859452757851953,11.213775724485508,3.0859452757851953,66.91043698092496,80.92572168672991,186.89999999999998
13,7,inf,inf,inf,378.10528883013546,378.10528883013546,-747.68
13,8,inf,inf,inf,802.4753906608709,802.4753906608709,-39.714
13,9,inf,inf,inf,176.94150735431836,176.94150735431836,-400.0
13,460,inf,inf,inf,688.1346125222186,688.1346125222186,-750.9399999999999
13,462,658.2436031753566,15.545689086218273,15.545689086218273,9095.068480401033,19054.0825597473,259.09999999999997
13,464,552.7919795618366,16.740865182696343,16.740865182696343,9027.235500023204,34945.60597586327,279.02
13,465,1066.758519837274,12.649547009059816,12.649547009059816,11442.59644568952,39036.43297236519,210.82999999999998
13,466,37.49791148362422,inf,37.49791148362422,352.07723521181424,529.4960727257918,-750.9399999999999
13,467,inf,inf,inf,386.9188117708016,386.9188117708016,-767.6099999999999
13,468,5.732595636397956,inf,5.732595636397956,49.959646140542425,183.89939132796363,-767.6099999999999
13,469,98.55432427343084,inf,98.55432427343084,669.154266479228,767.2756329924389,-400.0
13,20,1431.5491051648714,inf,1431.5491051648714,6979.193316406667,20514.914740327273,-41.955
13,21,514.9962687289803,16.457670846583067,16.457670846583067,7304.263256270676,33684.818553441786,274.3
13,22,503.59292824215026,14.902501949961,14.902501949961,63.66442268702976,27865.57186892958,248.38
13,24,388.8343152347403,13.63412731745365,13.63412731745365,2829.086198718397,29620.084368782416,227.24
13,27,inf,inf,inf,153.7893354831764,153.7893354831764,-720.29
13,28,30.660011813151005,inf,30.660011813151005,209.28560230942233,557.7002695535267,-750.9399999999999
13,29,73.31780396102612,inf,73.31780396102612,466.687730780044,1066.6728545585363,-43.56999999999999
13,30,514.062415624536,14.965500689986198,14.965500689986198,8225.442853411418,39104.00090770527,249.43
13,31,418.14484980510537,7.275454490910182,7.275454490910182,804.3060679008483,36645.26733668246,121.26
13,32,563.1844478798735,13.775124497510047,13.775124497510047,8476.706937472622,29242.607120883637,229.58999999999997
13,34,inf,inf,inf,25.457612225132934,25.457612225132934,-386.88
13,35,inf,inf,inf,306.917366700112,306.917366700112,-750.9399999999999
13,36,inf,inf,inf,81.96969551799974,81.96969551799974,-767.6099999999999
13,38,39.37075939126924,3.5567288654226923,3.5567288654226923,212.71287297078922,1197.6712582471382,59.280000000000015
13,39,667.3356832773737,8.972820543589128,8.972820543589128,10464.411638955075,45171.021522895164,149.55
13,40,12.843337308950995,15.83008339833203,12.843337308950995,504.9412923469045,954.7915479005272,263.84
13,41,224.90004415750195,10.985780284394309,10.985780284394309,3396.792489351082,15066.08447749233,183.09999999999997
13,43,26.121882369016543,inf,26.121882369016543,326.8534665857136,728.0560871375025,-750.9399999999999
13,44,inf,inf,inf,212.76315917009262,212.76315917009262,-750.9399999999999
14,2,24.63384294531857,25.748523149940254,24.63384294531857,559.7743097801354,1059.9874394702708,152.99
14,3,373.35370544937416,40.932729690156016,40.932729690156016,2316.9299749147444,15518.75374002638,243.20999999999998
14,4,484.36541168429653,37.760236969217566,37.760236969217566,1444.8593853503173,21820.38469831481,224.36
14,5,4.723093044512466,30.477809381153538,4.723093044512466,55.68839374688222,58.654769058017486,181.08999999999997
14,7,inf,inf,inf,378.1053198385241,378.1053198385241,-770.29
14,8,inf,inf,inf,839.411715151498,839.411715151498,-12.320000000000007
14,9,415.06937753994333,inf,415.06937753994333,176.80167228451032,176.9415043781837,-389.27
14,460,inf,inf,inf,688.1346313727676,688.1346313727676,-790.22
14,462,687.2568674873831,42.59050440109733,42.59050440109733,3429.0591313663385,19027.124608741353,253.06
14,464,564.5746118979836,45.99693690357979,45.99693690357979,3524.657424082661,34884.67030757411,273.3
14,465,874.6073115249542,34.49517814766817,34.49517814766817,3534.299716915732,38987.30743203179,204.95999999999998
14,466,32.25684533488575,inf,32.25684533488575,35.15047987678618,522.7961462903108,-773.55
14,467,inf,inf,inf,386.9188255518199,386.9188255518199,-790.22
14,468,8.45201039040603,inf,8.45201039040603,49.96084806171155,183.89936148553517,-790.22
14,469,56.76487461911464,inf,56.76487461911464,256.76631068961603,766.6875041412853,-389.27
14,20,839.1691646540196,inf,839.1691646540196,1274.3277294339216,20484.773869013134,-47.95
14,21,554.5309762849636,45.13018159785919,45.13018159785919,2720.2352520055792,33626.81094553029,268.15
14,22,420.73670029177185,40.801454129289596,40.801454129289596,63.71388658328939,27793.170897756907,242.43
14,24,445.0992727916349,37.263746065940715,37.263746065940715,1280.8298206778793,29558.8150416036,221.40999999999997
14,27,inf,inf,inf,153.78935758388755,153.78935758388755,-721.45
14,28,36.71704320561484,inf,36.71704320561484,135.7653443956613,556.4130962476506,-773.55
14,29,41.43256153731881,inf,41.43256153731881,195.76178881177307,1035.7114182973162,-49.70700000000001
14,30,522.2202238919554,40.90580136997829,40.90580136997829,2980.940806930055,39030.0801848268,243.05
14,31,475.45056925125084,19.34294898766346,19.34294898766346,659.7629267215165,36573.88066100185,114.92999999999998
14,32,606.8418722697468,37.58351986805123,37.58351986805123,3436.291352656555,29196.621194595587,223.31
14,34,2.4034195690398956,inf,2.4034195690398956,3.9916234852925516,25.457491525864572,-376.15
14,35,inf,inf,inf,306.91834639305944,306.91834639305944,-773.55
14,36,inf,inf,inf,81.96974328414674,81.96974328414674,-790.22
14,38,50.475216279951965,11.781140077755525,11.781140077755525,392.872098616667,1188.5527223720371,70.0
14,39,683.867400132947,24.178265479576545,24.178265479576545,3771.8232293947253,45106.08636127622,143.65999999999997
14,40,14.234656336465129,43.394987966406916,14.234656336465129,515.010093742553,895.7823914399887,257.84
14,41,223.9027448980172,29.82984667687699,29.82984667687699,1065.906067201739,14999.171739094027,177.24
14,43,35.07837399510873,inf,35.07837399510873,204.48772021734342,726.0612993440722,-773.55
14,44,inf,inf,inf,212.76317060164507,212.76317060164507,-773.55
15,2,32.14278600446277,inf,32.14278600446277,640.7828462977311,1025.4830792111318,174.43
15,3,336.80750034629983,inf,336.80750034629983,1179.3759984936385,15474.766384231694,247.69
15,4,606.1161644924446,inf,606.1161644924446,1608.9201059258194,21780.23705235313,229.17000000000002
15,5,inf,inf,inf,55.95791340230836,55.95791340230836,185.99
15,7,inf,163.5230907532457,163.5230907532457,378.1052946670087,378.1052946670087,-782.1800000000001
15,8,inf,inf,inf,858.6356858205834,858.6356858205834,9.13000000000001
15,9,10.516772560071736,76.89670311291368,10.516772560071736,57.75880384820276,176.94046758363433,-367.82
15,460,inf,167.6875797043882,167.6875797043882,688.1346160705572,688.1346160705572,-802.1
15,462,719.0649672900797,inf,719.0649672900797,3925.198517072021,19000.166698939254,257.85
15,464,576.8958959045005,inf,576.8958959045005,2505.2787842654784,34823.73465236165,278.33000000000004
15,465,740.7929903510366,inf,740.7929903510366,2295.3520709911345,38938.17978939387,209.92000000000002
15,466,28.686096626344565,167.6875797043882,28.686096626344565,275.0296984097838,509.6918055926096,-802.1
15,467,inf,167.6875797043882,167.6875797043882,386.91881436487546,386.91881436487546,-802.1
15,468,16.080239598409214,167.6875797043882,16.080239598409214,49.96419766840341,183.8993857105653,-802.1
15,469,39.8415742738821,76.89670311291368,39.8415742738821,166.19836480697012,766.0573706871461,-367.82
15,20,593.0435764161789,9.021177847929254,9.021177847929254,1267.9302178160503,20454.633179151202,-43.150999999999996
15,21,600.8153133643335,inf,600.8153133643335,2805.39545394705,33568.80352899602,272.91
15,22,361.025853400765,inf,361.025853400765,63.750035489060615,27720.76987140211,247.23000000000002
15,24,520.7681471293732,inf,520.7681471293732,806.3757077752479,29497.545294032676,226.18
15,27,inf,146.58499362364898,146.58499362364898,153.78933964331003,153.78933964331003,-701.1600000000001
15,28,46.06371244558854,164.20462860368366,46.06371244558854,432.321671574932,555.0045044137607,-785.44
15,29,27.46947612233324,9.513724834319401,9.513724834319401,75.3488895934565,973.8246243471647,-45.50699999999999
15,30,530.7109536661841,inf,530.7109536661841,2603.7916022454833,38956.15946923684,247.61
15,31,551.2594835613115,inf,551.2594835613115,469.3014558334893,36502.49406973039,119.23
15,32,658.0346051663936,inf,658.0346051663936,2830.6709632832376,29150.635290443086,227.94
15,34,8.278734715554352,74.15591746283947,8.278734715554352,25.066418353067498,25.457724331869656,-354.71
15,35,inf,164.20462860368366,164.20462860368366,306.9193651123244,306.9193651123244,-785.44
15,36,inf,167.6875797043882,167.6875797043882,81.96977588351427,81.96977588351427,-802.1
15,38,95.64668614573685,inf,95.64668614573685,704.6715469663785,1179.6863324783865,91.45
15,39,701.2919786306892,inf,701.2919786306892,3530.561255024767,45041.15126913125,148.59000000000003
15,40,16.250780634703492,inf,16.250780634703492,525.8071765632247,838.7004559612602,262.69
15,41,223.90269648905678,inf,223.90269648905678,1327.5230829114296,14999.171739093956,182.02000000000004
15,43,53.45202727559741,164.20462860368366,53.45202727559741,98.05214380047344,723.6678561650023,-785.44
15,44,inf,164.20462860368366,164.20462860368366,212.76316132191397,212.76316132191397,-785.44
16,2,53.24351649908109,inf,53.24351649908109,759.090255893867,991.5735820867322,195.89
16,3,306.597705833148,inf,306.597705833148,3941.8455972809365,15430.77807772868,262.81
16,4,809.1332968714574,inf,809.1332968714574,6424.796137628175,21699.94190436359,244.7
16,5,inf,inf,inf,75.00008680294235,75.00008680294235,201.45
16,7,inf,50.51134898117101,50.51134898117101,378.1052136803936,378.1052136803936,-783.33
16,8,inf,inf,inf,878.4678976348571,878.4678976348571,41.3
16,9,138.24625215507825,21.643667784369356,21.643667784369356,176.80041035731367,176.9404601507891,-335.65
16,460,inf,51.7964921330926,51.7964921330926,688.1345668373626,688.1345668373626,-803.26
16,462,754.0915969676953,inf,754.0915969676953,10285.065334208763,18973.20992584788,273.18
16,464,589.8104160627876,inf,589.8104160627876,8564.781912526609,34762.79901020476,294.07
16,465,642.327673675318,inf,642.327673675318,6501.223888322681,38889.05392236626,225.39
16,466,25.910075245265617,51.7964921330926,25.910075245265617,383.88773630412516,503.106337325456,-803.26
16,467,inf,51.7964921330926,51.7964921330926,386.9187783721066,386.9187783721066,-803.26
16,468,164.9831830563443,51.7964921330926,51.7964921330926,50.029377831713944,183.89946365196835,-803.26
16,469,30.678646094117788,21.643667784369356,21.643667784369356,361.0036149670876,765.3850785537602,-335.65
16,20,458.24780972683885,1.7937193706474084,1.7937193706474084,2638.510986184394,20424.49292032411,-27.817000000000007
16,21,655.738138050209,inf,655.738138050209,9026.05153703216,33510.79597450285,288.6
16,22,315.9512843477536,inf,315.9512843477536,63.777696904759715,27648.36842543297,262.6
16,24,627.96800656255,inf,627.96800656255,3724.288044669226,29436.275940945558,241.55
16,27,22.556334431838536,42.754707247872076,22.556334431838536,107.8790784284446,153.78928192146572,-663.0400000000001
16,28,62.53379950319327,50.721563064224924,50.721563064224924,524.154540674757,553.5056142977294,-786.59
16,29,20.526528108552,1.9425457828217696,1.9425457828217696,14.217853617070435,942.9017183545261,-30.125
16,30,539.478613858234,inf,539.478613858234,8204.998480684932,38882.23871559576,262.89
16,31,656.3764407338667,inf,656.3764407338667,206.10337706667895,36431.10756819544,134.32
16,32,717.729501179278,inf,717.729501179278,9705.494765159667,29058.664652204563,243.16000000000003
16,34,1.347978043565552,20.797652824348727,1.347978043565552,15.053964490320821,25.457084030829197,-322.53000000000003
16,35,inf,50.721563064224924,50.721563064224924,306.9200815490511,306.9200815490511,-786.59
16,36,inf,51.7964921330926,51.7964921330926,81.96979341436015,81.96979341436015,-803.26
16,38,745.6228218761347,inf,745.6228218761347,1153.9206266839542,1170.8387631152727,123.63000000000001
16,39,719.6834457134647,inf,719.6834457134647,10915.559663201684,44976.2161286227,164.3
16,40,19.311676963190724,inf,19.311676963190724,535.5451850205775,732.1086655449766,278.45
16,41,222.90817272299316,inf,222.90817272299316,3608.4877578533906,14932.25909285073,197.51
16,43,112.73535025093453,50.721563064224924,50.721563064224924,603.4188887487128,720.8755849733914,-786.59
16,44,inf,50.721563064224924,50.721563064224924,212.76313146540528,212.76313146540528,-786.59
17,2,57.076225901917425,inf,57.076225901917425,765.0514943218473,958.3247781207066,207.764
17,3,302.86726217976934,inf,302.86726217976934,4183.647996615771,15386.790137902095,279.064
17,4,838.413722845948,inf,838.413722845948,7071.5789543643,21659.79431148083,261.354
17,5,inf,inf,inf,104.4849674311448,104.4849674311448,218.11399999999998
17,7,313260593.2312062,46.99922001559968,46.99922001559968,378.10380086864006,378.10512612729616,-783.336
17,8,inf,inf,inf,898.951517150255,898.951517150255,74.63399999999999
17,9,133.44219185285996,18.13859722805544,18.13859722805544,176.8004027979891,176.94045245684032,-302.31600000000003
17,460,1901094.5716104386,48.194996100078,48.194996100078,418.3275858369249,688.1345136122941,-803.2660000000001
17,462,757.1465447850401,inf,757.1465447850401,10808.863290010422,18946.252093028732,289.754
17,464,590.3162258975237,inf,590.3162258975237,9182.635727570438,34701.863374587745,310.884
17,465,632.5083674743727,inf,632.5083674743727,6872.346426367982,38839.928294189776,242.00400000000002
17,466,26.087031545547852,48.194996100078,26.087031545547852,395.4115491411862,496.70800457906114,-803.2660000000001
17,467,947443.2555576202,48.194996100078,48.194996100078,171.95705247657952,386.9187394610205,-803.2660000000001
17,468,inf,48.194996100078,48.194996100078,183.8995479129476,183.8995479129476,-803.2660000000001
17,469,29.907599322843495,18.13859722805544,18.13859722805544,373.6824043251271,764.6705111361958,-302.31600000000003
17,20,446.66255973034174,0.670606587868243,0.670606587868243,2745.529516078249,20394.352203957766,-11.177000000000007
17,21,661.2485725418218,inf,661.2485725418218,9702.268903838429,33452.78875153028,305.574
17,22,311.007149282968,inf,311.007149282968,63.78585936960011,27575.96733871581,279.074
17,24,639.7469417008646,inf,639.7469417008646,4089.491872369982,29313.736869361408,258.044
17,27,18.158405685331847,39.068578628427424,18.158405685331847,107.87784583762146,153.78921951949548,-651.156
17,28,69.81796593784416,47.19481610367792,47.19481610367792,531.0868433384991,552.0255695709833,-786.596
17,29,19.376431061444762,0.8040439191216172,0.8040439191216172,12.648693444942513,911.9943344850503,-13.400999999999996
17,30,539.5298697952455,inf,539.5298697952455,8781.241708855594,38808.31800838281,279.554
17,31,669.0561043013861,inf,669.0561043013861,172.16201619956388,36359.72256845676,150.684
17,32,723.9179469121727,inf,723.9179469121727,10423.404174229529,29012.67877679337,259.554
17,34,1.7187724157845237,17.351412971740565,1.7187724157845237,20.156496984682608,25.457255233811697,-289.196
17,35,inf,47.19481610367792,47.19481610367792,306.92080770562285,306.92080770562285,-786.596
17,36,inf,48.194996100078,48.194996100078,81.9707435236553,81.9707435236553,-803.2660000000001
17,38,inf,inf,inf,1162.0116258822547,1162.0116258822547,146.234
17,39,719.7220419605061,inf,719.7220419605061,11660.645529799818,44846.34229887554,181.11399999999998
17,40,20.141665538107873,inf,20.141665538107873,534.6229695352996,683.7800773805511,295.334
17,41,221.9087683161779,inf,221.9087683161779,3826.78607263927,14865.346904821079,213.974
17,43,126.10314006244238,47.19481610367792,47.19481610367792,632.7156344040593,717.684777242645,-786.596
17,44,502074.71834042296,47.19481610367792,47.19481610367792,78.43681444231208,212.76309918812854,-786.596
18,2,51.298171231319344,inf,51.298171231319344,743.8320367280863,925.8055625435113,208.93
18,3,302.8671533712628,inf,302.8671533712628,4183.64447465837,15386.790102275641,295.73
18,4,836.8596303512186,inf,836.8596303512186,7058.500780391372,21619.647028362288,278.15
18,5,inf,inf,inf,137.82202091550636,137.82202091550636,245.51
18,7,327596589.78656536,45.99928001439971,45.99928001439971,378.1037136800417,378.10503893900346,-766.67
18,8,inf,inf,inf,920.1675165969831,920.1675165969831,107.97
18,9,133.443832875709,16.13847723045539,16.13847723045539,176.80039858286284,176.9404447776187,-268.98
18,460,1988096.502593785,47.19505609887802,47.19505609887802,418.3274986483266,688.1344606090037,-786.6
18,462,756.0912567503356,inf,756.0912567503356,10794.148277558896,18919.294295212683,306.34
18,464,589.2605234757352,inf,589.2605234757352,9165.775976351311,34640.92624986598,327.84
18,465,631.7084296161182,inf,631.7084296161182,6863.715696680684,38790.802422821296,258.83
18,466,26.087063498045794,47.19505609887802,26.087063498045794,395.4117586177832,496.70798860299396,-786.6
18,467,990802.1219983897,47.19505609887802,47.19505609887802,171.95696528798115,386.9187007120796,-786.6
18,468,inf,48.19463610727785,48.19463610727785,183.8996318228425,183.8996318228425,-803.26
18,469,29.842949420706162,15.138897222055556,15.138897222055556,372.9588703072483,763.1159738880774,-252.32
18,20,446.00407840606465,inf,446.00407840606465,2742.032796499681,20364.211285865083,5.513999999999996
18,21,660.1234063792497,inf,660.1234063792497,9685.511040445577,33394.78136804449,322.32
18,22,310.1965172963872,inf,310.1965172963872,63.79241728117723,27503.567347799657,295.5
18,24,639.7468284614401,inf,639.7468284614401,4089.5024827343937,29313.736948760186,274.71
18,27,186.34769895173127,38.99922001559968,38.99922001559968,107.91488367240636,153.78915737755779,-650.0
18,28,76.50809697938118,47.19505609887802,47.19505609887802,533.8836040108534,550.6228125292893,-786.6
18,29,19.376427592186893,inf,19.376427592186893,12.649052248234915,911.9942490728563,3.2650000000000006
18,30,539.5297217434169,inf,539.5297217434169,8781.24073784421,38808.31801920894,296.21999999999997
18,31,667.7218883099381,inf,667.7218883099381,172.98038666974975,36288.33577919464,167.03
18,32,723.9176116278561,inf,723.9176116278561,10423.40420827576,29012.678807773624,276.21999999999997
18,34,0.7732862965590207,15.351892962140756,0.7732862965590207,3.9933696124043463,25.457017802542897,-255.87
18,35,inf,47.19505609887802,47.19505609887802,306.92186950561,306.92186950561,-786.6
18,36,inf,47.19505609887802,47.19505609887802,81.97071998526931,81.97071998526931,-786.6
18,38,inf,inf,inf,1153.20772946453,1153.20772946453,158.12
18,39,718.7198841135558,inf,718.7198841135558,11644.466620092697,44781.40716396703,198.02999999999997
18,40,20.141657014788777,inf,20.141657014788777,534.6228266919422,683.7801405224544,312.0
18,41,220.9202659399474,inf,220.9202659399474,3810.8013002186617,14798.43517627163,230.29000000000002
18,43,123.6196443803039,47.19505609887802,47.19505609887802,627.3048902555515,714.095184027199,-786.6
18,44,525051.6511135984,47.19505609887802,47.19505609887802,78.4367272537137,212.76306704537134,-786.6
19,2,50.80267740868296,inf,50.80267740868296,732.7554569497732,894.09596660952,208.927
19,3,302.00113014084314,inf,302.00113014084314,4170.594822896839,15342.802830406335,311.977
19,4,835.3055041358955,inf,835.3055041358955,7045.422853081924,21579.4994352098,294.99699999999996
19,5,inf,inf,inf,208.40121131693041,208.40121131693041,295.50699999999995
19,7,344299524.67307574,46.99904001919961,46.99904001919961,378.1036264914433,378.10495175071065,-783.333
19,8,inf,inf,inf,937.572038164232,937.572038164232,141.297
19,9,10.229192805923095,14.138897222055556,10.229192805923095,126.49041100420749,176.93940916084804,-235.653
19,460,2089462.8101236327,48.194816103677915,48.194816103677915,418.32741145972824,688.1344076057202,-803.2629999999999
19,462,754.9847535955946,inf,754.9847535955946,10778.953187962543,18892.336170330258,322.77700000000004
19,464,588.2392947485838,inf,588.2392947485838,9149.531638868313,34579.99062562711,344.577
19,465,630.908488649424,inf,630.908488649424,6855.084680587711,38741.676795194006,275.547
19,466,26.69680586528002,47.194636107277844,26.69680586528002,400.6857852039117,490.4989202392025,-786.593
19,467,1041319.7184675527,47.194636107277844,47.194636107277844,171.95687809938278,386.9186619631546,-786.593
19,468,inf,48.194816103677915,48.194816103677915,183.89971573274045,183.89971573274045,-803.2629999999999
19,469,29.808052212533497,13.138717225655485,13.138717225655485,372.5565303444879,762.2755871140399,-218.983
19,20,445.3455902497137,inf,445.3455902497137,2738.5352336518067,20334.070259405795,22.081000000000003
19,21,658.9784919028303,inf,658.9784919028303,9668.922850802483,33336.77382182583,339.097
19,22,309.3740635703023,inf,309.3740635703023,63.799318500945205,27431.166263498577,312.177
19,24,638.4292037854019,inf,638.4292037854019,4080.9540172564125,29252.46893413496,291.24699999999996
19,27,186.34434714635182,38.929801403971915,38.929801403971915,107.91288317721839,153.78909523564445,-648.843
19,28,85.16520752984401,47.194636107277844,47.194636107277844,536.2785522903908,549.2746421344453,-786.593
19,29,18.72089125669036,inf,18.72089125669036,16.153512697408605,881.104200809016,20.081000000000003
19,30,538.5021962827841,inf,538.5021962827841,8764.621072366439,38734.39364714622,312.87699999999995
19,31,666.4291292944771,inf,666.4291292944771,173.69521565413905,36216.950848083914,183.24699999999999
19,32,722.7695561636622,inf,722.7695561636622,10406.858865715702,28966.692934443745,292.827
19,34,0.7732791883295782,13.351712965740685,0.7732791883295782,3.9933536581723423,25.45678037132994,-222.53300000000002
19,35,inf,47.194636107277844,47.194636107277844,306.92292868159535,306.92292868159535,-786.593
19,36,inf,47.194636107277844,47.194636107277844,81.97073584166212,81.97073584166212,-786.593
19,38,inf,inf,inf,1144.4262428861791,1144.4262428861791,159.277
19,39,717.6594202433937,inf,717.6594202433937,11627.720755148366,44716.472089507835,215.01700000000002
19,40,21.177580238819395,inf,21.177580238819395,532.2885533784856,639.7818002790384,328.697
19,41,219.92062643219674,inf,219.92062643219674,3794.6305250079117,14731.522814075523,246.76700000000002
19,43,120.94661247622807,47.194636107277844,47.194636107277844,621.2774650447443,710.1071532792935,-786.593
19,44,551822.1748750266,47.194636107277844,47.194636107277844,78.43664006511534,212.76303490264507,-786.593
20,2,51.48966789781936,inf,51.48966789781936,723.326703923676,863.2825475666543,208.924
20,3,301.14010528229437,inf,301.14010528229437,4158.210189936203,15298.814631364374,328.344
20,4,833.7513600484269,inf,833.7513600484269,7032.345420734999,21539.351842387594,311.604
20,5,inf,inf,inf,244.38561016680583,244.38561016680583,328.844
20,7,363842481.201811,45.999040019199605,45.999040019199605,378.10353893803915,378.1048641976134,-766.6659999999999
20,8,inf,inf,inf,955.0383125792195,955.0383125792195,174.634
20,9,133.44521644768915,12.138717225655485,12.138717225655485,176.7993606557739,176.93940146748656,-202.316
20,460,2208064.528724524,48.194996100078,48.194996100078,418.32732390632395,688.1343543806727,-803.2660000000001
20,462,753.9294764625892,inf,753.9294764625892,10764.238314720478,18865.378438800348,339.24399999999997
20,464,587.2008586442556,inf,587.2008586442556,9132.979992282533,34519.055007194336,361.284
20,465,630.1085355402237,inf,630.1085355402237,6846.452794967719,38692.55092383164,292.104
20,466,27.44042262822686,47.19481610367792,27.44042262822686,405.4637064540297,484.4279567180077,-786.596
20,467,1100426.8731138355,47.19481610367792,47.19481610367792,171.95679054597858,386.918623052116,-786.596
20,468,inf,47.19481610367792,47.19481610367792,183.89979999372886,183.89979999372886,-786.596
20,469,29.771183116350016,11.138537229255414,11.138537229255414,372.11536237499075,761.39322570958,-185.64600000000002
20,20,444.68709924814397,inf,444.68709924814397,2735.0372152200744,20303.929248922406,38.730999999999995
20,21,656.6884321243114,inf,656.6884321243114,9635.748342356363,33220.759023140716,355.514
20,22,308.5575104731503,inf,308.5575104731503,63.80653153596659,27358.7648150657,328.674
20,24,637.0687078498387,inf,637.0687078498387,4071.2729251205906,29191.199301265726,307.674
20,27,186.3408163532424,38.86038279234415,38.86038279234415,107.91077567818024,153.78903283374757,-647.6859999999999
20,28,96.7399963470327,47.19481610367792,47.19481610367792,538.264395580081,547.9759519033523,-786.596
20,29,17.414171172587796,inf,17.414171172587796,23.216567396746004,819.3830769019098,37.035
20,30,537.4747119097652,inf,537.4747119097652,8748.001729635538,38660.47289527403,329.504
20,31,665.0950027746837,inf,665.0950027746837,174.51196343895958,36145.56449477126,199.634
20,32,721.6182365955992,inf,721.6182365955992,10389.994622891812,28920.7070634657,309.354
20,34,0.773271958587536,11.351532969340612,0.773271958587536,3.9933368512732756,25.45653897698253,-189.196
20,35,inf,47.19481610367792,47.19481610367792,306.92365483806134,306.92365483806134,-786.596
20,36,inf,48.194996100078,48.194996100078,81.9717218335224,81.9717218335224,-803.2660000000001
20,38,4548.490813588364,inf,4548.490813588364,1135.242680799566,1135.6656648955798,159.274
20,39,716.5980581809836,inf,716.5980581809836,11610.638201598413,44651.53695775635,232.084
20,40,23.39482768296168,inf,23.39482768296168,529.954183134,601.0651318885779,345.484
20,41,218.93208134969765,inf,218.93208134969765,3778.6415858085106,14664.610913963961,263.264
20,43,118.10525728517545,47.19481610367792,47.19481610367792,614.669793490498,705.7206515938897,-786.596
20,44,583144.5208774953,47.19481610367792,47.19481610367792,78.43655251171111,212.7630026254615,-786.596
21,2,32.327902797688665,inf,32.327902797688665,635.2904761862081,833.4653042752574,198.195
21,3,328.626565393601,inf,328.626565393601,1490.6639502250418,15254.826825722108,334.06500000000005
21,4,615.1504978076536,inf,615.1504978076536,2004.3334354314325,21499.204511582073,317.475
21,5,inf,inf,inf,280.50272831941953,280.50272831941953,351.44500000000005
21,7,inf,130.83713415352508,130.83713415352508,378.1048331892247,378.1048331892247,-777.395
21,8,inf,inf,inf,972.5638819429972,972.5638819429972,186.51500000000001
21,9,196.77459712112932,30.244711109615096,30.244711109615096,176.7993926888789,176.93939602419783,-179.705
21,460,inf,136.99530437416902,136.99530437416902,688.1343355301367,688.1343355301367,-813.985
21,462,716.6862468738309,inf,716.6862468738309,4676.734159027513,18838.42074039919,345.06500000000005
21,464,572.2957608668411,inf,572.2957608668411,3133.1889621745763,34458.11938703993,367.235
21,465,724.2693842518821,inf,724.2693842518821,2801.3810062562784,38692.55090074968,298.04499999999996
21,466,31.45604346589448,134.1913930356632,31.45604346589448,360.38892634449655,478.4082585366298,-797.325
21,467,inf,136.99530437416902,136.99530437416902,386.91860927112697,386.91860927112697,-813.985
21,468,17.81725312040745,134.1913930356632,17.81725312040745,49.96296230859907,183.899829836163,-797.325
21,469,38.29458637954345,27.44079977110928,27.44079977110928,194.51777435194572,760.46888919791,-163.04500000000002
21,20,569.8171372617605,inf,569.8171372617605,1445.6708377087011,20273.788432623965,44.83800000000001
21,21,599.0582077092625,inf,599.0582077092625,3412.604367468354,33162.7516221158,361.125
21,22,350.0862151123005,inf,350.0862151123005,63.798415232592866,27286.36378902856,334.45500000000004
21,24,524.0361461949708,inf,524.0361461949708,1058.415371070136,29129.92977944917,313.32500000000005
21,27,186.30995792186258,108.81145126815558,108.81145126815558,107.90855929373782,153.78901073308162,-646.525
21,28,71.74403901167193,134.1913930356632,71.74403901167193,510.4189339421693,546.6983745050676,-797.325
21,29,21.010489313513972,inf,21.010489313513972,77.27621715793612,788.556801241613,51.092
21,30,526.6954046232936,inf,526.6954046232936,3185.021540583167,38586.55218200165,335.44500000000005
21,31,554.4953913816345,inf,554.4953913816345,446.25289089193933,36074.177748297036,205.195
21,32,656.8658125989101,inf,656.8658125989101,3522.0615479603957,28828.734936017532,315.46500000000003
21,34,1.140085692623459,28.038271875052594,1.140085692623459,3.9934512873424053,25.456357030534956,-166.595
21,35,inf,134.1913930356632,134.1913930356632,306.9246776124761,306.9246776124761,-797.325
21,36,inf,136.99530437416902,136.99530437416902,81.97175187205346,81.97175187205346,-813.985
21,38,270.8094501859444,inf,270.8094501859444,903.5181375417962,1126.922884096595,159.275
21,39,696.2435799910777,inf,696.2435799910777,4293.785646424162,44586.601818432115,238.295
21,40,29.766146060240104,inf,29.766146060240104,521.9905405852033,543.8533929085885,351.91499999999996
21,41,217.92123270196956,inf,217.92123270196956,1547.8922773195034,14597.698747635473,269.245
21,43,52.81433671131132,134.1913930356632,52.81433671131132,135.4503438102437,700.9354111512465,-797.325
21,44,inf,134.1913930356632,134.1913930356632,212.76299119396643,212.76299119396643,-797.325
22,2,23.4014569447306,36.95189513515774,23.4014569447306,579.8314080490989,804.7549759866055,176.752
22,3,361.85381481968295,68.78138523613406,68.78138523613406,1878.8670508761586,15210.839562770316,329.002
22,4,486.98753906818166,65.3925114460728,65.3925114460728,1156.6583744795655,21459.056822993844,312.79200000000003
22,5,inf,75.95843873476471,75.95843873476471,316.62756993417537,316.62756993417537,363.332
22,7,inf,inf,inf,378.1048583607402,378.1048583607402,-798.8480000000001
22,8,inf,36.99370727322142,36.99370727322142,990.1486698044671,990.1486698044671,176.952
22,9,374.49205636099543,inf,374.49205636099543,176.79948198750384,176.9393928163358,-167.828
22,460,inf,inf,inf,688.1343508323364,688.1343508323364,-835.438
22,462,682.7912375500276,71.10823071937784,71.10823071937784,2645.0298897934167,18811.463071014863,340.132
22,464,558.0819694914968,75.75774047205904,75.75774047205904,2854.901659122858,34397.18376524532,362.372
22,465,849.3564090945165,61.303284343444915,61.303284343444915,2781.6540938798053,38594.29979473427,293.232
22,466,36.63717369194563,inf,36.63717369194563,244.08350948366282,472.5114203952716,-818.768
22,467,inf,inf,inf,386.9186204580473,386.9186204580473,-835.438
22,468,8.90850926056093,inf,8.90850926056093,49.959716217238125,183.89980561112822,-818.768
22,469,53.70344993822487,inf,53.70344993822487,198.01638541407092,759.5024962487612,-151.15800000000002
22,20,793.8152545114202,8.411347814270481,8.411347814270481,888.3388115825041,20243.646750593343,40.233999999999995
22,21,550.5970481587855,74.45320176447223,74.45320176447223,2131.831326239727,33104.74403343189,356.132
22,22,404.868169530228,68.86919072606779,68.86919072606779,63.78802722705112,27213.962455421,329.422
22,24,443.84973589539936,64.42037923609224,64.42037923609224,1070.4401417964677,29007.39072283862,308.142
22,27,inf,inf,inf,153.78902867362197,153.78902867362197,-645.368
22,28,56.742912209540314,inf,56.742912209540314,393.46913570490426,545.4834991226094,-818.768
22,29,25.404817457309782,13.060439445571049,13.060439445571049,155.4383071225925,757.757443284186,62.471999999999994
22,30,516.3004186154059,69.10542930612758,69.10542930612758,2357.081398865681,38512.63141677525,330.552
22,31,475.1652631396432,41.84391528860829,41.84391528860829,640.5818691710028,36002.79098461039,200.152
22,32,603.4277505491559,64.93884974808188,64.93884974808188,2776.7179267336887,28782.749031720785,310.622
22,34,2.1690341433087434,inf,2.1690341433087434,3.993770363871391,25.456230568765964,-154.708
22,35,inf,inf,inf,306.92532292952495,306.92532292952495,-818.768
22,36,inf,inf,inf,81.97179806272361,81.97179806272361,-835.438
22,38,77.7353429665616,33.29751426839211,33.29751426839211,412.84396035567374,1118.1970628579543,159.272
22,39,676.9222254792892,48.87253569711287,48.87253569711287,2963.7448116926403,44521.66673051098,233.772
22,40,57.51109559940869,74.85668889678675,57.51109559940869,527.3341371170376,531.2137056325113,358.062
22,41,216.90477560704224,55.288608282984555,55.288608282984555,774.589295368265,14530.787046050247,264.462
22,43,33.83314162758492,inf,33.83314162758492,176.08668057777038,695.7519887790785,-818.768
22,44,inf,inf,inf,212.76300047365035,212.76300047365035,-818.768
23,2,18.2234113198342,10.397472272375548,10.397472272375548,541.3820558129546,804.7549022006021,161.244
23,3,402.82931497811035,20.208537529017278,20.208537529017278,5620.54275145401,15166.851694803534,313.39399999999995
23,4,403.5151612222714,19.169718854784627,19.169718854784627,3203.807628045763,21459.056754161636,297.284
23,5,inf,23.503611039463504,23.503611039463504,352.6779877177016,352.6779877177016,364.49399999999997
23,7,inf,inf,inf,378.1049393473553,378.1049393473553,-831.016
23,8,inf,10.41036884188806,10.41036884188806,990.1486315080842,990.1486315080842,161.44400000000002
23,9,11.046667362252006,inf,11.046667362252006,118.58983407529801,176.93836389145824,-166.666
23,460,inf,inf,inf,688.1344000655047,688.1344000655047,-850.9459999999999
23,462,652.8023065193008,20.9326799071447,20.9326799071447,8484.705750426156,18811.463061457853,324.62399999999997
23,464,544.5126765580573,22.35259221047201,22.35259221047201,8327.494549435625,34336.248141892094,346.64399999999995
23,465,1030.3883770514149,17.908434356461182,17.908434356461182,10367.205544564931,38594.29985501869,277.724
23,466,43.34475515077919,inf,43.34475515077919,81.68779358818757,466.7839749056355,-850.9459999999999
23,467,inf,inf,inf,386.9186564507565,386.9186564507565,-850.9459999999999
23,468,5.938977976516256,inf,5.938977976516256,49.95862843774067,183.8997276697136,-850.9459999999999
23,469,89.97680312931291,inf,89.97680312931291,646.9788657335718,758.29317258927,-150.0
23,20,1310.7980039675926,1.6032370389476396,1.6032370389476396,5990.355135197039,20213.505947902944,24.862999999999992
23,21,509.25476789500897,21.958602011864844,21.958602011864844,6724.501969200401,33046.73821784068,340.534
23,22,480.45088677786106,20.21756512767604,20.21756512767604,63.77413538722201,27141.563002715684,313.534
23,24,386.14510044771566,18.869873613618775,18.869873613618775,2632.463875877258,29007.39064909082,292.63399999999996
23,27,inf,inf,inf,153.78908639537423,153.78908639537423,-660.876
23,28,46.66477610250646,inf,46.66477610250646,7.078963883846817,544.320416217613,-850.9459999999999
23,29,39.32691147274873,3.028372452927521,3.028372452927521,294.58994442146945,757.7575230185644,46.96399999999999
23,30,506.2697018742605,20.322027340727367,20.322027340727367,7553.062089471988,38438.71064494121,315.154
23,31,415.49483547676846,11.899922620582926,11.899922620582926,786.101851279295,35931.40602967907,184.544
23,32,558.7885633359892,19.029791075573897,19.029791075573897,7873.195429123298,28782.749002947483,295.114
23,34,22.25276939676304,inf,22.25276939676304,3.9999752319728055,25.45615923136481,-153.55
23,35,inf,inf,inf,306.92592938404704,306.92592938404704,-850.9459999999999
23,36,inf,inf,inf,81.97279016065806,81.97279016065806,-867.616
23,38,35.29662526348589,10.270441062677328,10.270441062677328,333.93662001069544,1109.4961188470336,159.274
23,39,658.5910955525995,14.083311839050815,14.083311839050815,9626.389175441798,44456.7316351509,218.40400000000002
23,40,43.98756663865208,22.08885736394119,22.08885736394119,526.0935525685172,531.2136841891725,342.554
23,41,215.88270299999317,16.05971111684292,16.05971111684292,3018.2285741510163,14463.875080970183,249.054
23,43,24.780456643129888,inf,24.780456643129888,298.99478715637815,690.1702059815136,-850.9459999999999
23,44,inf,inf,inf,212.76303033004217,212.76303033004217,-850.9459999999999
24,2,17.85377697600008,7.674266514669706,7.674266514669706,542.4903434010738,777.2741894675246,127.90700000000001
24,3,406.7861162664208,17.804463910721786,17.804463910721786,6003.987077164714,15122.863718738312,296.747
24,4,395.43950795905783,16.836083278334435,16.836083278334435,3373.948774326574,21418.909012574386,280.607
24,5,inf,21.868782624347514,21.868782624347514,388.7481171963817,388.7481171963817,364.487
24,7,inf,inf,inf,378.1050269004526,378.1050269004526,-864.353
24,8,inf,7.755864882702345,7.755864882702345,1007.7889758304761,1007.7889758304761,129.267
24,9,inf,inf,inf,176.93836316570102,176.93836316570102,-166.667
24,460,inf,inf,inf,688.1344532905582,688.1344532905582,-900.943
24,462,647.8268689935462,18.466250674986497,18.466250674986497,8945.694916022088,18757.548921202968,307.777
24,464,542.2258937411182,19.798224035519286,19.798224035519286,8859.070511640375,34275.3125235525,329.977
24,465,1053.3232480898228,15.660706785864281,15.660706785864281,11298.012661752,38545.174114421214,261.017
24,466,46.1590311147624,inf,46.1590311147624,98.66684768254586,461.3053505781984,-884.283
24,467,inf,inf,inf,386.9186953618087,386.9186953618087,-884.283
24,468,5.732591733530885,inf,5.732591733530885,49.95842828167209,183.89964340872777,-884.283
24,469,97.65734787032353,inf,97.65734787032353,678.1264298467412,757.0845997694695,-150.0
24,20,1406.1238190379668,0.5091498170036601,0.5091498170036601,6850.082197618037,20153.224790011653,8.486000000000004
24,21,504.32809155676955,19.43643127137457,19.43643127137457,7150.628980543405,32988.72897376645,323.947
24,22,489.2001051796741,17.788864222715546,17.788864222715546,63.7841544441041,27069.16173362409,296.487
24,24,380.00217501587804,16.547489050218996,16.547489050218996,2770.7601533280967,28946.122534728223,275.797
24,27,inf,inf,inf,153.78914879729214,153.78914879729214,-654.933
24,28,48.57724530785074,inf,48.57724530785074,25.208348080610936,543.2388580948973,-884.283
24,29,39.71009183706942,2.8173636527269457,2.8173636527269457,305.9109054838365,726.9878174411552,46.95700000000001
24,30,504.3400491300432,17.90286194276114,17.90286194276114,8068.835969998645,38364.78629810234,298.387
24,31,409.1877176511313,10.071218575628487,10.071218575628487,799.1798422197668,35860.019274760256,167.857
24,32,553.4743216148262,16.69628607427851,16.69628607427851,8333.037917138003,28736.76307875565,278.277
24,34,inf,inf,inf,25.456094379186332,25.456094379186332,-153.55
24,35,inf,inf,inf,306.9268697990272,306.9268697990272,-884.283
24,36,inf,inf,inf,81.97285319312019,81.97285319312019,-900.943
24,38,32.96110869438335,9.556428871422572,9.556428871422572,333.33638880770235,1100.813543669803,159.27700000000002
24,39,655.8105699721445,12.104577908441831,12.104577908441831,10280.794590033682,44391.79648139601,201.747
24,40,inf,20.55240895182096,20.55240895182096,531.7346603038733,531.7346603038733,342.547
24,41,214.877482886624,13.953740925181496,13.953740925181496,3234.6166809125866,14396.963218636321,232.567
24,43,23.80414930184838,inf,23.80414930184838,304.60351050000895,684.1905432424022,-884.283
24,44,inf,inf,inf,212.76306260725252,212.76306260725252,-884.283
25,2,18.032695149398027,5.674086518269633,5.674086518269633,547.0904969811842,751.1580056474545,94.57
25,3,405.61154227769407,16.805663886722265,16.805663886722265,5987.225716144034,15078.876263297012,280.1
25,4,394.6981237765741,15.838483230335394,15.838483230335394,3367.5940055927344,21378.761079096577,263.98
25,5,inf,21.868962620747585,21.868962620747585,424.83041967538213,424.83041967538213,364.49
25,7,inf,inf,inf,378.1051140887453,378.1051140887453,-897.69
25,8,inf,5.755684886302274,5.755684886302274,1025.482157569012,1025.482157569012,95.93
25,9,inf,inf,inf,176.93836242543063,176.93836242543063,-166.667
25,460,inf,inf,inf,688.1345062938476,688.1345062938476,-934.28
25,462,646.8423806213366,17.449451010979782,17.449451010979782,8931.620456785615,18730.59135233354,290.83000000000004
25,464,541.2785907447723,18.787424251514967,18.787424251514967,8844.010637102974,34214.37871906204,313.13
25,465,1052.0482321794138,14.64690706185876,14.64690706185876,11284.109834162087,38496.050434316676,244.11999999999998
25,466,49.05626212431408,inf,49.05626212431408,66.53668444193222,456.16263891885,-917.61
25,467,inf,inf,inf,386.9187341107474,386.9187341107474,-917.61
25,468,5.732588016160321,inf,5.732588016160321,49.958284987008234,183.8995594988325,-917.61
25,469,98.74717327129572,inf,98.74717327129572,685.5303161008578,755.784563891486,-150.001
25,20,1404.0109432018764,inf,1404.0109432018764,6839.155632291364,20123.084043208062,-8.194999999999993
25,21,503.4580276603864,18.438831223375534,18.438831223375534,7137.6968062966735,32930.7216899852,307.32000000000005
25,22,487.87678586848034,16.760664786704265,16.760664786704265,63.79770937116208,26996.760830052583,279.35
25,24,379.19087652222095,15.542689146217072,15.542689146217072,2765.6804146466925,28884.85313468575,259.04999999999995
25,27,inf,inf,inf,153.78921093922648,153.78921093922648,-671.6
25,28,52.2638163828662,inf,52.2638163828662,5.745805551029214,542.2374701760234,-917.61
25,29,36.611515682633105,3.8177236455270886,3.8177236455270886,289.05999575641715,665.5550750592254,63.629999999999995
25,30,503.3677992543945,16.897462050758982,16.897462050758982,8053.1752357428195,38290.86552615289,281.63
25,31,408.37343201361534,9.066418671626568,9.066418671626568,798.7114562939087,35788.632918553616,151.11
25,32,552.5892121897466,15.679486410271796,15.679486410271796,8320.007468437832,28690.777027368924,261.33000000000004
25,34,inf,inf,inf,25.456029166722153,25.456029166722153,-153.551
25,35,inf,inf,inf,306.92747456975724,306.92747456975724,-917.61
25,36,inf,inf,inf,81.97384696526525,81.97384696526525,-934.28
25,38,32.99031005887668,9.556008879822404,9.556008879822404,353.58055353555204,1092.1726474096047,159.27
25,39,654.8172685090805,11.11657766844663,11.11657766844663,10264.876579553447,44326.85772911652,185.28
25,40,inf,20.552588948221032,20.552588948221032,545.3537501946482,545.3537501946482,342.54999999999995
25,41,213.87468966172707,12.960340793184136,12.960340793184136,3218.3912627885666,14330.051825297198,216.01000000000002
25,43,23.142010241479895,inf,23.142010241479895,298.197326072642,671.0374016739805,-934.28
25,44,inf,inf,inf,212.76309475000542,212.76309475000542,-917.61
26,2,18.330717601969763,3.67432651346973,3.67432651346973,551.8317643999858,726.46538231472,61.239999999999995
26,3,404.4369500273631,15.802483950320992,15.802483950320992,5970.463997584012,15034.888364798046,263.38
26,4,393.9567468232739,14.84130317393652,14.84130317393652,3361.239211164084,21338.61364791642,247.36
26,5,inf,21.868962620747585,21.868962620747585,460.9231264510736,460.9231264510736,364.49
26,7,inf,inf,inf,378.10520127703813,378.10520127703813,-931.02
26,8,inf,3.75592488150237,3.75592488150237,1043.2220611413077,1043.2220611413077,62.60000000000001
26,9,11.078423585820529,inf,11.078423585820529,123.72502461335372,176.9373301021387,-166.671
26,460,inf,inf,inf,688.134559297144,688.134559297144,-967.62
26,462,645.8953776889902,16.431271374572507,16.431271374572507,8918.033511800506,18703.633819719387,273.86
26,464,539.33996072517,17.751844963100737,17.751844963100737,8813.21554547798,34092.50752377141,295.87
26,465,1050.636100076331,13.64132717345653,13.64132717345653,11269.100446287859,38446.9246657854,227.36
26,466,52.39142803638216,inf,52.39142803638216,25.5705081065972,451.2673548366286,-950.9499999999999
26,467,inf,inf,inf,386.9187728597018,386.9187728597018,-950.9499999999999
26,468,5.732584263559192,inf,5.732584263559192,49.958137839021504,183.89947558894025,-950.9499999999999
26,469,100.58795167859952,inf,100.58795167859952,692.5572603597066,754.4887738917116,-150.004
26,20,1401.8923886052676,inf,1401.8923886052676,6828.390536669052,20092.943437949496,-24.805000000000007
26,21,502.5705184129447,17.45185096298074,17.45185096298074,7124.886412664895,32872.71391915923,290.87
26,22,486.5832492205896,15.731085378292432,15.731085378292432,63.81153888205677,26924.361021984307,262.19
26,24,378.387239944987,14.543109137817241,14.543109137817241,2760.3945451892555,28823.583414630157,242.39
26,27,inf,inf,inf,153.78927308118512,153.78927308118512,-688.27
26,28,56.7314685805134,inf,56.7314685805134,14.500915328443725,541.3426371651441,-950.9499999999999
26,29,35.07161217495671,3.8171236575268486,3.8171236575268486,280.5696045431461,634.9024450827754,63.61999999999999
26,30,502.39554488847386,15.904481910361794,15.904481910361794,8037.514058639236,38216.94479983851,265.08000000000004
26,31,407.5591429845748,8.062638747225055,8.062638747225055,798.2429384970982,35717.24623961069,134.38
26,32,550.8211952889368,14.660706785864283,14.660706785864283,8293.751334773979,28598.806503887463,244.35000000000002
26,34,inf,inf,inf,25.455963954262195,25.455963954262195,-153.554
26,35,inf,inf,inf,306.9287485129492,306.9287485129492,-950.9499999999999
26,36,inf,inf,inf,81.97390989975418,81.97390989975418,-967.62
26,38,32.309939807562934,9.556008879822405,9.556008879822405,319.49423263412586,1083.518198372787,159.27000000000004
26,39,653.889523026305,10.124797504049917,10.124797504049917,10250.186977069981,44261.92263751795,168.75
26,40,inf,20.908981820363593,20.908981820363593,607.3479279538038,607.3479279538038,348.49
26,41,212.86653371884046,11.975760484790305,11.975760484790305,3202.0888886865587,14263.140172807649,199.60000000000002
26,43,22.35234610338469,inf,22.35234610338469,308.0068638347904,662.3977277566705,-967.62
26,44,inf,inf,inf,212.7631268927892,212.7631268927892,-950.9499999999999
27,2,19.014009356798226,1.6745665086698271,1.6745665086698271,555.9018584519716,703.7872232034351,27.91000000000001
27,3,403.2623553819385,14.797504049919,14.797504049919,5953.702281566698,14990.90050581464,246.63
27,4,392.47408832753456,13.843523129537406,13.843523129537406,3348.5395322083523,21258.318239301,230.72999999999996
27,5,inf,21.868962620747585,21.868962620747585,497.02318855428905,497.02318855428905,364.49
27,7,inf,inf,inf,378.10528883013546,378.10528883013546,-964.3499999999999
27,8,inf,1.7561648767024656,1.7561648767024656,1061.0069575901678,1061.0069575901678,29.269999999999996
27,9,inf,inf,inf,176.93732937638296,176.93732937638296,-166.664
27,460,inf,inf,inf,688.1346125222186,688.1346125222186,-1000.9399999999999
27,462,644.9861384232744,15.428691426171474,15.428691426171474,8904.8633547291,18676.676323474367,257.15
27,464,538.3927811555669,16.733665326693462,16.733665326693462,8798.075803087064,34031.5737856034,278.9
27,465,1049.292483401713,12.629747405051898,12.629747405051898,11254.64479403933,38397.79892561233,210.5
27,466,57.02575710662656,inf,57.02575710662656,17.729980071122593,446.756642065717,-984.28
27,467,inf,inf,inf,386.9188117708016,386.9188117708016,-984.28
27,468,5.732580468932635,inf,5.732580468932635,49.95798719617122,183.89939132796363,-984.28
27,469,103.09706076276511,inf,103.09706076276511,698.9951485554159,753.1414556506703,-149.99699999999999
27,20,1399.7738173412706,inf,1399.7738173412706,6817.626268285943,20062.802725242596,-41.438
27,21,501.6830199895743,16.466070678586426,16.466070678586426,7112.076132977666,32814.70663907417,274.44
27,22,485.27480484630905,14.71590568188636,14.71590568188636,63.825619267013074,26851.959756159114,245.26999999999998
27,24,376.7724082431431,13.557928841423168,13.557928841423168,2750.036746420061,28701.04294309506,225.96999999999997
27,27,inf,inf,inf,153.7893354831764,153.7893354831764,-704.93
27,28,62.16876732408931,inf,62.16876732408931,36.36942407220368,540.5647490498984,-984.28
27,29,33.53799244578081,3.8177236455270895,3.8177236455270895,272.1366864762204,604.3007669297224,63.63000000000001
27,30,501.4232873581864,14.914501709965798,14.914501709965798,8021.853139094337,38143.024028504755,248.57999999999998
27,31,406.744854582379,7.052858942821143,7.052858942821143,797.7741254069566,35645.85959289912,117.55
27,32,549.936705455433,13.650326993460128,13.650326993460128,8280.652685653067,28552.8201182716,227.51
27,34,inf,inf,inf,25.455899102096257,25.455899102096257,-153.547
27,35,inf,inf,inf,306.9293530303758,306.9293530303758,-984.28
27,36,inf,inf,inf,81.97490728289864,81.97490728289864,-1000.9399999999999
27,38,32.33597056367258,9.556608867822641,9.556608867822641,339.9922312876274,1074.9086907167678,159.27999999999997
27,39,652.9290188861311,9.131217375652486,9.131217375652486,10234.883828039852,44196.987488540544,152.19
27,40,inf,19.622607547849043,19.622607547849043,652.2696080861922,652.2696080861922,327.05
27,41,211.86375895151747,10.98878022439551,10.98878022439551,3185.863621959788,14196.227897856785,183.14999999999998
27,43,22.1182966302243,inf,22.1182966302243,320.14699501967476,653.5438832890628,-1000.9399999999999
27,44,inf,inf,inf,212.76315917009262,212.76315917009262,-984.28
28,2,19.9450808799585,inf,19.9450808799585,560.0133208380033,683.1945047574111,-5.430000000000007
28,3,402.087774345687,13.78112437751245,13.78112437751245,5936.940927009206,14946.913168514038,229.69000000000003
28,4,392.473976580567,12.843343133137335,12.843343133137335,3348.5293479721086,21258.318165197627,214.05999999999997
28,5,inf,20.868782624347514,20.868782624347514,497.023264298843,497.023264298843,347.82000000000005
28,7,inf,inf,inf,378.1053760184282,378.1053760184282,-997.69
28,8,inf,inf,inf,1078.8378897011273,1078.8378897011273,-4.069999999999993
28,9,inf,inf,inf,176.93732863611405,176.93732863611405,-166.667
28,460,inf,inf,inf,688.134665525529,688.134665525529,-1017.61
28,462,644.0386186270738,14.420711585768283,14.420711585768283,8891.344118681192,18649.718859528104,240.35
28,464,537.4165071672403,15.728085438291233,15.728085438291233,8782.518777475141,33970.63819721726,262.14
28,465,1047.9488615239293,11.630167396652066,11.630167396652066,11240.189200948063,38348.67342891692,193.84
28,466,63.35059772126884,inf,63.35059772126884,66.13084156562556,442.7135720661185,-1017.61
28,467,inf,inf,inf,386.91885051978755,386.91885051978755,-1017.61
28,468,5.732576656521783,inf,5.732576656521783,49.95783350653814,183.8993074180775,-1017.61
28,469,103.09674695456864,inf,103.09674695456864,698.9949769440523,753.1415022275244,-166.667
28,20,1397.4893605479956,inf,1397.4893605479956,6805.845877200713,20032.662371999024,-57.900000000000006
28,21,501.68321851886964,15.465890682186354,15.465890682186354,7112.084895075431,32814.706600305006,257.77
28,22,483.96638688860804,13.69232615347693,13.69232615347693,63.83990312525792,26779.559950294857,228.21
28,24,376.77234806743013,12.557748845023097,12.557748845023097,2750.0265524324464,28701.042863703617,209.29999999999998
28,27,inf,inf,inf,153.7893976251838,153.7893976251838,-721.6
28,28,69.03106535744968,inf,69.03106535744968,57.95895781443638,539.957917280772,-1017.61
28,29,33.53799023033785,2.8175436491270176,2.8175436491270176,272.13737304044855,604.3008533050387,46.96000000000001
28,30,500.4509779437351,13.914321713565727,13.914321713565727,8006.190941771985,38069.09963773596,231.91
28,31,405.116291975443,6.052678946421071,6.052678946421071,796.8478399019596,35503.086859499155,100.88
28,32,549.9364187381744,12.650146997060057,12.650146997060057,8280.643845524794,28552.820087298584,210.84
28,34,inf,inf,inf,25.4558338896447,25.4558338896447,-153.551
28,35,inf,inf,inf,306.9302885418164,306.9302885418164,-1017.61
28,36,inf,inf,inf,81.9749308218962,81.9749308218962,-1017.61
28,38,32.12229081671772,9.556008879822404,9.556008879822404,341.47066319184154,1066.3268097786197,159.27
28,39,652.9287434393283,8.131037379252415,8.131037379252415,10234.877010544018,44196.98747445822,135.52
28,40,inf,18.62242755144897,18.62242755144897,652.2696345405836,652.2696345405836,310.38
28,41,210.86100489207834,10.00119997600048,10.00119997600048,3169.6386164301944,14129.316825993878,166.69000000000003
28,43,21.915010156834953,inf,21.915010156834953,332.75765846682594,644.4586786813296,-1034.28
28,44,inf,inf,inf,212.76319131293826,212.76319131293826,-1017.61
29,2,21.212646318337118,inf,21.212646318337118,564.1153841632299,664.7765609811984,-38.75999999999999
29,3,400.9131773984241,12.776744465110696,12.776744465110696,5920.179213894149,14902.92538917044,212.95
29,4,391.7325941996464,11.839563208735827,11.839563208735827,3342.1740513616937,21218.17073408083,197.33000000000004
29,5,inf,20.86878262434751,20.86878262434751,533.130334516696,533.130334516696,347.82
29,7,inf,inf,inf,378.105463206721,378.105463206721,-1031.02
29,8,inf,inf,inf,1096.7111854214168,1096.7111854214168,-37.39999999999999
29,9,11.078298057000202,inf,11.078298057000202,123.72396464694691,176.93629995798997,-166.67059999999998
29,460,inf,inf,inf,688.1347185288464,688.1347185288464,-1067.62
29,462,643.0920051963429,13.406131877362451,13.406131877362451,8877.687901743237,18622.762174059273,223.44
29,464,536.4546761148723,14.722505549889,14.722505549889,8767.209544374135,33909.7026149089,245.38
29,465,1046.605226923178,10.619187616247675,10.619187616247675,11225.734011851777,38299.547688757695,176.99
29,466,72.05153915296167,inf,72.05153915296167,123.6816867790505,439.18394291205044,-1050.9499999999998
29,467,inf,inf,inf,386.91888926878937,386.91888926878937,-1050.9499999999998
29,468,5.73257281928596,inf,5.73257281928596,49.95767710169598,183.8992235081944,-1050.9499999999998
29,469,106.57361663104102,inf,106.57361663104102,705.0768647367246,751.8477775655684,-166.67059999999998
29,20,1395.5366629061682,inf,1395.5366629061682,6796.09901539483,20002.521817735913,-74.59399999999998
29,21,500.7957210110077,14.472910541789165,14.472910541789165,7099.274665879115,32756.698995571376,241.22000000000003
29,22,482.643227424353,12.66454670906582,12.66454670906582,63.854360307421075,26707.159051131624,211.08000000000004
29,24,375.9763154303174,11.558768824623508,11.558768824623508,2744.5357987735783,28639.773512842177,192.65000000000003
29,27,inf,inf,inf,153.78945976721548,153.78945976721548,-738.27
29,28,77.78491142539454,inf,77.78491142539454,80.78603507301833,539.5394101896836,-1050.9499999999998
29,29,32.01255573112018,2.8175436491270176,2.8175436491270176,263.71138259325977,573.7582508883846,46.96000000000001
29,30,498.5066434464626,12.897342053158937,12.897342053158937,7974.873054294317,37921.258152973394,214.96000000000004
29,31,404.30200588480346,5.03929921401572,5.03929921401572,796.3787043850685,35431.70032332269,83.99000000000001
29,32,549.0525615026527,11.646367072658547,11.646367072658547,8267.477654118737,28506.834174743613,194.11
29,34,inf,inf,inf,25.455768677197362,25.455768677197362,-153.5538
29,35,inf,inf,inf,306.9308933127193,306.9308933127193,-1050.9499999999998
29,36,inf,inf,inf,81.97499375712778,81.97499375712778,-1050.9499999999998
29,38,39.90876491639892,8.912821743565129,8.912821743565129,280.365689640788,1057.772058166323,148.55
29,39,651.0245958755152,7.113457730845383,7.113457730845383,10204.48708076706,44067.120913529965,118.56
29,40,inf,16.691666166676665,16.691666166676665,704.0869358229603,704.0869358229603,278.2
29,41,209.86353557689435,9.000419991600166,9.000419991600166,3153.489357253887,14062.405499548107,150.01
29,43,22.019449834343273,inf,22.019449834343273,346.5551762811885,635.8339285514492,-1067.62
29,44,inf,inf,inf,212.76322345581477,212.76322345581477,-1050.9499999999998
30,2,22.932048719525387,inf,22.932048719525387,568.2235318908275,648.6069105021289,-72.09000000000002
30,3,399.73858075785813,11.762764744705105,11.762764744705105,5903.417501780324,14858.937650248292,196.05
30,4,390.99120554588177,10.838783224335511,10.838783224335511,3335.8187925583,21178.022992929178,180.64999999999998
30,5,inf,20.86938261234775,20.86938261234775,569.2416912864431,569.2416912864431,347.83
30,7,inf,inf,inf,378.1055503950138,378.1055503950138,-1064.35
30,8,inf,inf,inf,1114.6230937405398,1114.6230937405398,-70.73000000000002
30,9,inf,inf,inf,176.93629921772066,176.93629921772066,-166.6639
30,460,inf,inf,inf,688.1347715321706,688.1347715321706,-1100.94
30,462,642.0697158761496,12.384352312953737,12.384352312953737,8863.2695178737,18595.804788044596,206.40999999999997
30,464,535.4928477851116,13.730125397492047,13.730125397492047,8751.900368678276,33848.767038711085,228.83999999999997
30,465,1045.2615904294705,9.599808003839922,9.599808003839922,11211.278796919825,38250.42219234981,160.0
30,466,85.05138844552467,inf,85.05138844552467,188.0132631413087,436.270503701398,-1084.28
30,467,inf,inf,inf,386.91892801780693,386.91892801780693,-1084.28
30,468,5.732568962386969,inf,5.732568962386969,49.95751854621866,183.89913959831438,-1084.28
30,469,116.71363778121984,inf,116.71363778121984,715.7042379302013,749.331589286647,-149.997
30,20,1393.4124474736004,inf,1393.4124474736004,6785.495609813086,19972.38115588213,-91.43500000000002
30,21,499.90822979570436,13.46673066538669,13.46673066538669,7086.465039686893,32698.69155733083,224.45
30,22,481.349504974708,11.643967120657585,11.643967120657585,63.86893091452924,26634.757788288163,194.07
30,24,375.18026762340946,10.550188996220074,10.550188996220074,2739.046146458105,28578.50547261142,175.83999999999997
30,27,inf,inf,inf,153.78952190927149,153.78952190927149,-754.9300000000001
30,28,89.27256099200503,inf,89.27256099200503,105.44784691723208,539.327067431834,-1084.28
30,29,29.432203434455445,3.8177236455270886,3.8177236455270886,247.4069131984431,513.1875327604084,63.629999999999995
30,30,497.53437882176473,11.87856242875142,11.87856242875142,7959.211961851323,37847.337383030805,197.97999999999996
30,31,403.48772059764383,4.040919181616367,4.040919181616367,795.9094900041031,35360.31382616731,67.35
30,32,548.1680662288159,10.645587088258234,10.645587088258234,8254.378661489258,28460.848264523123,177.43
30,34,inf,inf,inf,25.45570346475424,25.45570346475424,-153.54700000000003
30,35,inf,inf,inf,306.9318339830096,306.9318339830096,-1084.28
30,36,inf,inf,inf,81.97505669297392,81.97505669297392,-1084.28
30,38,40.35262559607967,7.625847483050336,7.625847483050336,277.4277314616449,1049.2470558662392,127.09999999999997
30,39,650.0475357650005,6.104877902441951,6.104877902441951,10188.974148984162,44002.18582837597,101.75
30,40,inf,14.691906161876762,14.691906161876762,761.2607376016493,761.2607376016493,244.87
30,41,208.86076423847226,8.006239875202494,8.006239875202494,3137.2640084603627,13995.49464971206,133.44
30,43,22.328450967743297,inf,22.328450967743297,360.58201159687917,628.0392442071325,-1100.94
30,44,inf,inf,inf,212.76325559872217,212.76325559872217,-1084.28
31,2,25.271990674853157,inf,25.271990674853157,572.3594040485829,634.7323959328537,-105.425
31,3,398.5640075091897,10.743985120297594,10.743985120297594,5886.6561460191215,14814.95076726641,179.07000000000002
31,4,390.2498160502406,9.844003119937602,9.844003119937602,3329.463456413047,21137.875251488695,164.07000000000002
31,5,inf,21.868962620747585,21.868962620747585,641.4769901083258,641.4769901083258,364.49
31,7,inf,inf,inf,378.10563794811117,378.10563794811117,-1097.69
31,8,inf,inf,inf,1132.570429774591,1132.570429774591,-104.068
31,9,inf,inf,inf,176.93629849196833,176.93629849196833,-166.667
31,460,inf,inf,inf,688.1348247572732,688.1348247572732,-1134.28
31,462,641.1602840866456,11.366772664546708,11.366772664546708,8850.097154043986,18568.84743471672,189.45000000000002
31,464,534.5164736877587,12.740745185096296,12.740745185096296,8736.422802131005,33787.82997388608,212.35
31,465,1043.9859960977394,8.591228175436491,8.591228175436491,11197.373109199434,38201.29851337496,143.19000000000003
31,466,106.1621604655269,inf,106.1621604655269,255.61467958738285,434.08653361004104,-1117.61
31,467,inf,inf,inf,386.91896692897006,386.91896692897006,-1117.61
31,468,5.732565079193791,inf,5.732565079193791,49.957358216487926,183.89905533735003,-1117.61
31,469,123.93819835781933,inf,123.93819835781933,720.2747892174289,748.1215195937627,-150.001
31,20,1391.2938456725726,inf,1391.2938456725726,6774.732498765059,19942.240511589178,-108.30499999999999
31,21,499.02073602255786,12.468350632987338,12.468350632987338,7073.654968938381,32640.683956357774,207.80999999999997
31,22,480.0557366189523,10.633587328253434,10.633587328253434,63.8835846851488,26562.35835096726,177.23
31,24,374.36905945636056,9.534409311813762,9.534409311813762,2733.9630339168993,28517.235814310836,158.91
31,27,inf,inf,inf,153.78958431136058,153.78958431136058,-771.6
31,28,104.97381334180793,inf,104.97381334180793,133.68730565981122,539.3414134266945,-1117.61
31,29,28.361798247166238,3.8177236455270886,3.8177236455270886,242.55453835286906,483.46479031923485,63.629999999999995
31,30,496.57318168265357,10.86698266034679,10.86698266034679,7943.739303153794,37773.416658696166,181.11999999999998
31,31,402.67344022351875,3.0431391372172554,3.0431391372172554,795.4401430338602,35288.927728527015,50.72
31,32,546.3993694282964,9.654406911861761,9.654406911861761,8228.189726177336,28368.876481971492,160.91
31,34,inf,inf,inf,25.455638612605032,25.455638612605032,-153.55
31,35,inf,inf,inf,306.93243850056166,306.93243850056166,-1117.61
31,36,inf,inf,inf,81.97608897509647,81.97608897509647,-1134.28
31,38,32.339635543179824,5.695086098278034,5.695086098278034,342.3241278501808,1040.750587201937,94.91999999999999
31,39,649.0710459517715,5.086698266034679,5.086698266034679,10173.270470380889,43937.25074479348,84.78
31,40,inf,11.691966160676785,11.691966160676785,885.2952683526446,885.2952683526446,194.86999999999998
31,41,207.85799115995417,7.013259734805304,7.013259734805304,3121.03858031533,13928.583548484472,116.89000000000001
31,43,22.60138699058362,inf,22.60138699058362,373.63065830408885,620.7831603844129,-1134.28
31,44,inf,inf,inf,212.76328787614975,212.76328787614975,-1117.61
32,2,inf,inf,inf,623.1903877330135,623.1903877330135,-138.762
32,3,250.5971954068687,9.737205255894882,9.737205255894882,2048.2748892734007,14770.96139226036,162.29000000000002
32,4,428.0745997678924,8.84382312353753,8.84382312353753,5758.488328906556,21097.72635765016,147.40000000000003
32,5,inf,21.868962620747585,21.868962620747585,677.5981447908506,677.5981447908506,364.49
32,7,inf,inf,inf,378.10573152850986,378.10573152850986,-1131.02
32,8,inf,inf,inf,1150.549312530988,1150.549312530988,-137.404
32,9,10.237987297380734,inf,10.237987297380734,117.67691091382395,176.93388829453423,-166.671
32,460,inf,inf,inf,688.1367923906045,688.1367923906045,-1167.62
32,462,425.3111969227958,10.356992860142796,10.356992860142796,945.9048743823337,18541.887728568956,172.62
32,464,756.7218856699135,11.741765164696703,11.741765164696703,2418.8600512174175,33726.89680006743,195.7
32,465,639.3146678500159,7.58084838303234,7.58084838303234,8053.265693703789,38152.171163391475,126.35000000000002
32,466,inf,inf,inf,432.79762304823817,432.79762304823817,-1150.9499999999998
32,467,inf,inf,inf,386.92116581688026,386.92116581688026,-1167.62
32,468,8.698625027523907,inf,8.698625027523907,86.92405203488799,183.89831638498154,-1150.9499999999998
32,469,26.404226467278562,inf,26.404226467278562,395.7983213372219,746.9290207343051,-150.004
32,20,566.8299164972004,inf,566.8299164972004,7965.522969069632,19912.09905951191,-125.17699999999999
32,21,750.3487092244649,11.448971020579586,11.448971020579586,5570.10864606723,32524.671123799268,190.82
32,22,371.21234030745785,9.614807703845923,9.614807703845923,6080.08273852013,26489.95709622003,160.25
32,24,414.9426382661442,8.493430131397371,8.493430131397371,5873.928682173215,28394.69724916482,141.56
32,27,13.662888404683132,inf,13.662888404683132,113.41827365978111,153.78795504294445,-788.27
32,28,inf,inf,inf,539.6079939373396,539.6079939373396,-1150.9499999999998
32,29,13.414570661166229,3.8171236575268495,3.8171236575268495,273.27124458803405,454.1455251967453,63.620000000000005
32,30,416.10356248420317,9.86920261594768,9.86920261594768,686.0790835951028,37699.49354205973,164.49
32,31,486.1855869449118,2.0459590808183847,2.0459590808183847,7356.5048339603745,35217.541183837944,34.10000000000002
32,32,458.42964722017075,8.667426651466972,8.667426651466972,2375.3937143358353,28322.887983681852,144.46000000000004
32,34,1.3774536803478217,inf,1.3774536803478217,15.323204419201552,25.45519525706034,-153.55399999999997
32,35,inf,inf,inf,306.93477525865785,306.93477525865785,-1150.9499999999998
32,36,inf,inf,inf,81.9784737321508,81.9784737321508,-1167.62
32,38,91.32385756409309,4.408111837763246,4.408111837763246,704.1520320828495,1032.2821273975328,73.47000000000003
32,39,538.095144835149,4.075718485630287,4.075718485630287,1310.1078577533708,43872.31322428085,67.93
32,40,inf,9.691606167876643,9.691606167876643,949.2578824365997,949.2578824365997,161.53000000000003
32,41,275.403048175836,6.006479870402592,6.006479870402592,176.93672188875757,13861.674973678879,100.11000000000001
32,43,160.58959093578972,inf,160.58959093578972,602.9364727520964,613.6896760180413,-1167.62
32,44,inf,inf,inf,212.7655615409775,212.7655615409775,-1150.9499999999998
33,2,27.288981067375932,inf,27.288981067375932,497.4755861798885,613.993410863456,-172.089
33,3,515.8499096968685,8.72922541549169,8.72922541549169,2726.563778531089,14726.97597696132,145.49
33,4,663.5892870875123,7.853242935141296,7.853242935141296,8666.317775436839,21057.579887130276,130.89
33,5,inf,21.86896262074758,21.86896262074758,713.723048031123,713.723048031123,364.48999999999995
33,7,inf,inf,inf,378.10581232469667,378.10581232469667,-1164.35
33,8,inf,inf,inf,1168.5676298034925,1168.5676298034925,-170.731
33,9,inf,inf,inf,176.9352654284049,176.9352654284049,-166.66400000000002
33,460,252.18495154339956,inf,252.18495154339956,683.6691724517012,688.1349307639567,-1184.28
33,462,1762.7748053080127,9.357412851742962,9.357412851742962,2990.1128733611718,18541.89011263356,155.95999999999998
33,464,433.91051904739714,10.749985000299993,10.749985000299993,526.3246845433089,33665.95885234665,179.17000000000002
33,465,1017.9362254223531,6.582468350632985,6.582468350632985,11552.139832853252,38103.04727767544,109.70999999999998
33,466,24.937074483739533,inf,24.937074483739533,325.2975166255675,432.350376783083,-1184.28
33,467,53.388431479390974,inf,53.388431479390974,368.8417694015339,386.9190444270841,-1200.94
33,468,15.20844439983545,inf,15.20844439983545,158.8304808436583,183.89888751760523,-1184.28
33,469,inf,inf,inf,745.72347240036,745.72347240036,-149.997
33,20,838.9167435220105,inf,838.9167435220105,11115.633873583585,19912.099966180074,-141.83700000000002
33,21,443.63680389641854,10.446991060178796,10.446991060178796,3213.601180371388,32466.66169588337,174.12
33,22,369.7806153905345,8.602027959440811,8.602027959440811,5939.1203226676225,26417.556195791254,143.37
33,24,519.5007416017169,7.493850122997538,7.493850122997538,7914.039340531282,28394.698166750637,124.89999999999998
33,27,inf,inf,inf,153.78970859559442,153.78970859559442,-804.9300000000001
33,28,39.25158056574203,inf,39.25158056574203,458.0131496625025,540.1499304954509,-1184.28
33,29,14.431213123074896,2.817543649127016,2.817543649127016,108.21735160857443,454.145784805757,46.95999999999998
33,30,653.8205752074059,8.865422691546168,8.865422691546168,1625.5226302818492,37625.57516583961,147.76
33,31,497.8209659013856,1.0463790724185513,1.0463790724185513,8591.793039538174,35217.54121931594,17.439999999999998
33,32,924.2951070853896,7.667846643067139,7.667846643067139,5991.620667269149,28322.890206835593,127.80000000000001
33,34,1.920334456805073,inf,1.920334456805073,20.866026505335878,25.455508187739813,-153.54700000000003
33,35,inf,inf,inf,306.933981318163,306.933981318163,-1184.28
33,36,7.20655926092296,inf,7.20655926092296,72.1745724318269,81.97617545170952,-1184.28
33,38,115.47200330000948,3.7649247015059695,3.7649247015059695,955.2720996337597,1023.8387527983871,62.75
33,39,900.3391294568859,3.056338873222535,3.056338873222535,2647.022940990418,43807.380582666716,50.94
33,40,inf,8.69202615947681,8.69202615947681,949.2599736727578,949.2599736727578,144.87
33,41,164.921935412348,4.996700065998678,4.996700065998678,115.13847376903053,13794.762057681954,83.27999999999997
33,43,20.917212542625908,inf,20.917212542625908,26.526902052460834,613.6877728337319,-1184.28
33,44,23.335544550766738,inf,23.335544550766738,196.79856693850837,212.76335216211916,-1184.28
34,2,506.1965693232205,inf,506.1965693232205,606.9133358246602,607.1429136073239,-194.695
34,3,297.344101250983,23.457932914822358,23.457932914822358,1007.462629164705,14682.986180467356,139.38
34,4,486.5553040303002,21.052897318949118,21.052897318949118,2488.6629302231627,21017.430110607846,125.08999999999997
34,5,inf,61.34607940488412,61.34607940488412,749.8476569748308,749.8476569748308,364.5
34,7,inf,inf,inf,378.10585008999385,378.10585008999385,-1186.96
34,8,inf,inf,inf,1186.6130314193538,1186.6130314193538,-193.33800000000002
34,9,7.839855872585763,inf,7.839855872585763,5.6283057504398535,176.93182507230614,-155.937
34,460,inf,inf,inf,688.1368644660843,688.1368644660843,-1223.55
34,462,562.8542745560384,25.257081306696737,25.257081306696737,831.5112135699186,18514.93045048184,150.07
34,464,609.6663367910643,29.153272632411593,29.153272632411593,771.9418189230038,33605.025698394034,173.21999999999997
34,465,718.278178776308,17.432721275055957,17.432721275055957,3264.5912014758464,38004.79405430127,103.57999999999998
34,466,inf,inf,inf,432.6076638001304,432.6076638001304,-1206.88
34,467,inf,inf,inf,386.921218508833,386.921218508833,-1223.55
34,468,10.373816250821026,inf,10.373816250821026,12.10905323185236,183.89820228119498,-1206.88
34,469,40.089720371704374,inf,40.089720371704374,426.9509380201872,744.5327088088635,-139.27
34,20,622.1706226818634,inf,622.1706226818634,3124.1460284411146,19881.958946544037,-147.76500000000001
34,21,614.8423006056831,28.30166450679098,28.30166450679098,1413.1677089900522,32408.656287672286,168.15999999999997
34,22,366.3656171359223,23.133110052678525,23.133110052678525,2232.5503237470443,26345.154887575332,137.45
34,24,446.02494008517465,19.975764511840044,19.975764511840044,2191.3450988058194,28333.427932968276,118.69
34,27,37.39018630788745,inf,37.39018630788745,110.98522618473484,153.788039546775,-810.87
34,28,inf,inf,inf,542.1622943991555,542.1622943991555,-1223.55
34,29,12.85154855702934,9.70934244408166,9.70934244408166,178.4917718436697,425.24514858251337,57.69
34,30,469.9565538856475,23.8281973172661,23.8281973172661,393.6367347663978,37551.64843702953,141.57999999999998
34,31,492.4523102715993,1.970816433007385,1.970816433007385,2356.3641265787587,35146.1547662897,11.70999999999998
34,32,548.1878654591881,20.563138495716714,20.563138495716714,1031.171211654711,28276.90078955402,122.18
34,34,1.4699686750850243,inf,1.4699686750850243,4.7189750695758415,25.455009705134295,-142.82
34,35,inf,inf,inf,306.9366902183855,306.9366902183855,-1206.88
34,36,inf,inf,inf,81.97947597428882,81.97947597428882,-1206.88
34,38,60.20532571371634,12.366831041621088,12.366831041621088,277.1413347162344,1015.4222254339498,73.48000000000002
34,39,617.1848623827208,7.546661729807963,7.546661729807963,754.0340790558927,43742.44307446913,44.839999999999975
34,40,inf,20.576602655805576,20.576602655805576,1014.1954951897584,1014.1954951897584,122.25999999999999
34,41,224.8769710887639,12.992914485753234,12.992914485753234,268.06435373390457,13727.853718136965,77.19999999999999
34,43,54.25920351233598,inf,54.25920351233598,471.67966858701857,606.6532284454443,-1206.88
34,44,inf,inf,inf,212.7656052496252,212.7656052496252,-1206.88
35,2,77.12039820692314,43.18817552735559,43.18817552735559,590.0442070625929,602.5952618834617,-206.582
35,3,369.2304654711144,inf,369.2304654711144,408.3482919962508,14639.000952567161,143.95000000000002
35,4,560.3281960087264,inf,560.3281960087264,2171.6864486974214,20977.283735624733,129.97
35,5,inf,inf,inf,785.9791069564226,785.9791069564226,369.36
35,7,inf,250.63031798131,250.63031798131,378.1058185263745,378.1058185263745,-1198.84
35,8,inf,42.90427110990321,42.90427110990321,1204.6919839381699,1204.6919839381699,-205.22400000000002
35,9,inf,28.116572240921542,28.116572240921542,176.93422931865598,176.93422931865598,-134.49
35,460,inf,258.2756674262539,258.2756674262539,688.1349345340694,688.1349345340694,-1235.41
35,462,831.6287313928299,inf,831.6287313928299,277.403805130745,18487.975621332516,154.99999999999997
35,464,510.30576562986516,inf,510.30576562986516,142.57889037009778,33544.08777808671,177.96
35,465,827.9505138763736,inf,827.9505138763736,2893.3690719543465,37955.66984179008,108.22
35,466,164.51642850704104,254.79689753935568,164.51642850704104,429.6039962786812,433.5280126526424,-1218.77
35,467,inf,258.2756674262539,258.2756674262539,386.91904718329437,386.91904718329437,-1235.41
35,468,12.516097957922785,254.79689753935568,12.516097957922785,96.96275731603195,183.8988815491208,-1218.77
35,469,81.92212315401284,24.631530533313825,24.631530533313825,485.53248754625673,743.3365593656251,-117.82000000000001
35,20,698.8744832350447,29.87351828235737,29.87351828235737,3465.99059636445,19851.819073262526,-142.894
35,21,519.6040947215531,inf,519.6040947215531,1340.2404029917475,32350.646751536366,173.01000000000002
35,22,364.58993595918685,inf,364.58993595918685,1676.518068237596,26272.75387708823,142.39000000000001
35,24,479.3865932129442,inf,479.3865932129442,2286.9429590557043,28272.159425450394,123.21000000000001
35,27,inf,168.5217318587586,168.5217318587586,153.7897130157468,153.7897130157468,-806.09
35,28,inf,258.2756674262539,258.2756674262539,543.6706633250943,543.6706633250943,-1235.41
35,29,11.554430621520744,inf,11.554430621520744,66.47397290603172,368.8000293015796,95.79999999999998
35,30,541.213192292105,inf,541.213192292105,200.07971509933293,37477.73007546351,146.21
35,31,495.1082392652667,inf,495.1082392652667,2917.3934147130626,35003.382794753554,16.609999999999985
35,32,680.08270251924,inf,680.08270251924,1229.6673597380266,28230.917185217717,127.21000000000001
35,34,1.615304818675663,25.373695983944142,1.615304818675663,10.754950623161138,25.455211669393496,-121.37
35,35,inf,254.79689753935568,254.79689753935568,306.935638425363,306.935638425363,-1218.77
35,36,692.7831418260582,254.79689753935568,254.79689753935568,81.97526727639233,81.97718675518607,-1218.77
35,38,64.3660995040083,inf,64.3660995040083,709.7037471171286,1007.0349088883987,94.92999999999998
35,39,724.6927325794195,inf,724.6927325794195,279.9998875018207,43677.51039538084,49.359999999999985
35,40,inf,inf,inf,1079.9317965554444,1079.9317965554444,121.1
35,41,190.34315964192845,inf,190.34315964192845,255.40196710426295,13660.940676150889,81.87999999999997
35,43,31.91809417207298,254.79689753935568,31.91809417207298,231.93590750755223,599.8162125685674,-1218.77
35,44,inf,254.79689753935568,254.79689753935568,212.7633544484425,212.7633544484425,-1218.77
36,2,inf,14.470337890121227,14.470337890121227,600.1512009172643,600.1512009172643,-224.40599999999998
36,3,250.1537886083187,inf,250.1537886083187,1682.8421988524562,14595.011527763048,159.39
36,4,438.698970182354,inf,438.698970182354,5733.810335353762,20937.13467507283,145.39
36,5,inf,inf,inf,822.1099803987361,822.1099803987361,384.88000000000005
36,7,inf,77.37941707505804,77.37941707505804,378.10574356706053,378.10574356706053,-1200.0
36,8,inf,14.382770183131289,14.382770183131289,1240.9364493741957,1240.9364493741957,-223.048
36,9,10.941200292254136,6.5972401341243225,6.5972401341243225,126.56924395476048,176.93181241536803,-102.30999999999999
36,460,inf,79.73948929584732,79.73948929584732,688.1367997090373,688.1367997090373,-1236.6000000000001
36,462,436.2586607209869,inf,436.2586607209869,1394.7113020545078,18461.016043498636,170.71000000000004
36,464,736.1416997963788,inf,736.1416997963788,1430.481511339352,33544.09017894436,193.47000000000003
36,465,634.5581840095329,inf,634.5581840095329,7032.9922003275115,37906.54261067917,123.46000000000004
36,466,inf,78.66262574155276,78.66262574155276,435.1836467131146,435.1836467131146,-1219.9
36,467,inf,79.73948929584732,79.73948929584732,386.92117116713877,386.92117116713877,-1236.6000000000001
36,468,9.31088502170995,78.66262574155276,9.31088502170995,86.51894538996932,183.89830479905834,-1219.9
36,469,28.13762615211512,5.522955893732267,5.522955893732267,424.99459316266183,742.1131882436795,-85.64999999999999
36,20,553.9052827142694,8.201315450090275,8.201315450090275,7159.323200224685,19821.677514982428,-127.18599999999999
36,21,735.851308981748,inf,735.851308981748,4387.006005643387,32292.641397492163,188.48000000000002
36,22,361.4781495580516,inf,361.4781495580516,5538.670910055108,26200.352458532852,157.87
36,24,421.4660103819295,inf,421.4660103819295,5725.7589619554055,28210.889138787705,138.40000000000003
36,27,13.680079275369469,50.97884962599948,13.680079275369469,105.94015497162717,153.78796362333134,-790.5799999999999
36,28,inf,79.73948929584732,79.73948929584732,545.5215196025821,545.5215196025821,-1236.6000000000001
36,29,10.787593447730115,inf,10.787593447730115,221.0743037542126,341.32569532574394,127.98000000000002
36,30,418.7855270148201,inf,418.7855270148201,1095.080573641309,37403.8069358495,161.63
36,31,490.18510189712583,inf,490.18510189712583,6902.651851314469,34931.99656901429,32.05000000000001
36,32,466.60124009645875,inf,466.60124009645875,2708.8642913916783,28138.942891336595,143.23000000000002
36,34,19.66294500036988,5.751870002579314,5.751870002579314,18.42780921260374,25.455010333690886,-89.19999999999999
36,35,inf,78.66262574155276,78.66262574155276,306.9384307898231,306.9384307898231,-1219.9
36,36,inf,78.66262574155276,78.66262574155276,81.98046035668553,81.98046035668553,-1219.9
36,38,57.98255218643003,inf,57.98255218643003,257.3807422184072,998.6788239346089,127.10000000000002
36,39,543.7130382551853,inf,543.7130382551853,1822.304730896561,43612.572967664484,64.5
36,40,inf,inf,inf,1213.2611894341271,1213.2611894341271,156.90000000000003
36,41,264.03169606076546,inf,264.03169606076546,470.1110227545711,13594.032943772912,97.46000000000004
36,43,300.3573582226842,78.66262574155276,78.66262574155276,590.717794256498,593.2996180655763,-1219.9
36,44,inf,78.66262574155276,78.66262574155276,212.76556597908373,212.76556597908373,-1219.9
37,2,49.23758655265232,13.464450710985778,13.464450710985778,563.3446607884913,602.0571075365889,-224.41199999999998
37,3,501.05279088088804,inf,501.05279088088804,3162.266206715368,14551.02636006242,176.03
37,4,680.3669861237356,inf,680.3669861237356,8511.533166444173,20896.989667447615,161.85
37,5,inf,inf,inf,858.2435028947261,858.2435028947261,401.70000000000005
37,7,inf,72.00095998080037,72.00095998080037,378.10564998666206,378.10564998666206,-1200.04
37,8,inf,13.382972340553188,13.382972340553188,1259.1039251035459,1259.1039251035459,-223.054
37,9,inf,4.139317213655726,4.139317213655726,176.93421419474893,176.93421419474893,-68.99
37,460,199.03988303778846,74.19691606167875,74.19691606167875,680.4128616072279,688.1348320757254,-1236.6399999999999
37,462,1776.195418088104,inf,1776.195418088104,934.1976614175709,18434.061297269618,187.57000000000002
37,464,432.4398397324004,inf,432.4398397324004,1036.4238885992077,33483.152224791615,210.12000000000003
37,465,987.8346373254385,inf,987.8346373254385,11916.929417555106,37857.41835230868,140.03
37,466,38.33446018467311,73.19493610127797,38.33446018467311,387.65902180424945,437.57831526993886,-1219.94
37,467,49.7332086924185,74.19691606167875,49.7332086924185,364.4006231050557,386.91897227925625,-1236.6399999999999
37,468,16.81210977350396,73.19493610127797,16.81210977350396,162.06057611721937,183.89904375146764,-1219.94
37,469,inf,3.139137217255654,3.139137217255654,740.8502988987702,740.8502988987702,-52.31999999999999
37,20,796.0716257617676,6.61132777344453,6.61132777344453,10890.11674808863,19791.537743525783,-110.19099999999999
37,21,443.6991659866422,inf,443.6991659866422,3682.949949166968,32234.63205526199,204.97
37,22,359.6905702317439,inf,359.6905702317439,5780.230011740783,26127.951388369012,174.44000000000003
37,24,524.3811443844197,inf,524.3811443844197,7748.393342430544,28088.35318814404,154.9
37,27,inf,46.4342713145737,46.4342713145737,153.78959289164976,153.78959289164976,-773.92
37,28,68.9552669688951,74.19691606167875,68.9552669688951,516.738607872429,547.7237167642795,-1236.6399999999999
37,29,9.77497428749762,inf,9.77497428749762,42.05661449870768,314.4148193659006,161.31000000000003
37,30,650.3646868183022,inf,650.3646868183022,844.3545674137732,37329.88862801055,178.26000000000002
37,31,501.27764269576835,inf,501.27764269576835,8619.985473484787,34860.6106354959,48.76000000000002
37,32,929.6088008780546,inf,929.6088008780546,5041.843312648426,28092.957822633332,160.26000000000002
37,34,1.7631413738442288,3.352132957340853,1.7631413738442288,20.32963375313501,25.45514769653301,-55.870000000000005
37,35,inf,73.19493610127797,73.19493610127797,306.9374220757145,306.9374220757145,-1219.94
37,36,7.007403371309062,73.19493610127797,7.007403371309062,70.73201723498143,81.97815439298884,-1219.94
37,38,72.7528715193991,inf,72.7528715193991,887.249422443246,990.354256982869,160.43000000000004
37,39,898.5763221576782,inf,898.5763221576782,1581.62704268543,43547.64390206054,80.88000000000002
37,40,inf,inf,inf,1280.6661278813765,1280.6661278813765,190.23
37,41,161.7271144452584,inf,161.7271144452584,311.7689722935378,13527.120147670897,114.22
37,43,22.73064761924588,74.19691606167875,22.73064761924588,63.702760359128035,581.6548556394006,-1236.6399999999999
37,44,22.256941380282214,73.19493610127797,22.256941380282214,193.7638698990031,212.7632923142985,-1219.94
38,2,inf,13.464270714585707,13.464270714585707,605.8939296358096,605.8939296358096,-224.409
38,3,285.47673162235344,inf,285.47673162235344,3929.8197631160742,14507.03888643901,192.7
38,4,805.775130883711,inf,805.775130883711,6796.997133897549,20816.694525668074,178.04000000000002
38,5,inf,inf,inf,858.2434262649351,858.2434262649351,418.37
38,7,inf,71.99676006479868,71.99676006479868,378.10556279836925,378.10556279836925,-1199.9699999999998
38,8,inf,13.382792344153115,13.382792344153115,1277.2950573157343,1277.2950573157343,-223.051
38,9,133.408512642082,2.138957220855583,2.138957220855583,176.79410095161708,176.93420651699302,-35.650000000000006
38,460,inf,73.19673606527867,73.19673606527867,688.134779072393,688.134779072393,-1219.9699999999998
38,462,735.9368537473929,inf,735.9368537473929,10513.588760294488,18407.104194736457,204.58999999999997
38,464,567.471354802745,inf,567.471354802745,8818.501660637692,33361.28120088356,226.70999999999998
38,465,615.7088133166374,inf,615.7088133166374,6691.029247824934,37808.29272742581,156.71999999999997
38,466,inf,73.19673606527867,73.19673606527867,440.63347969661993,440.63347969661993,-1219.9699999999998
38,467,inf,74.1927161456771,74.1927161456771,386.91893353022067,386.91893353022067,-1236.5700000000002
38,468,5550557.253053897,73.19673606527867,73.19673606527867,176.98361562300127,183.8991276613442,-1219.9699999999998
38,469,33.537464259884864,2.138957220855583,2.138957220855583,116.21529973293683,740.8502516080939,-35.650000000000006
38,20,432.80130388371646,5.591588168236635,5.591588168236635,2671.985232069968,19761.396229630263,-93.19500000000001
38,21,636.0813063522443,inf,636.0813063522443,9337.144178491872,32176.624385887422,221.7
38,22,293.8596842689117,inf,293.8596842689117,63.96347951121667,26055.54996048519,190.86
38,24,612.9649216193121,inf,612.9649216193121,3907.2590213637322,28088.353267527822,171.57
38,27,12.94643356139277,45.434091318173635,12.94643356139277,107.87283886595607,153.78953074956596,-757.25
38,28,inf,74.1927161456771,74.1927161456771,550.3250561258667,550.3250561258667,-1236.5700000000002
38,29,6.630421946595709,inf,6.630421946595709,83.49640462535531,314.4147322765101,177.98000000000002
38,30,518.9791472918575,inf,518.9791472918575,8448.848052061907,37329.88863884183,194.93
38,31,641.4528601443163,inf,641.4528601443163,188.22692473064689,34860.61072257109,65.43
38,32,700.8517870313543,inf,700.8517870313543,10087.823089407137,28092.95785359888,176.93
38,34,1.2707538640381693,1.351772964540709,1.2707538640381693,14.345041545347405,25.454501538932917,-22.53
38,35,inf,73.19673606527867,73.19673606527867,306.9384812543505,306.9384812543505,-1219.9699999999998
38,36,inf,73.19673606527867,73.19673606527867,81.97817025036262,81.97817025036262,-1219.9699999999998
38,38,inf,inf,inf,982.0613377251408,982.0613377251408,193.76999999999998
38,39,698.953313815059,inf,698.953313815059,11328.772298758124,43547.643916148125,97.55000000000001
38,40,inf,inf,inf,1280.6660732566797,1280.6660732566797,206.89999999999998
38,41,201.03925261991625,inf,201.03925261991625,3489.2358493768925,13460.209888575164,130.95999999999998
38,43,311.8130307764371,74.1927161456771,74.1927161456771,242.32132903867173,576.467056747071,-1236.5700000000002
38,44,inf,73.19673606527867,73.19673606527867,212.76326017135585,212.76326017135585,-1219.9699999999998
39,2,inf,13.464090718185636,13.464090718185636,611.5180644714933,611.5180644714933,-224.406
39,3,284.6065659067602,inf,284.6065659067602,3917.1318062427786,14463.051789268648,209.44
39,4,804.2208929549608,inf,804.2208929549608,6783.922297660006,20776.546933253838,194.51
39,5,inf,inf,inf,894.3776052604186,894.3776052604186,435.09999999999997
39,7,inf,71.99856002879942,71.99856002879942,378.105475245272,378.105475245272,-1200.0
39,8,inf,13.382612347753044,13.382612347753044,1295.5095365931668,1295.5095365931668,-223.048
39,9,10.228576881510989,0.138597228055439,0.138597228055439,126.48478900387227,176.9331708868637,-2.3100000000000023
39,460,inf,74.1945161096778,74.1945161096778,688.1347258472965,688.1347258472965,-1236.6000000000001
39,462,734.8316741431946,inf,734.8316741431946,10498.406293406602,18380.146030792373,221.73000000000002
39,464,566.4329783292173,inf,566.4329783292173,8801.950423018949,33300.345704359104,243.37
39,465,614.9327198918602,inf,614.9327198918602,6682.721643664661,37759.168919435644,173.3
39,466,inf,73.19253614927702,73.19253614927702,444.22331745608585,444.22331745608585,-1219.9
39,467,inf,74.1945161096778,74.1945161096778,386.9188946190712,386.9188946190712,-1236.6000000000001
39,468,4458924.595492787,73.19253614927702,73.19253614927702,176.98370317640553,183.89921192231122,-1219.9
39,469,33.46415855371618,0.138597228055439,0.138597228055439,114.80479586194137,739.5399657196061,-2.3100000000000023
39,20,432.1600543500162,4.5792284154316905,4.5792284154316905,2668.612886380328,19731.255543563853,-76.32199999999999
39,21,634.9364767419346,inf,634.9364767419346,9320.555264063034,32118.61720772447,238.48000000000002
39,22,293.04313583031626,inf,293.04313583031626,63.972129857664775,25983.148898252402,207.40000000000003
39,24,611.6258209835602,inf,611.6258209835602,3898.14721056557,28027.083872255516,188.07
39,27,12.946410569735844,44.43391132177356,12.946410569735844,107.87264249239222,153.78946834749792,-740.5799999999999
39,28,inf,74.1945161096778,74.1945161096778,553.2933282355658,553.2933282355658,-1236.6000000000001
39,29,6.1726628073942305,inf,6.1726628073942305,86.4298861909804,288.1363390421264,211.31
39,30,517.9515736934511,inf,517.9515736934511,8432.228042703515,37255.96427360019,211.76
39,31,640.1394196470264,inf,640.1394196470264,188.98879144378134,34789.224705572626,82.05000000000001
39,32,699.7618727154481,inf,699.7618727154481,10071.588970475104,28046.972026959556,193.8
39,34,1.718867286142303,inf,1.718867286142303,20.156081923829298,25.454672482576797,10.800000000000011
39,35,inf,73.19253614927702,73.19253614927702,306.93920740994406,306.93920740994406,-1219.9
39,36,inf,73.19253614927702,73.19253614927702,81.97818600928204,81.97818600928204,-1219.9
39,38,inf,inf,inf,973.801936382652,973.801936382652,216.38
39,39,697.8926586974683,inf,697.8926586974683,11311.810075434301,43482.70887247583,114.11000000000001
39,40,inf,inf,inf,1348.4658085250294,1348.4658085250294,240.24
39,41,200.04524288847603,inf,200.04524288847603,3473.1578783077557,13393.300121810445,147.79000000000002
39,43,528.870078852546,74.1945161096778,74.1945161096778,461.7509423032459,571.6588009215722,-1236.6000000000001
39,44,inf,73.19253614927702,73.19253614927702,212.76322789395496,212.76322789395496,-1219.9
40,2,inf,13.464450710985778,13.464450710985778,618.7816001070593,618.7816001070593,-224.41199999999998
40,3,283.7363988260707,inf,283.7363988260707,3904.4434349561566,14419.06455309302,226.07000000000002
40,4,802.6667139268343,inf,802.6667139268343,6770.847611252803,20736.400655159956,210.93000000000004
40,5,inf,inf,inf,930.5124639748784,930.5124639748784,451.70000000000005
40,7,inf,72.00095998080037,72.00095998080037,378.1053880569791,378.1053880569791,-1200.04
40,8,inf,13.383032339353212,13.383032339353212,1313.7477244405911,1313.7477244405911,-223.055
40,9,133.40829951054252,inf,133.40829951054252,176.79305967535137,176.93316320948387,31.01000000000002
40,460,inf,74.19691606167875,74.19691606167875,688.1346728439783,688.1346728439783,-1236.6399999999999
40,462,733.8262096252674,inf,733.8262096252674,10484.157109885431,18353.18900486134,238.75000000000003
40,464,565.4109337271657,inf,565.4109337271657,8785.60678772532,33239.41207052256,259.88
40,465,614.1088560198302,inf,614.1088560198302,6673.759973620586,37710.042779697105,189.78
40,466,inf,73.19493610127797,73.19493610127797,447.4560889078914,447.4560889078914,-1219.94
40,467,inf,74.19691606167875,74.19691606167875,386.9188558700672,386.9188558700672,-1236.6399999999999
40,468,3734539.5831780755,73.19493610127797,73.19493610127797,176.9837903650039,183.8992958321939,-1219.94
40,469,33.386792492799444,inf,33.386792492799444,113.33059972532212,738.1783524472728,31.01000000000002
40,20,431.50050304292046,3.5623087538249227,3.5623087538249227,2664.972953048002,19701.11534332295,-59.37299999999999
40,21,633.7916359155788,inf,633.7916359155788,9303.966459565241,32060.609704736227,255.31000000000003
40,22,292.22658330573114,inf,292.22658330573114,63.98061158788812,25910.747472800907,224.04
40,24,610.2867238994107,inf,610.2867238994107,3889.0351263628327,27965.814489981985,204.77
40,27,12.94638789235783,43.434331313373725,12.94638789235783,107.87244881615322,153.78940620546288,-723.92
40,28,inf,74.19691606167875,74.19691606167875,556.6611842605577,556.6611842605577,-1236.6399999999999
40,29,5.3294256236723445,inf,5.3294256236723445,92.266090579786,237.8833833532125,261.31000000000006
40,30,516.9240527350403,inf,516.9240527350403,8415.608437684703,37182.043528471026,228.58
40,31,638.8259875104974,inf,638.8259875104974,189.7509087466577,34717.839088083594,98.66
40,32,698.6115476842311,inf,698.6115476842311,10054.830956198208,28000.986202638804,210.65
40,34,0.7732202767083763,inf,0.7732202767083763,3.995508815284342,25.454435055824415,44.129999999999995
40,35,inf,73.19493610127797,73.19493610127797,306.94026921293465,306.94026921293465,-1219.94
40,36,inf,73.19493610127797,73.19493610127797,81.97913270135935,81.97913270135935,-1219.94
40,38,inf,inf,inf,965.5796337441938,965.5796337441938,228.25000000000003
40,39,696.8513037510385,inf,696.8513037510385,11295.177140672267,43417.77377148794,130.51000000000002
40,40,inf,inf,inf,1416.6039092314015,1416.6039092314015,273.56000000000006
40,41,199.05122975563762,inf,199.05122975563762,3457.079779390168,13326.39011968745,164.60999999999999
40,43,2072.8657024228723,74.19691606167875,74.19691606167875,562.2828478049398,567.2422979263396,-1236.6399999999999
40,44,inf,73.19493610127797,73.19493610127797,212.7631957510742,212.7631957510742,-1219.94
41,2,inf,13.464270714585707,13.464270714585707,627.5292613588894,627.5292613588894,-224.409
41,3,282.86623602807407,inf,282.86623602807407,3891.755458269019,14375.077212100521,242.76
41,4,801.0680101469845,inf,801.0680101469845,6756.83569117447,20696.252870265354,227.35000000000002
41,5,inf,inf,inf,966.6484132375468,966.6484132375468,468.36
41,7,inf,71.99676006479868,71.99676006479868,378.10530086868636,378.10530086868636,-1199.9699999999998
41,8,inf,13.382792344153115,13.382792344153115,1332.0096490086057,1332.0096490086057,-223.051
41,9,133.4090357037923,inf,133.4090357037923,176.79305356330477,176.9331555323142,64.35
41,460,inf,74.1927161456771,74.1927161456771,688.1346198406669,688.1346198406669,-1236.5700000000002
41,462,732.7212240146059,inf,732.7212240146059,10468.976465772355,18326.23128003788,255.88
41,464,564.3562424892193,inf,564.3562424892193,8768.848436956301,33178.47658687832,276.58
41,465,613.3088725502543,inf,613.3088725502543,6665.1257301762735,37660.917155267016,206.29000000000002
41,466,inf,73.19673606527867,73.19673606527867,450.37215219749703,450.37215219749703,-1219.9699999999998
41,467,inf,74.1927161456771,74.1927161456771,386.91881712107903,386.91881712107903,-1236.5700000000002
41,468,3220312.4628909165,73.19673606527867,73.19673606527867,176.98387755360224,183.89937974207956,-1219.9699999999998
41,469,33.23683484906577,inf,33.23683484906577,110.48591107976557,735.3607984011123,81.01999999999998
41,20,430.18309736613423,2.5158096838063244,2.5158096838063244,2657.9151175057395,19640.832990265026,-41.93100000000001
41,21,633.7919619754501,inf,633.7919619754501,9303.963761791663,32060.609743513392,271.98
41,22,291.4100349191503,inf,291.4100349191503,63.98889865666069,25838.34641338566,240.70999999999998
41,24,608.9476385845765,inf,608.9476385845765,3879.92291911975,27904.545453267023,221.31
41,27,12.946365599532735,42.434151316973654,12.946365599532735,107.87225844776381,153.78934406345212,-707.25
41,28,inf,74.1927161456771,74.1927161456771,560.4481586820544,560.4481586820544,-1236.5700000000002
41,29,4.9635468565938075,inf,4.9635468565938075,95.18507589736912,214.21587722611588,294.64
41,30,515.8965380008399,inf,515.8965380008399,8398.989226958882,37108.12282902488,245.40999999999997
41,31,637.5125505526253,inf,637.5125505526253,190.51351316298815,34646.45314949802,115.19
41,32,696.279771620315,inf,696.279771620315,10020.900385695868,27909.01290721546,228.07999999999998
41,34,0.7732131399562234,inf,0.7732131399562234,3.995486986662655,25.454197629127965,77.47
41,35,inf,73.19673606527867,73.19673606527867,312.82494219155717,312.82494219155717,-1219.9699999999998
41,36,inf,73.19673606527867,73.19673606527867,81.97914757374262,81.97914757374262,-1219.9699999999998
41,38,inf,inf,inf,957.3922960627561,957.3922960627561,229.42000000000002
41,39,695.791357149082,inf,695.791357149082,11278.434344612833,43352.83873114551,146.87
41,40,inf,inf,inf,1553.7170864850304,1553.7170864850304,312.84
41,41,198.0572184721509,inf,198.0572184721509,3441.001641981307,13259.48024897002,181.27999999999997
41,43,525.758156866149,74.1927161456771,74.1927161456771,462.23095330723197,562.5289577093492,-1236.5700000000002
41,44,inf,73.19673606527867,73.19673606527867,212.7631636082243,212.7631636082243,-1219.9699999999998
42,2,inf,13.464330713385731,13.464330713385731,637.608200310775,637.608200310775,-224.41
42,3,281.9960863369721,inf,281.9960863369721,3879.067841658331,14331.090248753544,259.52000000000004
42,4,799.5582833541462,inf,799.5582833541462,6744.69682533786,20656.105277919836,243.85000000000002
42,5,inf,inf,inf,1038.923259492344,1038.923259492344,484.72999999999996
42,7,inf,71.99856002879942,71.99856002879942,378.1052133155891,378.1052133155891,-1200.0
42,8,inf,13.382732345353093,13.382732345353093,1350.2926947153674,1350.2926947153674,-223.05
42,9,10.228400678643334,inf,10.228400678643334,126.4828968477814,176.9321162574769,97.68999999999998
42,460,inf,74.1945161096778,74.1945161096778,688.1345666155914,688.1345666155914,-1236.6000000000001
42,462,731.6660472888545,inf,731.6660472888545,10454.2619613289,18299.274327092062,273.09000000000003
42,464,563.3015797394718,inf,563.3015797394718,8752.090249498548,33117.539615104164,293.36
42,465,612.5088886447755,inf,612.5088886447755,6656.491504415452,37611.791287102555,222.90000000000003
42,466,inf,73.19253614927702,73.19253614927702,453.01901287511834,453.01901287511834,-1219.9
42,467,inf,74.1945161096778,74.1945161096778,386.91877820997706,386.91877820997706,-1236.6000000000001
42,468,2837367.6061435137,73.19253614927702,73.19253614927702,176.98396510700647,183.89946400305578,-1219.9
42,469,33.1511691935798,inf,33.1511691935798,108.81732640342413,733.8897449102955,114.35000000000001
42,20,429.5251902596174,1.4974500509989799,1.4974500509989799,2654.4853366820375,19610.69284378446,-24.958
42,21,631.4830624069552,inf,631.4830624069552,9270.950337952316,31944.594869690583,289.11
42,22,290.59903056360974,inf,290.59903056360974,63.996973018718,25765.946449261675,257.27000000000004
42,24,606.2696260986539,inf,606.2696260986539,3861.682947559416,27782.007160147772,237.76
42,27,12.946343744760213,41.43397132057359,12.946343744760213,107.87207185344968,153.78928166145747,-690.58
42,28,inf,74.1945161096778,74.1945161096778,564.6044401125966,564.6044401125966,-1236.6000000000001
42,29,4.658186457610739,inf,4.658186457610739,98.10504204987808,191.8346103054309,327.98
42,30,514.8690263758874,inf,514.8690263758874,8382.369688635026,37034.20208466526,262.08
42,31,636.1991154565071,inf,636.1991154565071,191.2765582275707,34575.06725103302,131.91000000000003
42,32,695.1326389984472,inf,695.1326389984472,10004.44965158684,27863.027090443782,245.06
42,34,0.7732059946555419,inf,0.7732059946555419,3.995465591233981,25.4539598422043,110.8
42,35,inf,73.19253614927702,73.19253614927702,319.78270483583054,319.78270483583054,-1219.9
42,36,inf,74.1945161096778,74.1945161096778,81.98013356456234,81.98013356456234,-1236.6000000000001
42,38,inf,inf,inf,949.2413913133462,949.2413913133462,241.3
42,39,694.7686193399214,inf,694.7686193399214,11261.912117782269,43287.90369256901,163.43
42,40,inf,inf,inf,1622.6258755079423,1622.6258755079423,324.73
42,41,197.0582462345578,inf,197.0582462345578,3424.8437517558154,13192.570876464499,198.14
42,43,305.2930802983414,74.1945161096778,74.1945161096778,260.94318693582665,557.5860117088448,-1236.6000000000001
42,44,inf,73.19253614927702,73.19253614927702,212.76313133091654,212.76313133091654,-1219.9
43,2,inf,36.768938182674994,36.768938182674994,637.6082025114578,637.6082025114578,-218.47
43,3,307.74049979287986,inf,307.74049979287986,1379.4016492903156,14287.103170738139,265.58
43,4,589.8740090413141,inf,589.8740090413141,1922.7466635898616,20615.957947597366,249.82999999999998
43,5,inf,inf,inf,1038.9232321655181,1038.9232321655181,490.66999999999996
43,7,inf,203.77333086490398,203.77333086490398,378.1051823072004,378.1051823072004,-1210.76
43,8,inf,39.343958799670126,39.343958799670126,1368.5977183885043,1368.5977183885043,-233.76999999999998
43,9,196.67481316820337,inf,196.67481316820337,176.79198263969892,176.9321108154937,120.29
43,460,inf,207.12254068700878,207.12254068700878,688.1345477650456,688.1345477650456,-1230.66
43,462,695.121442941023,inf,695.121442941023,4551.7895224134245,18272.316310986575,279.55
43,464,549.008716136454,inf,549.008716136454,2995.386852008797,33056.604137091716,299.57
43,465,704.0357116525855,inf,704.0357116525855,2724.3945386748064,37611.79126402149,228.84000000000003
43,466,inf,207.12254068700878,207.12254068700878,455.3994484693665,455.3994484693665,-1230.66
43,467,inf,207.12254068700878,207.12254068700878,386.9187644289656,386.9187644289656,-1230.66
43,468,17.816925191800653,207.12254068700878,17.816925191800653,49.95247635089777,183.89949384548558,-1230.66
43,469,45.15763877310461,inf,45.15763877310461,240.84902468723635,733.8897278923448,120.29
43,20,550.3019855429588,3.137654206708518,3.137654206708518,1409.1312111182235,19580.551147812665,-18.643
43,21,577.0689477598568,inf,577.0689477598568,3292.3461066438813,31944.594883482077,295.05
43,22,329.6503466943851,inf,329.6503466943851,64.01542598617723,25693.545083715864,263.16
43,24,499.7767692784974,inf,499.7767692784974,996.7926286635408,27782.007188379088,243.7
43,27,36.313323031821895,115.22628204049346,36.313323031821895,107.86872827043769,153.78925956075688,-684.64
43,28,inf,207.12254068700878,207.12254068700878,564.6044528115842,564.6044528115842,-1230.66
43,29,6.188743190968184,inf,6.188743190968184,108.1144840036683,191.83458085807533,333.92
43,30,504.49566128271687,inf,504.49566128271687,3053.247533203201,36960.27775917756,267.85
43,31,530.3599834499275,inf,530.3599834499275,451.37332133658447,34503.68133236765,137.94
43,32,634.8147668528552,inf,634.8147668528552,3399.007372100317,27863.02710145527,251.0
43,34,1.1399867757966498,inf,1.1399867757966498,3.995349422465737,25.453777899217272,133.40999999999997
43,35,inf,207.12254068700878,207.12254068700878,327.8096382344687,327.8096382344687,-1230.66
43,36,inf,209.933184105559,209.933184105559,81.98016458975641,81.98016458975641,-1247.36
43,38,270.12758713511283,inf,270.12758713511283,815.0383005173517,941.1250130469955,253.18
43,39,674.9515007110462,inf,674.9515007110462,4168.016770438441,43222.96858761396,169.35000000000002
43,40,inf,inf,inf,1622.6258544540246,1622.6258544540246,330.67
43,41,195.99054963935885,inf,195.99054963935885,1418.2377422488705,13125.661274458465,204.24
43,43,65.02058061206321,209.933184105559,65.02058061206321,408.0519649366916,552.4153778661679,-1247.36
43,44,inf,207.12254068700878,207.12254068700878,212.76311989937753,212.76311989937753,-1230.66
44,2,inf,inf,inf,661.1527656639224,661.1527656639224,-256.58
44,3,338.8775257115871,54.54811531787678,54.54811531787678,1775.995079420646,14243.116012129942,260.91999999999996
44,4,466.93918761515715,51.23032216252378,51.23032216252378,1108.3273521381836,20575.81025948997,245.04999999999995
44,5,inf,101.53241486003388,101.53241486003388,1075.0620598870219,1075.0620598870219,485.66
44,7,inf,inf,inf,378.1052074787159,378.1052074787159,-1232.1399999999999
44,8,inf,inf,inf,1386.9198747765702,1386.9198747765702,-255.22000000000003
44,9,10.759136708076255,27.63364204628604,10.759136708076255,39.32387691963094,176.93107967016545,132.18
44,460,inf,inf,inf,688.1345630672533,688.1345630672533,-1268.74
44,462,662.0996126056533,57.514686513494865,57.514686513494865,2547.98209957166,18245.35942692959,275.10999999999996
44,464,535.3621619555435,61.70217214057241,61.70217214057241,2749.023528791266,32995.6686582287,295.14
44,465,826.6427123888493,46.82750402441828,46.82750402441828,2706.120174858718,37562.66572353073,223.98999999999995
44,466,inf,inf,inf,457.50162905679844,457.50162905679844,-1252.1399999999999
44,467,inf,inf,inf,386.91877561590417,386.91877561590417,-1268.74
44,468,8.908419467645052,inf,8.908419467645052,49.954450575756255,183.89946962045428,-1252.1399999999999
44,469,70.82689499186317,27.63364204628604,27.63364204628604,598.0672946358833,732.4289704866205,132.18
44,20,766.5457001482534,inf,766.5457001482534,845.1751712781518,19550.411018838742,-22.938000000000002
44,21,530.3161322446484,60.74258357201095,60.74258357201095,2048.6305401332993,31886.586032103074,290.54999999999995
44,22,381.17160092167506,54.023372985177595,54.023372985177595,64.03945247069542,25621.144140417702,258.40999999999997
44,24,424.16765708199256,49.90487738590513,49.90487738590513,1035.104404983308,27720.737758020354,238.70999999999998
44,27,inf,inf,inf,153.78927750132536,153.78927750132536,-689.42
44,28,inf,inf,inf,569.1790182130493,569.1790182130493,-1252.1399999999999
44,29,9.082312986867006,72.2952773190057,9.082312986867006,123.11006633870021,171.10239414399553,345.81
44,30,494.4923597223927,54.96205548470721,54.96205548470721,2255.0332320933253,36886.357001546436,262.9
44,31,454.44360659626716,27.890786695377663,27.890786695377663,637.191482363916,34432.295765905386,133.40999999999997
44,32,583.1846577973893,51.51673530825998,51.51673530825998,2688.8175546914918,27817.041247151235,246.41999999999996
44,34,2.1688371307399277,30.376518303263442,2.1688371307399277,3.995024988140855,25.453651439853566,145.3
44,35,inf,inf,inf,347.77139872467535,347.77139872467535,-1268.74
44,36,inf,inf,inf,81.98114161771565,81.98114161771565,-1268.74
44,38,45.96367722608109,55.41571718269814,45.96367722608109,485.2999775647917,933.0435722318756,265.07
44,39,656.1771773514864,34.44274872995631,34.44274872995631,2867.3294529996906,43158.03353425407,164.75
44,40,inf,64.88825706102482,64.88825706102482,1691.7316207922092,1691.7316207922092,310.38
44,41,194.90740557582535,41.745238642778006,41.745238642778006,669.4477793162449,13058.751445017611,199.68
44,43,36.57309731860653,inf,36.57309731860653,418.44874332330863,547.0143766650845,-1268.74
44,44,inf,inf,inf,212.76312917909715,212.76312917909715,-1252.1399999999999
45,2,inf,inf,inf,661.1527670597329,661.1527670597329,-272.09
45,3,377.2990511133006,15.842145989166882,15.842145989166882,5277.511661925521,14199.12925544576,245.68
45,4,386.14787659794376,14.811710085117358,14.811710085117358,3065.2454011095724,20535.662523966694,229.7
45,5,inf,30.29468661336085,30.29468661336085,1111.201907108113,1111.201907108113,469.81
45,7,inf,inf,inf,378.1052884653309,378.1052884653309,-1264.35
45,8,inf,inf,inf,1405.2637626217822,1405.2637626217822,-287.4
45,9,3813.396869413278,8.598142893990197,8.598142893990197,176.78908875977496,176.93107868336938,133.33999999999997
45,460,inf,inf,inf,688.1346123004474,688.1346123004474,-1300.95
45,462,631.8549414252053,16.75328862522569,16.75328862522569,8200.447441621636,18218.40257546248,259.81
45,464,522.3050751620168,18.061645602269795,18.061645602269795,7997.352244150969,32934.73168391261,280.09999999999997
45,465,1001.5108303377187,13.436290946608203,13.436290946608203,10075.648880111816,37513.539981122696,208.37
45,466,543.774768430823,inf,543.774768430823,448.66905667130806,459.3135520079299,-1284.25
45,467,inf,inf,inf,386.918811608672,386.918811608672,-1300.95
45,468,5.93893469696124,inf,5.93893469696124,49.95511347077189,183.89939167905104,-1284.25
45,469,166.01571486000898,8.598142893990197,8.598142893990197,718.5491687253578,730.9551320086655,133.33999999999997
45,20,1265.4226939007854,inf,1265.4226939007854,5771.744089053803,19520.270742806642,-38.196
45,21,490.45879415935576,17.741810678359556,17.741810678359556,6471.161834262891,31828.57862721665,275.14
45,22,452.25549063202703,15.659659530564868,15.659659530564868,64.07213558780089,25548.74288940368,242.84999999999997
45,24,368.21612605562734,14.378385349497032,14.378385349497032,2522.857703193989,27659.46829062615,222.97999999999996
45,27,inf,inf,inf,153.78933522316805,153.78933522316805,-704.93
45,28,inf,inf,inf,574.1584441914107,574.1584441914107,-1284.25
45,29,30.775505263822662,23.447897859169462,23.447897859169462,132.18552819754012,136.83810417485498,363.63
45,30,484.8397552306525,15.945318545266959,15.945318545266959,7230.992033349509,36812.43587536982,247.27999999999997
45,31,396.5076052410439,7.618648439515089,7.618648439515089,775.9011919462278,34289.52252882823,118.14999999999999
45,32,539.1532640826696,14.8987619293268,14.8987619293268,7601.439752375393,27771.05375233139,231.05
45,34,22.248987815704353,9.443513025535207,9.443513025535207,3.988711632963148,25.453580103809244,146.45
45,35,inf,inf,inf,359.6147687180313,359.6147687180313,-1300.95
45,36,inf,inf,inf,81.98120288034437,81.98120288034437,-1300.95
45,38,29.856582403900546,18.241552746969305,18.241552746969305,389.31947224375585,916.9956284347112,282.89
45,39,638.3657097610086,9.626644312612843,9.626644312612843,9325.53823349475,43093.09841464238,149.28999999999996
45,40,inf,18.705829249419654,18.705829249419654,1761.0121001808404,1761.0121001808404,290.09
45,41,193.82853899751868,11.881609491875162,11.881609491875162,2684.8426163057284,12991.84211985954,184.26
45,43,25.511687091383095,inf,25.511687091383095,421.4888592878228,541.3669825828129,-1300.95
45,44,inf,inf,inf,212.7631590356038,212.7631590356038,-1284.25
46,2,inf,inf,inf,674.3312284246957,674.3312284246957,-293.55
46,3,336.771006946182,50.429619718604314,50.429619718604314,1766.270898887859,14155.14152437897,241.22
46,4,465.11665559777606,47.0616519975749,47.0616519975749,1103.9376222160872,20495.514835905848,225.10999999999999
46,5,inf,97.1672276461857,97.1672276461857,1147.3429450636384,1147.3429450636384,464.78
46,7,inf,inf,inf,378.1053136368464,378.1053136368464,-1285.84
46,8,inf,inf,inf,1405.2637481688125,1405.2637481688125,-292.19
46,9,374.0221226320255,30.357702841134785,30.357702841134785,176.79083249407742,176.93107547630606,145.21
46,460,inf,inf,inf,688.1346276026577,688.1346276026577,-1322.4399999999998
46,462,659.1907871311989,53.40873455564151,53.40873455564151,2534.4463545109306,18164.488269743768,255.47
46,464,533.3717941519805,57.65684778291138,57.65684778291138,2739.703541822975,32873.79621835125,275.78999999999996
46,465,824.4796288922221,42.55639412121339,42.55639412121339,2698.9202180856955,37464.41444093816,203.55999999999997
46,466,inf,inf,inf,460.81517941193414,460.81517941193414,-1305.74
46,467,inf,inf,inf,386.91882279561605,386.91882279561605,-1322.4399999999998
46,468,8.908408876100728,inf,8.908408876100728,49.95402568714166,183.89936745402085,-1305.74
46,469,70.84092391560735,30.357702841134785,30.357702841134785,597.0157731880141,729.451815779775,145.21
46,20,764.2357574547691,inf,764.2357574547691,841.3060736320463,19490.12949745989,-42.815
46,21,528.4063808092388,56.515376413772934,56.515376413772934,2040.3484998723782,31770.571084810017,270.33000000000004
46,22,379.01735448631337,49.785712792423645,49.785712792423645,64.0583379436952,25476.341583859135,238.14000000000001
46,24,422.29322843286883,45.54178077896014,45.54178077896014,1031.7440407066322,27598.200518256588,217.84
46,27,inf,inf,inf,153.7893531637451,153.7893531637451,-709.72
46,28,inf,inf,inf,579.5248232311133,579.5248232311133,-1305.74
46,29,14.932631821863488,78.50437982146218,14.932631821863488,118.46406263106608,124.91228959190792,375.51
46,30,491.52999709163527,50.56550916731127,50.56550916731127,2241.192761640023,36664.59445574558,241.86999999999998
46,31,451.6179492520369,23.70539167520331,23.70539167520331,636.7471868364423,34218.13672030435,113.38999999999999
46,32,580.2933710078356,47.2832563293124,47.2832563293124,2676.2585693623664,27679.082065272112,226.17
46,34,2.168819209011127,33.100579098112185,2.168819209011127,3.994916060726142,25.453453644470358,158.33
46,35,inf,inf,inf,372.8595443036237,372.8595443036237,-1322.4399999999998
46,36,inf,inf,inf,81.98124907393338,81.98124907393338,-1322.4399999999998
46,38,45.33587621845359,61.6248196851546,45.33587621845359,488.1023398828301,909.0330538384383,294.77
46,39,654.2015659245352,30.217632178621454,30.217632178621454,2858.1488655308494,43028.16336474524,144.54
46,40,inf,59.743273472289005,59.743273472289005,1899.9957511129141,1899.9957511129141,285.77
46,41,192.91305068705844,37.49503480860494,37.49503480860494,659.908666364562,12924.932936644855,179.35
46,43,34.96766347452281,inf,34.96766347452281,403.05586096405904,541.3669691148013,-1305.74
46,44,inf,inf,inf,212.76316831533427,212.76316831533427,-1305.74
47,2,inf,inf,inf,688.2618934895086,688.2618934895086,-310.21000000000004
47,3,320.778474057618,inf,320.778474057618,297.1321775993497,14111.154495651817,241.51000000000002
47,4,511.3695916657166,inf,511.3695916657166,72.72414084548953,20455.3661647152,225.42999999999998
47,5,inf,inf,inf,1183.484055642094,1183.484055642094,464.66999999999996
47,7,inf,inf,inf,378.1053136368464,378.1053136368464,-1302.4399999999998
47,8,inf,inf,inf,1423.6267509264997,1423.6267509264997,-308.85
47,9,10.63608937400479,inf,10.63608937400479,10.942686844855007,176.93004332972313,161.88000000000002
47,460,inf,inf,inf,688.1346276026577,688.1346276026577,-1339.04
47,462,672.1156971525767,inf,672.1156971525767,582.9897100434758,18137.53154231321,255.41
47,464,537.9249886706438,inf,537.9249886706438,222.75827415968894,32812.86076282858,276.03
47,465,763.5738795141567,inf,763.5738795141567,66.74097425336372,37415.288638554455,203.64000000000001
47,466,inf,inf,inf,462.0168592303391,462.0168592303391,-1322.4399999999998
47,467,inf,inf,inf,386.91882279561605,386.91882279561605,-1339.04
47,468,11.465139158857351,inf,11.465139158857351,49.9568709280155,183.89936745402085,-1322.4399999999998
47,469,56.296669480001206,inf,56.296669480001206,464.33513984755496,727.8925169020765,161.88000000000002
47,20,648.7737878403299,inf,648.7737878403299,348.32844654561285,19459.989182337853,-42.685
47,21,546.786847457886,inf,546.786847457886,227.11574061748314,31712.563882478626,270.28999999999996
47,22,352.82393434810064,inf,352.82393434810064,63.927640662060135,25403.939524829257,238.23999999999998
47,24,450.43340352773663,inf,450.43340352773663,211.29665357427058,27475.663280066532,216.99999999999997
47,27,73394715944.25894,inf,73394715944.25894,153.7893531637451,153.7893531637451,-709.72
47,28,inf,inf,inf,585.2483046881639,585.2483046881639,-1322.4399999999998
47,29,21.824092080887887,inf,21.824092080887887,115.866394040387,117.70885850298541,392.16999999999996
47,30,494.46978532715843,inf,494.46978532715843,88.0575807063972,36590.67297877509,241.48
47,31,481.0020080938377,inf,481.0020080938377,561.554230843856,34146.750978187185,113.32
47,32,600.7465816415349,inf,600.7465816415349,97.76670694730595,27633.097382664982,226.02
47,34,1.5463748111441922,inf,1.5463748111441922,3.9956455202365184,25.453302325624172,174.99999999999997
47,35,inf,inf,inf,387.7323981558945,387.7323981558945,-1339.04
47,36,inf,inf,inf,81.98128847171225,81.98128847171225,-1339.04
47,38,59.061005969853284,inf,59.061005969853284,558.3279413902318,901.111609388804,311.43999999999994
47,39,660.987100474182,inf,660.987100474182,226.14738057619076,42963.22832066111,144.57000000000002
47,40,inf,inf,inf,1969.6768816954807,1969.6768816954807,285.78
47,41,191.95242395986227,inf,191.95242395986227,261.9834532745564,12858.024262319688,179.27
47,43,37.83005061683099,inf,37.83005061683099,345.9598781901821,529.3820517342152,-1339.04
47,44,inf,inf,inf,212.76316831533427,212.76316831533427,-1322.4399999999998
48,2,inf,inf,inf,702.8223106814892,702.8223106814892,-326.88
48,3,319.7677646784392,inf,319.7677646784392,297.23636693281424,14067.167996849688,241.9
48,4,511.36959166301057,inf,511.36959166301057,72.72414088604879,20455.3661647152,225.42999999999998
48,5,inf,inf,inf,1219.6248237421103,1219.6248237421103,464.5799999999999
48,7,inf,inf,inf,378.1053136368464,378.1053136368464,-1319.1399999999999
48,8,inf,inf,inf,1460.4052660744353,1460.4052660744353,-342.19
48,9,inf,inf,inf,176.93106705975325,176.93106705975325,178.54999999999998
48,460,inf,inf,inf,688.1346276026577,688.1346276026577,-1339.04
48,462,671.1172882293495,inf,671.1172882293495,582.8611821642293,18110.574859164466,255.23999999999998
48,464,537.9249886720526,inf,537.9249886720526,222.7582742464933,32812.86076282858,276.03
48,465,762.5713188385935,inf,762.5713188385935,66.57718778808507,37366.16307994248,203.77
48,466,inf,inf,inf,462.92315294952095,462.92315294952095,-1339.04
48,467,inf,inf,inf,386.91882279561605,386.91882279561605,-1355.74
48,468,11.465139158727737,inf,11.465139158727737,49.95687092610849,183.89936745402085,-1339.04
48,469,56.21837857614856,inf,56.21837857614856,464.361706921512,726.2594021052786,178.54999999999998
48,20,647.7705485259296,inf,647.7705485259296,348.4940757060891,19429.848760915986,-42.67700000000001
48,21,545.7867133294346,inf,545.7867133294346,226.96164503707374,31654.55619330672,270.33000000000004
48,22,351.83490115535136,inf,351.83490115535136,63.927640722731304,25331.539291129542,238.14000000000001
48,24,450.4334035262621,inf,450.4334035262621,211.296653525608,27475.663280066532,216.99999999999997
48,27,72433537022.19803,inf,72433537022.19803,153.7893531637451,153.7893531637451,-709.72
48,28,inf,inf,inf,591.3581112781195,591.3581112781195,-1339.04
48,29,21.82409208179396,inf,21.82409208179396,115.86639404053248,117.70885850298541,392.16999999999996
48,30,493.48231596161054,inf,493.48231596161054,88.06134908416696,36516.752995428105,241.10999999999999
48,31,479.99672246364725,inf,479.99672246364725,561.5708081209877,34075.36527197612,113.34
48,32,600.7465816387038,inf,600.7465816387038,97.76670698588507,27633.097382664982,226.02
48,34,1.546365850287022,inf,1.546365850287022,3.995645519965684,25.453151006800727,191.66
48,35,inf,inf,inf,404.0354254735546,404.0354254735546,-1355.74
48,36,inf,inf,inf,81.98226221564416,81.98226221564416,-1355.74
48,38,58.86901528410388,inf,58.86901528410388,558.3164862500986,893.2328775102899,328.1
48,39,659.9880994214504,inf,659.9880994214504,226.0796271109464,42898.29321936306,144.42
48,40,inf,inf,inf,1969.6768816954807,1969.6768816954807,285.78
48,41,190.9539964450501,inf,190.9539964450501,261.9913200865427,12791.116099075796,179.11999999999998
48,43,37.830050617053395,inf,37.830050617053395,345.9598781948061,529.3820517342152,-1339.04
48,44,inf,inf,inf,212.76316831533427,212.76316831533427,-1339.04
49,2,inf,inf,inf,717.9066062592209,717.9066062592209,-343.55
49,3,318.7632370857682,inf,318.7632370857682,296.6338440138476,14023.180248748116,242.26000000000002
49,4,510.384241737276,inf,510.384241737276,73.06007769875164,20415.21880815608,225.53
49,5,inf,inf,inf,1255.7660207568515,1255.7660207568515,464.53999999999996
49,7,inf,inf,inf,378.1053136368464,378.1053136368464,-1335.84
49,8,inf,inf,inf,1478.8194461713251,1478.8194461713251,-358.85
49,9,10.63608965539654,inf,10.63608965539654,10.94289733611882,176.93003491324777,195.21
49,460,inf,inf,inf,688.1346276026577,688.1346276026577,-1372.4399999999998
49,462,670.1198827648742,inf,670.1198827648742,582.9581021511726,18083.6182161319,255.18999999999997
49,464,536.9109389635192,inf,536.9109389635192,222.86843073644147,32751.923819364878,276.41999999999996
49,465,761.5687532076489,inf,761.5687532076489,66.4136724276387,37317.03727786776,203.76000000000002
49,466,inf,inf,inf,463.5375046777848,463.5375046777848,-1355.74
49,467,inf,inf,inf,386.91882279561605,386.91882279561605,-1372.4399999999998
49,468,11.46513915859333,inf,11.46513915859333,49.95687092428214,183.89936745402085,-1355.74
49,469,56.1913327781312,inf,56.1913327781312,464.35807217728234,724.6496334099814,195.21
49,20,646.7648138188537,inf,646.7648138188537,348.4530221986648,19399.708358197146,-42.524
49,21,544.7865877272085,inf,544.7865877272085,226.80771742077383,31596.548995298785,270.26
49,22,350.82109184376384,inf,350.82109184376384,63.9276407803109,25259.138329138357,237.99999999999997
49,24,449.4177202200464,inf,449.4177202200464,211.7578422405852,27414.394093389226,216.55999999999997
49,27,71892384105.72104,inf,71892384105.72104,153.7893531637451,153.7893531637451,-709.72
49,28,inf,inf,inf,597.8164725687999,597.8164725687999,-1355.74
49,29,inf,inf,inf,115.91070005505831,115.91070005505831,408.8399999999999
49,30,492.46078532308405,inf,492.46078532308405,88.03856615806475,36442.83151921705,240.68999999999997
49,31,478.9914432431079,inf,478.9914432431079,561.587482045839,34003.97997749544,113.53999999999999
49,32,599.7231677835584,inf,599.7231677835584,97.88529170307025,27587.11154998296,225.74999999999997
49,34,1.5463568894336401,inf,1.5463568894336401,3.9956455197063083,25.452999688,208.33
49,35,inf,inf,inf,421.940867183157,421.940867183157,-1372.4399999999998
49,36,inf,inf,inf,81.98230161345559,81.98230161345559,-1372.4399999999998
49,38,98.05779046589548,inf,98.05779046589548,558.2508014471397,885.3986072167021,334.04999999999995
49,39,658.9890993592815,inf,658.9890993592815,226.0122339536351,42833.35817879002,144.17999999999998
49,40,inf,inf,inf,2039.4665296882097,2039.4665296882097,285.91999999999996
49,41,189.95556247687583,inf,189.95556247687583,261.9991737986564,12724.207354806516,178.98999999999998
49,43,36.075199980700404,inf,36.075199980700404,324.5416411710341,523.06336905432,-1355.74
49,44,inf,inf,inf,212.76316831533427,212.76316831533427,-1355.74
50,2,inf,inf,inf,733.4265272537749,733.4265272537749,-360.21000000000004
50,3,317.7798886125372,inf,317.7798886125372,296.81181333780546,13979.193696898838,242.36999999999998
50,4,508.37684751748276,inf,508.37684751748276,72.81681552670987,20334.923474989486,225.89000000000001
50,5,inf,inf,inf,1291.9074477974057,1291.9074477974057,464.4
50,7,inf,inf,inf,378.1053136368464,378.1053136368464,-1352.4399999999998
50,8,inf,inf,inf,1497.2512156926803,1497.2512156926803,-375.52
50,9,266.8865281423648,inf,266.8865281423648,176.79000804911755,176.9300307051048,211.88000000000002
50,460,inf,inf,inf,688.1346276026577,688.1346276026577,-1389.04
50,462,669.1219800489791,inf,669.1219800489791,582.9422981957266,18056.661613395187,255.24999999999997
50,464,535.9271513344302,inf,535.9271513344302,222.8717156711685,32690.98837736541,276.62
50,465,760.5661869947488,inf,760.5661869947488,66.2496418606096,37267.91144802866,203.79999999999998
50,466,inf,inf,inf,463.8585488777632,463.8585488777632,-1372.4399999999998
50,467,inf,inf,inf,386.91882279561605,386.91882279561605,-1389.04
50,468,11.465139158454308,inf,11.465139158454308,49.95687092254003,183.89936745402085,-1372.4399999999998
50,469,56.13807971421042,inf,56.13807971421042,464.3605383922384,723.014657949802,211.88000000000002
50,20,645.7615890712806,inf,645.7615890712806,348.6185567964668,19369.568441964275,-42.506
50,21,543.8006581375924,inf,543.8006581375924,226.2516377373121,31538.54310419862,270.09000000000003
50,22,349.81552511493345,inf,349.81552511493345,63.92764083479205,25186.737003671777,238.04
50,24,448.4246820420619,inf,448.4246820420619,211.6015448569603,27353.125102130332,216.35
50,27,71756805459.54755,inf,71756805459.54755,153.7893531637451,153.7893531637451,-709.72
50,28,inf,inf,inf,604.6578229612998,604.6578229612998,-1372.4399999999998
50,29,inf,inf,inf,128.04818435395725,128.04818435395725,410.0
50,30,491.4618710461227,inf,491.4618710461227,87.97847518002311,36368.910088723,240.23999999999998
50,31,477.9862186014661,inf,477.9862186014661,561.684845380468,33932.594364496064,113.69
50,32,598.7242707995505,inf,598.7242707995505,97.89426845513073,27541.125719875166,225.53
50,34,1.5463479285840371,inf,1.5463479285840371,3.9956455194589005,25.452848369222014,224.99999999999997
50,35,inf,inf,inf,441.45222460497195,441.45222460497195,-1389.04
50,36,inf,inf,inf,81.98327085983632,81.98327085983632,-1389.04
50,38,102.625010208178,inf,102.625010208178,558.4229532896316,877.6118259118073,329.26
50,39,658.007513436216,inf,658.007513436216,225.99048748918068,42768.42313998565,143.91
50,40,inf,inf,inf,2109.35397841656,2109.35397841656,285.96000000000004
50,41,188.9523774882604,inf,188.9523774882604,262.001470711095,12657.299126282947,178.71
50,43,34.47529649991414,inf,34.47529649991414,302.6533371833873,516.5381572529823,-1372.4399999999998
50,44,inf,inf,inf,212.76316831533427,212.76316831533427,-1372.4399999999998
51,2,inf,inf,inf,749.2671921517917,749.2671921517917,-376.88
51,3,316.7803681208198,inf,316.7803681208198,296.7053610590287,13935.207010959952,242.52
51,4,507.37315817676557,inf,507.37315817676557,72.69537777097871,20294.776118503043,225.92999999999998
51,5,inf,inf,inf,1328.0495734085428,1328.0495734085428,464.25
51,7,inf,inf,inf,378.1053136368464,378.1053136368464,-1369.1399999999999
51,8,inf,inf,inf,1515.6965066219207,1515.6965066219207,-392.19000000000005
51,9,10.636027770562553,inf,10.636027770562553,10.943003037560125,176.92899491349021,228.54999999999998
51,460,inf,inf,inf,688.1346276026577,688.1346276026577,-1405.74
51,462,668.1241074853142,inf,668.1241074853142,582.9265033291447,18029.705784240075,255.13000000000002
51,464,534.9282452425225,inf,534.9282452425225,222.92835730220042,32630.052942183167,276.6
51,465,759.5636213769023,inf,759.5636213769023,66.08612649885256,37218.78564626586,203.91
51,466,inf,inf,inf,463.884102556499,463.884102556499,-1389.04
51,467,inf,inf,inf,386.91882279561605,386.91882279561605,-1405.74
51,468,11.465139158311203,inf,11.465139158311203,49.95687092088574,183.89936745402085,-1389.04
51,469,56.09589884030698,inf,56.09589884030698,464.3678963076591,721.3732104164178,228.54999999999998
51,20,644.757103368973,inf,644.757103368973,348.6806842666677,19339.428076920776,-42.557
51,21,542.786350813441,inf,542.786350813441,226.49987022933206,31480.53542156366,270.05999999999995
51,22,348.809963490078,inf,348.809963490078,63.92764088605855,25114.33604435065,237.96
51,24,447.4203393428768,inf,447.4203393428768,211.75411948364146,27291.857091339258,216.04
51,27,72013981103.98672,inf,72013981103.98672,153.7893531637451,153.7893531637451,-709.72
51,28,inf,inf,inf,619.2631835256769,619.2631835256769,-1405.74
51,29,inf,inf,inf,140.31413194729643,140.31413194729643,394.49
51,30,490.48545471881744,inf,490.48545471881744,87.88076499849845,36294.990106528254,239.89000000000001
51,31,476.98087807432063,inf,476.98087807432063,561.6208189131337,33861.208784432296,113.63999999999999
51,32,596.7249322042206,inf,596.7249322042206,98.10113779722008,27449.15487903216,224.85
51,34,1.5463389677381543,inf,1.5463389677381543,3.995645519223969,25.452697050466746,241.66
51,35,inf,inf,inf,462.50834630656624,462.50834630656624,-1405.74
51,36,inf,inf,inf,81.98331025767602,81.98331025767602,-1405.74
51,38,61.47662086685002,inf,61.47662086685002,558.3215273697156,869.8719783256655,313.75
51,39,655.9920995024988,inf,655.9920995024988,225.81005454119878,42638.553067715344,143.6
51,40,inf,inf,inf,2249.3853172702266,2249.3853172702266,285.85
51,41,187.95397775635672,inf,187.95397775635672,262.0093538428973,12590.39068630118,178.41
51,43,33.011435245269624,inf,33.011435245269624,280.34250391470346,509.81525455630333,-1389.04
51,44,inf,inf,inf,212.76316831533427,212.76316831533427,-1389.04
52,2,inf,inf,inf,765.3437907114568,765.3437907114568,-393.54999999999995
52,3,315.7808463153629,inf,315.7808463153629,296.5985729748602,13891.220224815039,242.73999999999998
52,4,506.36946106846625,inf,506.36946106846625,72.57374668738187,20254.628451980254,225.92
52,5,inf,inf,inf,1364.192106355232,1364.192106355232,463.91999999999996
52,7,inf,inf,inf,378.1053136368464,378.1053136368464,-1385.84
52,8,inf,inf,inf,1534.1570801053974,1534.1570801053974,-408.85
52,9,266.89141458518395,inf,266.89141458518395,176.78897564843166,176.92899070544905,245.21
52,460,inf,inf,inf,688.1346276026577,688.1346276026577,-1422.4399999999998
52,462,667.0842882650871,inf,667.0842882650871,582.8966796586528,18002.74926263767,254.96
52,464,533.9293393753081,inf,533.9293393753081,222.9849989363917,32569.117513856407,276.53999999999996
52,465,758.5610607276085,inf,758.5610607276085,65.92234003069677,37169.66008827949,203.97
52,466,1080.0762241948323,inf,1080.0762241948323,463.49526901681037,463.6140184661135,-1405.74
52,467,inf,inf,inf,386.91882279561605,386.91882279561605,-1422.4399999999998
52,468,11.465139158164376,inf,11.465139158164376,49.95687091932644,183.89936745402085,-1405.74
52,469,55.98517599448939,inf,55.98517599448939,464.3831455918854,718.0072373405345,261.88
52,20,643.7513779269036,inf,643.7513779269036,348.640111863082,19309.2877308439,-42.681
52,21,541.7862254377102,inf,541.7862254377102,226.34594260802047,31422.52823013291,270.09000000000003
52,22,347.80439683612855,inf,347.80439683612855,63.9276409339005,25041.934721577272,238.09
52,24,445.4116181748857,inf,445.4116181748857,212.05867760222466,27169.318848805113,215.67
52,27,72680437703.36732,inf,72680437703.36732,153.7893531637451,153.7893531637451,-709.72
52,28,inf,inf,inf,627.0087717512541,627.0087717512541,-1422.4399999999998
52,29,inf,inf,inf,155.33374104511933,155.33374104511933,377.82000000000005
52,30,489.4752775004645,inf,489.4752775004645,87.83907116480047,36221.06863147472,239.66
52,31,475.97559726870526,inf,475.97559726870526,561.6374691244861,33789.82325070571,113.43
52,32,595.7032687080751,inf,595.7032687080751,98.03202745902638,27403.16905672406,224.51000000000002
52,34,1.5463210460428278,inf,1.5463210460428278,3.9956455190025624,25.452394413024418,275.0
52,35,inf,inf,inf,485.194985992925,485.194985992925,-1422.4399999999998
52,36,inf,inf,inf,81.9833496557565,81.9833496557565,-1422.4399999999998
52,38,58.230636428432504,inf,58.230636428432504,558.501022993306,862.182643408128,297.09000000000003
52,39,654.9930987230055,inf,654.9930987230055,225.74230105146316,42573.61797528746,143.36999999999998
52,40,inf,inf,inf,2319.5141489736097,2319.5141489736097,285.87
52,41,186.9603044138731,inf,186.9603044138731,262.0259087946219,12523.483131734085,178.08
52,43,31.67840753660376,inf,31.67840753660376,257.7074645978336,502.9133286572764,-1405.74
52,44,inf,inf,inf,212.76316831533427,212.76316831533427,-1405.74
53,2,inf,inf,inf,781.5944207808192,781.5944207808192,-410.21000000000004
53,3,314.7813378344542,inf,314.7813378344542,296.4919781579543,13847.233970946769,242.82000000000002
53,4,505.36575918383045,inf,505.36575918383045,72.45242496807778,20214.48059327011,225.79
53,5,inf,inf,inf,1400.3360693787974,1400.3360693787974,463.63
53,7,inf,inf,inf,378.1053136368464,378.1053136368464,-1402.4399999999998
53,8,inf,inf,inf,1552.632718366453,1552.632718366453,-425.52
53,9,266.89541405964604,inf,266.89541405964604,176.7889756483735,176.92898649747104,261.88
53,460,inf,inf,inf,688.1346276026577,688.1346276026577,-1422.4399999999998
53,462,666.0864572826554,inf,666.0864572826554,582.8808967008831,17975.792781876593,254.74999999999997
53,464,532.9304337340508,inf,532.9304337340508,223.0416405735349,32508.182092423685,276.65999999999997
53,465,757.558495122938,inf,757.558495122938,65.75882466574566,37120.5342868306,203.85999999999999
53,466,276.2830053668635,inf,276.2830053668635,460.3868032985976,462.1933187244144,-1439.04
53,467,inf,inf,inf,386.91882279561605,386.91882279561605,-1422.4399999999998
53,468,11.465139158014098,inf,11.465139158014098,49.95687091786393,183.89936745402085,-1422.4399999999998
53,469,55.92123524601829,inf,55.92123524601829,464.3955556622739,716.2631347977465,278.54999999999995
53,20,643.751377929512,inf,643.751377929512,348.6401117416538,19309.2877308439,-42.681
53,21,540.7860916864781,inf,540.7860916864781,226.1918470192588,31364.52055191505,270.11
53,22,346.7988352867994,inf,346.7988352867994,63.927640978286384,24969.53376497273,238.1
53,24,445.4116181732757,inf,445.4116181732757,212.05867757872073,27169.318848805113,215.67
53,27,73774826709.98907,inf,73774826709.98907,153.7893531637451,153.7893531637451,-709.72
53,28,inf,inf,inf,635.042436345177,635.042436345177,-1439.04
53,29,inf,inf,inf,155.33374104511933,155.33374104511933,377.82000000000005
53,30,488.4763348496809,inf,488.4763348496809,87.77870067373901,36147.146794833534,239.6
53,31,474.9703177057559,inf,474.9703177057559,561.6541557989347,33718.437761714296,113.46000000000001
53,32,595.7032687055822,inf,595.7032687055822,98.03202752949666,27403.16905672406,224.51000000000002
53,34,1.5463120852071466,inf,1.5463120852071466,3.9956455187948756,25.45224309433734,291.65999999999997
53,35,inf,inf,inf,485.194985992925,485.194985992925,-1422.4399999999998
53,36,inf,inf,inf,81.9833496557565,81.9833496557565,-1422.4399999999998
53,38,58.23063642762666,inf,58.23063642762666,558.5010229863464,862.182643408128,297.09000000000003
53,39,653.9940989356959,inf,653.9940989356959,225.6749078706208,42508.68294363672,143.26000000000002
53,40,inf,inf,inf,2319.5141489736097,2319.5141489736097,285.87
53,41,185.9618887542643,inf,185.9618887542643,262.0306091935466,12456.57500587372,177.98
53,43,30.452069972207646,inf,30.452069972207646,234.75127282071256,495.84119774961675,-1422.4399999999998
53,44,inf,inf,inf,212.76316831533427,212.76316831533427,-1422.4399999999998
54,2,inf,inf,inf,797.9441184270914,797.9441184270914,-426.88
54,3,313.78182059105814,inf,313.78182059105814,296.3851900747676,13803.247285094862,242.95000000000002
54,4,504.36206207798654,inf,504.36206207798654,72.33079387251152,20174.332926796564,225.65
54,5,inf,inf,inf,1436.4800162723318,1436.4800162723318,463.23
54,7,inf,inf,inf,378.1053136368464,378.1053136368464,-1419.1399999999999
54,8,inf,inf,inf,1571.121541565214,1571.121541565214,-442.19000000000005
54,9,266.8994136585274,inf,266.8994136585274,176.78897564831945,176.92898228955616,278.54999999999995
54,460,inf,inf,inf,688.1346276026577,688.1346276026577,-1455.74
54,462,665.1299293369167,inf,665.1299293369167,582.7673388594395,17948.836337782894,254.60999999999999
54,464,531.931528320021,inf,531.931528320021,223.09828221312932,32447.246677923846,276.68999999999994
54,465,756.5559344869088,inf,756.5559344869088,65.5950381934199,37071.40872916051,203.79999999999998
54,466,200.9926099685401,inf,200.9926099685401,457.6492010524543,461.039640801845,-1455.74
54,467,inf,inf,inf,386.91882279561605,386.91882279561605,-1439.04
54,468,11.465139157861044,inf,11.465139157861044,49.956870916503576,183.89936745402085,-1439.04
54,469,55.87814752642111,inf,55.87814752642111,464.3914813322538,714.5131463833262,295.21000000000004
54,20,642.7469350186409,inf,642.7469350186409,348.70238820522695,19279.148556989177,-42.958
54,21,538.785835705026,inf,538.785835705026,225.88415181368885,31248.50585346261,269.80999999999995
54,22,345.78514771303526,inf,345.78514771303526,63.92764101903915,24897.13135052567,238.17
54,24,444.40725559403273,inf,444.40725559403273,212.2110308235654,27108.049583389155,215.36999999999998
54,27,75326787383.62863,inf,75326787383.62863,153.7893531637451,153.7893531637451,-709.72
54,28,inf,inf,inf,643.2822858691723,643.2822858691723,-1455.74
54,29,inf,inf,inf,172.26204954293223,172.26204954293223,371.88
54,30,487.47739772426723,inf,487.47739772426723,87.71864780730083,36073.225365901366,239.53
54,31,473.9650444506598,inf,473.9650444506598,561.6707932884473,33647.05267829186,113.38
54,32,594.7248267908387,inf,594.7248267908387,98.40184790749709,27357.184389681865,224.05999999999997
54,34,1.546302911021588,inf,1.546302911021588,3.9956455186017017,25.45208817284793,308.33000000000004
54,35,inf,inf,inf,509.4831192839519,509.4831192839519,-1439.04
54,36,inf,inf,inf,81.98435928496424,81.98435928496424,-1455.74
54,38,58.07470327262228,inf,58.07470327262228,558.3189405348589,854.5386042080681,280.41999999999996
54,39,652.9950982672653,inf,652.9950982672653,225.60715437031473,42443.74785481258,143.28
54,40,inf,inf,inf,2389.709053087176,2389.709053087176,286.03999999999996
54,41,184.95882312222167,inf,184.95882312222167,262.0330234258296,12389.66740569576,177.71
54,43,29.319279239155062,inf,29.319279239155062,211.59606436473393,488.60237579665153,-1439.04
54,44,inf,inf,inf,212.76316831533427,212.76316831533427,-1439.04
55,2,inf,inf,inf,814.3227334005691,814.3227334005691,-443.54999999999995
55,3,312.7823056612843,inf,312.7823056612843,296.27840199183294,13759.260650105696,243.13000000000002
55,4,503.3583727422146,inf,503.3583727422146,72.20935609279411,20134.185570409332,225.43999999999997
55,5,inf,inf,inf,1472.6254221805666,1472.6254221805666,462.99
55,7,inf,inf,inf,378.1053136368464,378.1053136368464,-1435.84
55,8,inf,inf,inf,1589.6255409738721,1589.6255409738721,-458.86
55,9,29.777793854079455,inf,29.777793854079455,0.6065097349787416,176.92795275503065,284.49
55,460,inf,inf,inf,688.1346276026577,688.1346276026577,-1472.4399999999998
55,462,664.1325387324449,inf,664.1325387324449,582.8632510911549,17921.879939255876,254.48999999999998
55,464,530.9326231345015,inf,530.9326231345015,223.15492385505618,32386.311270396014,276.53999999999996
55,465,755.5533688955026,inf,755.5533688955026,65.43152282341808,37022.28292802805,203.89000000000001
55,466,157.72258232121874,inf,157.72258232121874,454.12935380033525,459.5878309110567,-1472.4399999999998
55,467,inf,inf,inf,386.91882279561605,386.91882279561605,-1455.74
55,468,11.465139157705357,inf,11.465139157705357,49.95687091524718,183.89936745402085,-1455.74
55,469,55.81967493751137,inf,55.81967493751137,464.4132057419085,712.7275849509987,311.88
55,20,641.7048248037127,inf,641.7048248037127,348.81040840591965,19249.008374113633,-43.30800000000001
55,21,537.7857077983718,inf,537.7857077983718,225.72989630474535,31190.498508684886,269.75
55,22,344.7876920364533,inf,344.7876920364533,63.92764105621789,24824.730396685343,238.17
55,24,443.4140891856302,inf,443.4140891856302,212.05907662525263,27046.781963057816,215.13000000000002
55,27,77393000114.00774,inf,77393000114.00774,153.7893531637451,153.7893531637451,-709.72
55,28,inf,inf,inf,651.707084625284,651.707084625284,-1472.4399999999998
55,29,inf,inf,inf,209.54834162214252,209.54834162214252,392.16999999999996
55,30,486.4784550949278,inf,486.4784550949278,87.65827730930023,35999.303530049016,239.55999999999997
55,31,473.96504444933265,inf,473.96504444933265,561.6707932356097,33647.05267829186,113.38
55,32,593.7040119285502,inf,593.7040119285502,98.23960694645862,27311.198572640296,223.70000000000002
55,34,1.5462939501931612,inf,1.5462939501931612,3.9956455184232933,25.451936854206867,325.0
55,35,inf,inf,inf,535.2129187694301,535.2129187694301,-1455.74
55,36,inf,inf,inf,81.98439868331978,81.98439868331978,-1472.4399999999998
55,38,57.95299565119079,inf,57.95299565119079,558.3173108549682,846.9459571809888,263.75
55,39,651.9960985916804,inf,651.9960985916804,225.5397611795399,42378.812826786845,143.42999999999998
55,40,inf,inf,inf,2459.964742649099,2459.964742649099,286.12
55,41,183.96507770267738,inf,183.96507770267738,262.0463233366274,12322.75960421656,177.66
55,43,28.274739043935266,inf,28.274739043935266,188.28264399106683,481.20542574902476,-1455.74
55,44,inf,inf,inf,212.76316831533427,212.76316831533427,-1455.74
56,2,inf,inf,inf,830.6677179451171,830.6677179451171,-460.21000000000004
56,3,311.7718778672561,inf,311.7718778672561,296.3772656713294,13715.273733818825,243.39000000000001
56,4,502.3546959540597,inf,502.3546959540597,72.08780225855418,20094.03871631991,225.13000000000002
56,5,inf,inf,inf,1508.769496726576,1508.769496726576,462.90999999999997
56,7,inf,inf,inf,378.1053136368464,378.1053136368464,-1452.4399999999998
56,8,inf,inf,inf,1608.1424859385438,1608.1424859385438,-475.52
56,9,inf,inf,inf,176.92795406092864,176.92795406092864,279.71000000000004
56,460,inf,inf,inf,688.1346276026577,688.1346276026577,-1489.04
56,462,664.1325387292248,inf,664.1325387292248,582.8632509659873,17921.879939255876,254.48999999999998
56,464,529.93371817878,inf,529.93371817878,223.21156549889636,32325.375869879623,276.39
56,465,754.5508082728321,inf,754.5508082728321,65.26773634515548,36973.157370676745,203.98999999999998
56,466,129.7284839233399,inf,129.7284839233399,449.8410951314977,457.8449385759563,-1489.04
56,467,inf,inf,inf,386.91882279561605,386.91882279561605,-1472.4399999999998
56,468,11.465139157547645,inf,11.465139157547645,49.9568709141019,183.89936745402085,-1472.4399999999998
56,469,55.75330349785421,inf,55.75330349785421,464.4125443404868,710.8986594876008,328.54999999999995
56,20,640.7392160764049,inf,640.7392160764049,348.9295276368549,19218.86808548239,-43.411
56,21,536.7855771956173,inf,536.7855771956173,225.57612860107386,31132.49100174069,269.54999999999995
56,22,343.7821255361878,inf,343.7821255361878,63.92764108953183,24752.32907944067,238.22
56,24,442.3985586239293,inf,442.3985586239293,212.51581034766468,26985.51272721368,214.76000000000002
56,27,80054214568.5266,inf,80054214568.5266,153.7893531637451,153.7893531637451,-709.72
56,28,inf,inf,inf,660.3402478313873,660.3402478313873,-1489.04
56,29,inf,inf,inf,229.16589779904007,229.16589779904007,408.8399999999999
56,30,485.47951736650356,inf,485.47951736650356,87.59786234967143,35925.38205657138,239.78
56,31,472.9597672897376,inf,472.9597672897376,561.6874434667611,33575.6672739512,113.25999999999999
56,32,591.7273644657596,inf,591.7273644657596,98.52537484970622,27219.2280991706,223.15
56,34,1.546284989368268,inf,1.546284989368268,3.995645518260669,25.451785535588527,341.65999999999997
56,35,inf,inf,inf,562.3374585881846,562.3374585881846,-1472.4399999999998
56,36,inf,inf,inf,81.9853689141769,81.9853689141769,-1489.04
56,38,57.83722216410793,inf,57.83722216410793,558.2892763293484,839.40434519679,247.09
56,39,650.9804174868789,inf,650.9804174868789,225.64424339895098,42313.87780058732,143.73999999999998
56,40,inf,inf,inf,2600.6385733933203,2600.6385733933203,286.05999999999995
56,41,182.9666768600121,inf,182.9666768600121,262.05417740596465,12255.85196891609,177.53
56,43,27.3256866892838,inf,27.3256866892838,164.88783517968778,473.6788213410125,-1472.4399999999998
56,44,inf,inf,inf,212.76316831533427,212.76316831533427,-1472.4399999999998
57,2,inf,inf,inf,846.9370762552288,846.9370762552288,-476.88
57,3,310.7832753439502,inf,310.7832753439502,296.0649683652854,13671.287202038797,243.53
57,4,501.33302702332276,inf,501.33302702332276,71.51796675891657,20053.891359983198,224.86999999999998
57,5,inf,inf,inf,1544.9131465946791,1544.9131465946791,463.02
57,7,inf,inf,inf,378.1053136368464,378.1053136368464,-1469.1399999999999
57,8,inf,inf,inf,1626.670615290326,1626.670615290326,-492.19000000000005
57,9,inf,inf,inf,176.92898591706523,176.92898591706523,264.20000000000005
57,460,inf,inf,inf,688.1346276026577,688.1346276026577,-1505.74
57,462,663.1341583709554,inf,663.1341583709554,582.7360666731832,17894.92358212554,254.34
57,464,528.9348134541611,inf,528.9348134541611,223.26820714437181,32264.440476414402,276.45000000000005
57,465,753.511553927516,inf,753.511553927516,65.19819769777088,36924.02975285498,204.16
57,466,110.07464197164171,inf,110.07464197164171,444.79364723549617,455.81658846250826,-1505.74
57,467,inf,inf,inf,386.91882279561605,386.91882279561605,-1489.04
57,468,11.465139157388247,inf,11.465139157388247,49.956870913067746,183.89936745402085,-1489.04
57,469,55.69101504143606,inf,55.69101504143606,464.42544720585374,709.0311536381078,345.21000000000004
57,20,639.7335030709929,inf,639.7335030709929,348.8895967114097,19188.727816176972,-43.572
57,21,535.785452284399,inf,535.785452284399,225.42220097827493,31074.483823795596,269.36
57,22,342.7765590751823,inf,342.7765590751823,63.92764111904194,24679.927763608634,238.36999999999998
57,24,440.38986361477606,inf,440.38986361477606,212.8205898901735,26862.975930791483,213.84
57,27,83408087763.49603,inf,83408087763.49603,153.7893531637451,153.7893531637451,-709.72
57,28,inf,inf,inf,669.1572561990097,669.1572561990097,-1505.74
57,29,inf,inf,inf,249.1186971428257,249.1186971428257,425.51
57,30,484.48057538353146,inf,484.48057538353146,87.53785393237294,35851.460266858914,240.07000000000002
57,31,471.96572318536744,inf,471.96572318536744,561.676346774345,33504.28374053799,113.10999999999999
57,32,590.7269163684804,inf,590.7269163684804,98.72208669345022,27173.242290129016,222.93999999999997
57,34,inf,inf,inf,25.452043833408187,25.452043833408187,358.33000000000004
57,35,inf,inf,inf,590.9083552828768,590.9083552828768,-1489.04
57,36,inf,inf,inf,81.98540831256669,81.98540831256669,-1505.74
57,38,57.73604389360275,inf,57.73604389360275,558.3045369065367,831.9154143128031,230.42
57,39,649.9980984725379,inf,649.9980984725379,225.40461447033343,42248.942717232414,143.89000000000001
57,40,inf,inf,inf,2671.048482110875,2671.048482110875,285.92999999999995
57,41,181.96370156137303,inf,181.96370156137303,262.05668026778557,12188.944867333788,177.30999999999997
57,43,26.461761448190515,inf,26.461761448190515,141.4362858729759,466.0477056512053,-1489.04
57,44,inf,inf,inf,212.76316831533427,212.76316831533427,-1489.04
58,2,inf,inf,inf,863.108064395707,863.108064395707,-493.54999999999995
58,3,309.78377854740336,inf,309.78377854740336,295.9583735483599,13627.301205038948,243.53
58,4,501.3330270205251,inf,501.3330270205251,71.51796674021531,20053.891359983198,224.86999999999998
58,5,inf,inf,inf,1581.0568181517967,1581.0568181517967,463.2099999999999
58,7,inf,inf,inf,378.1053136368464,378.1053136368464,-1485.84
58,8,inf,inf,inf,1626.670615290326,1626.670615290326,-492.19000000000005
58,9,inf,inf,inf,176.92899012503452,176.92899012503452,247.53
58,460,inf,inf,inf,688.1346276026577,688.1346276026577,-1505.74
58,462,661.1383995473832,inf,661.1383995473832,582.7047583884108,17841.010988440557,254.16
58,464,527.9359082118357,inf,527.9359082118357,223.32521004676755,32203.50504177623,276.4
58,465,752.5456449981845,inf,752.5456449981845,64.940271392186,36874.904195825366,204.32000000000002
58,466,110.07464197061212,inf,110.07464197061212,444.79364723504113,455.81658846250826,-1505.74
58,467,inf,inf,inf,386.91882279561605,386.91882279561605,-1505.74
58,468,11.465139157227682,inf,11.465139157227682,49.9568709121483,183.89936745402085,-1505.74
58,469,55.615824802772806,inf,55.615824802772806,464.4313658837064,707.108427421895,361.88
58,20,638.7302744672913,inf,638.7302744672913,349.05400880204985,19158.58803403233,-43.638000000000005
58,21,534.7853471300408,inf,534.7853471300408,225.26812148369154,31016.477790586134,269.11
58,22,341.7709977204736,inf,341.7709977204736,63.92764114466442,24607.526814006316,238.61999999999998
58,24,440.3898636131439,inf,440.3898636131439,212.8205898927669,26862.975930791483,213.84
58,27,87598603682.04361,inf,87598603682.04361,153.7893531637451,153.7893531637451,-709.72
58,28,inf,inf,inf,678.1428183035962,678.1428183035962,-1522.4399999999998
58,29,inf,inf,inf,249.1186971428257,249.1186971428257,425.51
58,30,484.480575382799,inf,484.480575382799,87.53785383699903,35851.460266858914,240.07000000000002
58,31,470.9492424140688,inf,470.9492424140688,561.7207896624178,33432.898423838,113.13
58,32,590.7269163664882,inf,590.7269163664882,98.72208679036166,27173.242290129016,222.93999999999997
58,34,inf,inf,inf,25.452043833408187,25.452043833408187,358.33000000000004
58,35,inf,inf,inf,620.8644115313907,620.8644115313907,-1505.74
58,36,inf,inf,inf,81.98638205597031,81.98638205597031,-1522.4399999999998
58,38,57.64500260918429,inf,57.64500260918429,558.2198172754544,824.481378651695,213.74999999999997
58,39,648.9990989665399,inf,648.9990989665399,225.3372212671002,42184.007694708234,143.91
58,40,inf,inf,inf,2671.048482110875,2671.048482110875,285.92999999999995
58,41,180.96989584094555,inf,180.96989584094555,262.06989154497546,12122.037572659208,177.30999999999997
58,43,26.071077033672672,inf,26.071077033672672,141.45744401264903,458.42548770450844,-1505.74
58,44,inf,inf,inf,212.76316831533427,212.76316831533427,-1505.74
59,2,inf,inf,inf,879.1485346801479,879.1485346801479,-510.21000000000004
59,3,308.7842730986384,inf,308.7842730986384,295.85158546425447,13583.314778478727,243.38000000000002
59,4,500.32936590213166,inf,500.32936590213166,71.39723330427088,20013.743693609744,224.55999999999997
59,5,inf,inf,inf,1617.2012445417943,1617.2012445417943,463.4699999999999
59,7,inf,inf,inf,378.1053136368464,378.1053136368464,-1502.4399999999998
59,8,inf,inf,inf,1645.2104648217164,1645.2104648217164,-498.13
59,9,inf,inf,inf,176.928994333067,176.928994333067,230.85999999999999
59,460,inf,inf,inf,688.1346276026577,688.1346276026577,-1539.04
59,462,660.1410464797256,inf,660.1410464797256,582.8000442235121,17814.055494093245,253.93999999999997
59,464,526.9370039535418,inf,526.9370039535418,223.38185169448263,32142.569662539107,276.47
59,465,751.5430794335896,inf,751.5430794335896,64.7767560068466,36825.77839533368,204.57000000000002
59,466,95.45011896994052,inf,95.45011896994052,438.99911781157834,453.50112720044746,-1522.4399999999998
59,467,inf,inf,inf,386.91882279561605,386.91882279561605,-1522.4399999999998
59,468,11.46513915706631,inf,11.46513915706631,49.95687091134535,183.89936745402085,-1539.04
59,469,55.554171493126574,inf,55.554171493126574,464.4394998741826,705.1515389025781,378.54999999999995
59,20,637.7245677165273,inf,637.7245677165273,349.0143986160307,19128.44780365973,-43.76100000000001
59,21,533.7852223770893,inf,533.7852223770893,225.11419386257342,30958.47061723664,269.1
59,22,340.7654313390219,inf,340.7654313390219,63.927641166374315,24535.125501037088,238.88000000000002
59,24,439.3694039999049,inf,439.3694039999049,212.59712871044727,26801.706740066333,213.28
59,27,92830330358.50731,inf,92830330358.50731,153.7893531637451,153.7893531637451,-709.72
59,28,inf,inf,inf,687.3142646097848,687.3142646097848,-1539.04
59,29,inf,inf,inf,269.2574636644024,269.2574636644024,442.16999999999996
59,30,483.4594557192671,inf,483.4594557192671,87.51420495082188,35777.53693895644,240.46
59,31,469.9327906064326,inf,469.9327906064326,561.7650907830441,33361.5116903362,113.25
59,32,589.7054747044565,inf,589.7054747044565,98.65471421662818,27127.256483781064,222.63000000000002
59,34,inf,inf,inf,25.451741201155777,25.451741201155777,391.65999999999997
59,35,inf,inf,inf,652.0965278995535,652.0965278995535,-1522.4399999999998
59,36,inf,inf,inf,81.98642145439268,81.98642145439268,-1539.04
59,38,57.57105737087425,inf,57.57105737087425,558.2104091417501,817.1024161722017,197.09
59,39,648.0000985803666,inf,648.0000985803666,225.26946774597104,42119.07261504088,143.85
59,40,inf,inf,inf,2741.5017597720466,2741.5017597720466,285.72
59,41,179.9669757333019,inf,179.9669757333019,262.0724468838873,12055.130452557445,177.48999999999998
59,43,25.292560314829707,inf,25.292560314829707,141.5223272883564,443.2071597903076,-1539.04
59,44,inf,inf,inf,212.76316831533427,212.76316831533427,-1522.4399999999998
60,2,inf,inf,inf,895.0120728597834,895.0120728597834,-526.88
60,3,307.78478862271294,inf,307.78478862271294,295.74484810644793,13539.329220357935,243.11999999999998
60,4,499.3436124179096,inf,499.3436124179096,71.72310219269131,19973.596027261563,224.35
60,5,inf,inf,inf,1653.346084789725,1653.346084789725,463.49
60,7,inf,inf,inf,378.1053136368464,378.1053136368464,-1519.1399999999999
60,8,inf,inf,inf,1663.7578491709219,1663.7578491709219,-514.8
60,9,929.9350168169406,inf,929.9350168169406,176.78897564370848,176.92899462327847,229.71
60,460,inf,inf,inf,688.1346276026577,688.1346276026577,-1555.74
60,462,659.0603374895869,inf,659.0603374895869,582.7565387820168,17787.099304433876,253.58
60,464,525.9380999303146,inf,525.9380999303146,223.43849334285306,32081.634290474165,276.6
60,465,750.5405188379088,inf,750.5405188379088,64.61296951170995,36776.65283862799,204.82000000000002
60,466,75.1289256693826,inf,75.1289256693826,425.2311378767009,448.0043463955164,-1555.74
60,467,inf,inf,inf,386.91882279561605,386.91882279561605,-1539.04
60,468,11.465139156904591,inf,11.465139156904591,49.95687091066248,183.89936745402085,-1555.74
60,469,55.497384120563844,inf,55.497384120563844,464.45145137462686,703.1664767741128,395.2099999999999
60,20,636.7213223383421,inf,636.7213223383421,349.178263830681,19098.307592888334,-43.74600000000001
60,21,532.7850892517398,inf,532.7850892517398,224.96009827641996,30900.462957189946,268.9
60,22,339.75189049845625,inf,339.75189049845625,63.92764118405677,24462.723459909124,239.26000000000002
60,24,438.38117058864896,inf,438.38117058864896,213.12536945853694,26740.439194944,212.88000000000002
60,27,99400935342.28128,inf,99400935342.28128,153.7893531637451,153.7893531637451,-709.72
60,28,inf,inf,inf,696.6511383991551,696.6511383991551,-1555.74
60,29,inf,inf,inf,309.68803476889167,309.68803476889167,475.51
60,30,482.4716197264562,inf,482.4716197264562,87.43566142573202,35703.6155120312,240.92999999999998
60,31,468.93867620239,inf,468.93867620239,561.75406817141,33290.12646240521,113.44
60,32,588.7275545543707,inf,588.7275545543707,98.92890464809187,27081.270339089853,222.4
60,34,1.546298918680918,inf,1.546298918680918,3.998253879606493,25.451589885063715,408.3299999999999
60,35,inf,inf,inf,684.5252500099625,684.5252500099625,-1539.04
60,36,inf,inf,inf,81.98645986808631,81.98645986808631,-1555.74
60,38,57.51097245245307,inf,57.51097245245307,558.1686454557401,809.7807259089334,180.42
60,39,647.0010991887233,inf,647.0010991887233,225.20207453617118,42054.13759622611,143.65
60,40,inf,inf,inf,2811.995565853849,2811.995565853849,285.58000000000004
60,41,178.96862617412427,inf,178.96862617412427,262.08033674050364,11988.223874752211,177.67999999999998
60,43,24.91513772009285,inf,24.91513772009285,141.53573853166196,435.6246240033242,-1555.74
60,44,inf,inf,inf,212.76316831533427,212.76316831533427,-1539.04
61,2,inf,inf,inf,910.6712278246938,910.6712278246938,-543.55
61,3,306.7745566163857,inf,306.7745566163857,295.8402724319095,13495.342901069153,242.72
61,4,497.3362463097843,inf,497.3362463097843,71.48011055128481,19893.301817039413,223.91
61,5,inf,inf,inf,1689.4905007886955,1689.4905007886955,463.54999999999995
61,7,inf,inf,inf,378.1053136368464,378.1053136368464,-1535.84
61,8,inf,inf,inf,1682.3233048016505,1682.3233048016505,-520.74
61,9,286.82606843165325,inf,286.82606843165325,176.7889756479316,176.92899070544905,245.21
61,460,inf,inf,inf,688.1346276026577,688.1346276026577,-1572.4399999999998
61,462,658.1039469002304,inf,658.1039469002304,582.7545693058545,17760.14315274916,253.36999999999998
61,464,524.9391961434956,inf,524.9391961434956,223.49513499149674,32020.698925622357,276.61
61,465,749.5379477366572,inf,749.5379477366572,64.44921001490374,36727.52676692751,204.9
61,466,67.80544002870637,inf,67.80544002870637,417.29576184588115,444.83079611368896,-1572.4399999999998
61,467,inf,inf,inf,386.91882279561605,386.91882279561605,-1555.74
61,468,11.46513915674306,inf,11.46513915674306,49.956870910103284,183.89936745402085,-1572.4399999999998
61,469,144.0520981608975,inf,144.0520981608975,464.43893850590706,701.1982279033294,401.15999999999997
61,20,635.7168482413887,inf,635.7168482413887,349.2403913547941,19068.167401811093,-43.709
61,21,531.7849646588459,inf,531.7849646588459,224.80617065833962,30842.455788487918,268.68999999999994
61,22,338.7463477696093,inf,338.7463477696093,63.92764119769779,24390.322149853797,239.74999999999997
61,24,437.37681146189465,inf,437.37681146189465,213.2777227398388,26679.17003481753,212.67
61,27,107746139822.43996,inf,107746139822.43996,153.7893531637451,153.7893531637451,-709.72
61,28,inf,inf,inf,706.1703401933514,706.1703401933514,-1572.4399999999998
61,29,inf,inf,inf,329.8414920680743,329.8414920680743,492.16999999999996
61,30,481.47254398288226,inf,481.47254398288226,87.29477340224003,35629.692230286615,241.26000000000002
61,31,467.93340534754344,inf,467.93340534754344,561.7707913463378,33218.7412830671,113.53
61,32,586.7065718640016,inf,586.7065718640016,98.96592677217197,26989.299892626812,221.72
61,34,1.5462899581763578,inf,1.5462899581763578,3.998253879527114,25.45143856899441,425.0
61,35,inf,inf,inf,718.1801312362193,718.1801312362193,-1555.74
61,36,inf,inf,inf,81.98649926698424,81.98649926698424,-1572.4399999999998
61,38,57.46796661266246,inf,57.46796661266246,558.1543759276909,802.5193176864858,163.74999999999997
61,39,647.0010991878519,inf,647.0010991878519,225.2020744009467,42054.13759622611,143.65
61,40,inf,inf,inf,2953.09135905081,2953.09135905081,285.77
61,41,177.9747609235755,inf,177.9747609235755,262.0934601146241,11921.31711262719,177.67999999999998
61,43,24.53405988546735,inf,24.53405988546735,141.56797027354247,428.05692261553827,-1572.4399999999998
61,44,inf,inf,inf,212.76316831533427,212.76316831533427,-1555.74
62,2,inf,inf,inf,926.0546167769612,926.0546167769612,-560.21
62,3,305.7858010193617,inf,305.7858010193617,295.5314652002477,13451.35711868113,242.49999999999997
62,4,496.33254921433723,inf,496.33254921433723,71.35847940987045,19853.154150768278,223.79999999999998
62,5,inf,inf,inf,1725.63489979178,1725.63489979178,463.42999999999995
62,7,inf,inf,inf,378.1053136368464,378.1053136368464,-1552.4399999999998
62,8,inf,inf,inf,1700.8917167647407,1700.8917167647407,-515.96
62,9,266.89541377885564,inf,266.89541377885564,176.78897564804748,176.92898649747104,261.88
62,460,inf,inf,inf,688.1346276026577,688.1346276026577,-1589.04
62,462,657.1474395150946,inf,657.1474395150946,582.7525958811013,17733.18704797088,253.4
62,464,523.9402985279842,inf,523.9402985279842,223.5518274107618,31959.763929626875,276.42999999999995
62,465,748.5353871546125,inf,748.5353871546125,64.28542350899832,36678.40121054888,205.10999999999999
62,466,61.684188837208076,inf,61.684188837208076,408.6851333120365,441.3715576061931,-1589.04
62,467,inf,inf,inf,386.91882279561605,386.91882279561605,-1572.4399999999998
62,468,11.465139156582001,inf,11.465139156582001,49.956870909664175,183.89936745402085,-1589.04
62,469,170.78475494434616,inf,170.78475494434616,464.7806963168589,699.2015642440125,396.37
62,20,634.6763822589486,inf,634.6763822589486,349.44899881077424,19038.027355599934,-43.492000000000004
62,21,530.7848345339864,inf,530.7848345339864,224.6524029615687,30784.44829542003,268.47
62,22,337.7487273712178,inf,337.7487273712178,63.927641207447465,24317.92120607952,240.11999999999998
62,24,435.36810015794566,inf,435.36810015794566,213.5822809101936,26556.632093106076,212.76000000000002
62,27,118501270214.90215,inf,118501270214.90215,153.7893531637451,153.7893531637451,-709.72
62,28,inf,inf,inf,715.8711932789147,715.8711932789147,-1589.04
62,29,inf,inf,inf,349.8895165037601,349.8895165037601,508.8399999999999
62,30,480.4737657007642,inf,480.4737657007642,87.31497751864374,35555.77075883538,241.70000000000002
62,31,466.92813562255776,inf,466.92813562255776,561.7873686932235,33147.35614127424,113.60999999999999
62,32,585.727786133374,inf,585.727786133374,99.33167124977213,26943.314097190752,221.47
62,34,4.337324692387092,inf,4.337324692387092,3.998253867846683,25.4513845275466,430.93999999999994
62,35,inf,inf,inf,752.9280096605628,752.9280096605628,-1572.4399999999998
62,36,inf,inf,inf,81.98746949737613,81.98746949737613,-1589.04
62,38,57.43221216786758,inf,57.43221216786758,558.102977300068,788.1761173344322,130.42
62,39,646.002099853934,inf,646.002099853934,225.13468118591757,41989.20257928015,143.6
62,40,inf,inf,inf,3023.688701041486,3023.688701041486,285.92999999999995
62,41,176.97639164683665,inf,176.97639164683665,262.1013138172588,11854.410534039136,177.49999999999997
62,43,24.16051413004456,inf,24.16051413004456,141.59229410157218,420.5134809969405,-1589.04
62,44,inf,inf,inf,212.76316831533427,212.76316831533427,-1572.4399999999998
63,2,inf,inf,inf,941.1458750863368,941.1458750863368,-576.88
63,3,304.7863054264914,inf,304.7863054264914,295.42467711196247,13407.370908788434,242.21
63,4,496.3325492117785,inf,496.3325492117785,71.35847936330624,19853.154150768278,223.79999999999998
63,5,inf,inf,inf,1761.7797318788898,1761.7797318788898,463.35
63,7,inf,inf,inf,378.1053136368464,378.1053136368464,-1569.1399999999999
63,8,inf,inf,inf,1719.4689148349387,1719.4689148349387,-516.07
63,9,266.8994134179905,inf,266.8994134179905,176.78897564803503,176.92898228955616,278.54999999999995
63,460,inf,inf,inf,688.1346276026577,688.1346276026577,-1589.04
63,462,656.1083438979018,inf,656.1083438979018,582.7230033282439,17706.23098592487,253.60999999999999
63,464,522.9413952180788,inf,522.9413952180788,223.6084690590787,31898.82857932614,276.32000000000005
63,465,747.4964309586684,inf,747.4964309586684,64.21537743867286,36629.27386523409,205.29
63,466,61.68418883622395,inf,61.68418883622395,408.6851333104575,441.3715576061931,-1589.04
63,467,inf,inf,inf,386.91882279561605,386.91882279561605,-1589.04
63,468,11.46513915642196,inf,11.46513915642196,49.95687090935052,183.89936745402085,-1605.74
63,469,170.78475494879905,inf,170.78475494879905,464.78069633782803,699.2015642440125,396.37
63,20,633.6695341296518,inf,633.6695341296518,349.30859501113974,19007.88754689256,-43.161
63,21,530.7848345333152,inf,530.7848345333152,224.65240284769104,30784.44829542003,268.47
63,22,336.7352523021853,inf,336.7352523021853,63.92764121306792,24245.518804576586,240.6
63,24,435.36810015640117,inf,435.36810015640117,213.58228093816498,26556.632093106076,212.76000000000002
63,27,132733556137.561,inf,132733556137.561,153.7893531637451,153.7893531637451,-709.72
63,28,inf,inf,inf,715.8711932789147,715.8711932789147,-1589.04
63,29,inf,inf,inf,349.8895165037601,349.8895165037601,508.8399999999999
63,30,479.47484603969207,inf,479.47484603969207,87.25456887574056,35481.84892582021,242.10999999999999
63,31,465.9228673181944,inf,465.9228673181944,561.8040918791552,33075.97105244025,113.49000000000001
63,32,585.7277861320088,inf,585.7277861320088,99.33167136623005,26943.314097190752,221.47
63,34,4.337324692547402,inf,4.337324692547402,3.9982538677217345,25.4513845275466,430.93999999999994
63,35,inf,inf,inf,788.6801104165348,788.6801104165348,-1589.04
63,36,inf,inf,inf,81.98746949737613,81.98746949737613,-1589.04
63,38,57.43467177957613,inf,57.43467177957613,558.0482454455639,781.0985937865812,113.75
63,39,644.0041004230125,inf,644.0041004230125,224.9995345776603,41859.332492025074,143.57000000000002
63,40,inf,inf,inf,3023.688701041486,3023.688701041486,285.92999999999995
63,41,175.97803339202773,inf,175.97803339202773,262.10917425154184,11787.50450691841,177.39000000000001
63,43,23.779935615810015,inf,23.779935615810015,141.61408849359682,412.98033299126865,-1605.74
63,44,inf,inf,inf,212.76316831533427,212.76316831533427,-1589.04
64,2,inf,inf,inf,955.9245203398399,955.9245203398399,-593.55
64,3,303.7762052298751,inf,303.7762052298751,295.51817408137157,13363.385569472628,241.79
64,4,495.3288521177638,inf,495.3288521177638,71.23684821142257,19813.006484523034,223.85999999999999
64,5,inf,inf,inf,1797.9245798833108,1797.9245798833108,463.49
64,7,inf,inf,inf,378.1053136368464,378.1053136368464,-1585.84
64,8,inf,inf,inf,1738.060549018921,1738.060549018921,-516.12
64,9,10.63596638666464,inf,10.63596638666464,10.943319578358468,176.92795014325287,295.21000000000004
64,460,inf,inf,inf,688.1346276026577,688.1346276026577,-1622.4399999999998
64,462,655.1105471671696,inf,655.1105471671696,582.7072203376883,17679.274966806577,253.92
64,464,521.9424921486735,inf,521.9424921486735,223.66511070671143,31837.89323636325,276.23
64,465,746.5302239615419,inf,746.5302239615419,63.95795849365091,36580.148037653125,205.52
64,466,56.54736576887145,inf,56.54736576887145,399.4276417902789,437.641168010571,-1605.74
64,467,inf,inf,inf,386.91882279561605,386.91882279561605,-1605.74
64,468,11.46513915626338,inf,11.46513915626338,49.95687090916233,183.89936745402085,-1622.4399999999998
64,469,55.390814212698686,inf,55.390814212698686,465.09671149149875,695.1673440683402,364.20000000000005
64,20,632.6675662906299,inf,632.6675662906299,349.57267224356104,18977.74741546845,-42.926
64,21,529.7847072625867,inf,529.7847072625867,224.49814735038635,30726.440969110212,268.38
64,22,335.7297096974893,inf,335.7297096974893,63.92764121469632,24173.117498990516,241.02
64,24,434.36374256069155,inf,434.36374256069155,213.73463423402882,26495.36297966932,212.85
64,27,152217826647.78027,inf,152217826647.78027,153.7893531637451,153.7893531637451,-709.72
64,28,inf,inf,inf,725.7696590710461,725.7696590710461,-1605.74
64,29,inf,inf,inf,369.7975318134479,369.7975318134479,525.51
64,30,478.47577116836703,inf,478.47577116836703,87.11418287808743,35407.92564531581,242.45000000000002
64,31,464.9176053581062,inf,464.9176053581062,561.8207294224092,33004.58636982853,113.41999999999999
64,32,584.7288722665639,inf,584.7288722665639,99.34285350779804,26897.32830451789,221.23999999999998
64,34,inf,inf,inf,25.451427760704608,25.451427760704608,426.15999999999997
64,35,inf,inf,inf,825.4629178824275,825.4629178824275,-1605.74
64,36,inf,inf,inf,81.9875088963083,81.9875088963083,-1605.74
64,38,57.46517036930949,inf,57.46517036930949,558.0455487011754,774.0858746376754,97.09
64,39,643.0051003257498,inf,643.0051003257498,224.93178104493646,41794.39742172862,143.60999999999999
64,40,inf,inf,inf,3094.31611078911,3094.31611078911,286.22
64,41,174.9796808093605,inf,174.9796808093605,262.1170357802742,11720.59866966329,177.10999999999999
64,43,23.407187945457757,inf,23.407187945457757,141.6585604063431,405.46706004033285,-1622.4399999999998
64,44,inf,inf,inf,212.76316831533427,212.76316831533427,-1605.74
65,2,inf,inf,inf,970.3601433326489,970.3601433326489,-610.21
65,3,302.7873403854947,inf,302.7873403854947,295.21115165781015,13319.399471137538,241.64000000000001
65,4,494.32516279406263,inf,494.32516279406263,71.11541037644011,19772.859128367447,224.01000000000002
65,5,inf,inf,inf,1834.0695614762262,1834.0695614762262,463.76
65,7,inf,inf,inf,378.1053136368464,378.1053136368464,-1602.4399999999998
65,8,inf,inf,inf,1756.6604121498058,1756.6604121498058,-516.21
65,9,266.9043116737093,inf,266.9043116737093,176.78794689552547,176.92794593543988,311.88
65,460,inf,inf,inf,688.1346276026577,688.1346276026577,-1628.34
65,462,654.1122220340036,inf,654.1122220340036,582.5815619022385,17652.317891170296,254.17
65,464,520.9435893211537,inf,520.9435893211537,223.72175235335766,31776.95790078042,276.24
65,465,745.5276584378117,inf,745.5276584378117,63.79444307383436,36531.02223814241,205.61999999999998
65,466,52.11225945944902,inf,52.11225945944902,389.54202659113867,433.6333722483403,-1622.4399999999998
65,467,inf,inf,inf,386.91882279561605,386.91882279561605,-1622.4399999999998
65,468,32.15964367965319,inf,32.15964367965319,49.956870826275,183.89936745402085,-1628.34
65,469,55.333399334668506,inf,55.333399334668506,464.97909035374664,693.1337990669737,347.53
65,20,631.6631319433642,inf,631.6631319433642,349.6348058882499,18947.60661875399,-42.82900000000001
65,21,528.7845773005342,inf,528.7845773005342,224.34437966115553,30668.433480771964,268.4
65,22,334.72415700177106,inf,334.72415700177106,63.927641212334414,24100.715465311936,241.48999999999998
65,24,433.35938548248157,inf,433.35938548248157,213.88698753452414,26434.093882013636,212.98
65,27,180232261634.729,inf,180232261634.729,153.7893531637451,153.7893531637451,-709.72
65,28,inf,inf,inf,735.8553564905576,735.8553564905576,-1622.4399999999998
65,29,inf,inf,inf,409.09239523994074,409.09239523994074,558.8399999999999
65,30,477.48793342976376,inf,477.48793342976376,87.11566036868295,35334.00417511021,242.67999999999998
65,31,463.91233956661665,inf,463.91233956661665,561.8373797026737,32933.201368889095,113.22
65,32,583.7515258572288,inf,583.7515258572288,99.52352052525941,26851.343667267145,221.1
65,34,15.914420465419362,inf,15.914420465419362,25.31547189397308,25.451158644411876,410.65
65,35,inf,inf,inf,863.2504077074072,863.2504077074072,-1622.4399999999998
65,36,inf,inf,inf,81.9884791266708,81.9884791266708,-1622.4399999999998
65,38,57.42965381988287,inf,57.42965381988287,557.9978486547136,767.1017002114752,80.41999999999999
65,39,642.006101224738,inf,642.006101224738,224.86438782550832,41729.46241234045,143.80999999999997
65,40,inf,inf,inf,3164.9716180503465,3164.9716180503465,286.36
65,41,173.9813339956846,inf,173.9813339956846,262.1248962150611,11653.693025533217,177.08
65,43,42.72284146655155,inf,42.72284146655155,141.67145807908514,397.9698116238307,-1628.34
65,44,inf,inf,inf,212.76316831533427,212.76316831533427,-1622.4399999999998
66,2,inf,inf,inf,984.4772480880273,984.4772480880273,-616.15
66,3,301.78785601972174,inf,301.78785601972174,295.1046993707354,13275.413579381406,241.64000000000001
66,4,493.3037488706579,inf,493.3037488706579,70.55279510638863,19732.710457631983,224.33
66,5,inf,inf,inf,1870.2154874101632,1870.2154874101632,464.03
66,7,inf,inf,inf,378.1053136368464,378.1053136368464,-1608.4399999999998
66,8,inf,inf,inf,1775.2700575388558,1775.2700575388558,-516.47
66,9,266.90831164186955,inf,266.90831164186955,176.78794689552797,176.92794172769007,328.54999999999995
66,460,inf,inf,inf,688.1346276026577,688.1346276026577,-1628.34
66,462,653.114922393141,inf,653.114922393141,582.6756043723308,17625.361954120606,254.42999999999998
66,464,519.9591614352788,inf,519.9591614352788,223.81382604063523,31716.024019039774,276.13
66,465,744.5250978832571,inf,744.5250978832571,63.63065654222846,36481.89668242509,205.58
66,466,94.39433037092218,inf,94.39433037092218,389.54923611237814,429.7781300287156,-1628.34
66,467,inf,inf,inf,386.91882279561605,386.91882279561605,-1628.34
66,468,42466577257.24441,inf,42466577257.24441,183.89936745402085,183.89936745402085,-1628.34
66,469,55.284159253592684,inf,55.284159253592684,464.9581464343932,691.0798506000363,330.86
66,20,630.6932734861554,inf,630.6932734861554,349.4508776373661,18917.466527577802,-42.724000000000004
66,21,526.7843203971373,inf,526.7843203971373,224.03635658987605,30552.418675655375,268.36
66,22,333.71861448170205,inf,333.71861448170205,63.92764120601792,24028.314162772844,242.04999999999998
66,24,432.35503686988767,inf,432.35503686988767,214.03952572774458,26372.825283379767,213.14000000000001
66,27,223545163388.4117,inf,223545163388.4117,153.7893531637451,153.7893531637451,-709.72
66,28,inf,inf,inf,746.1129988706691,746.1129988706691,-1628.34
66,29,inf,inf,inf,428.44132082371897,428.44132082371897,575.51
66,30,476.488991536743,inf,476.488991536743,87.05565193843121,35260.08238870129,242.93999999999997
66,31,461.9018376499319,inf,461.9018376499319,561.8707259852846,32790.43333342546,112.66999999999999
66,32,581.7298578725471,inf,581.7298578725471,99.6535378003982,26759.371625340533,220.79999999999998
66,34,inf,inf,inf,25.451719584569805,25.451719584569805,393.98
66,35,inf,inf,inf,899.9487039718889,899.9487039718889,-1628.34
66,36,inf,inf,inf,81.98849291628166,81.98849291628166,-1628.34
66,38,57.64907473911728,inf,57.64907473911728,557.9793212725572,760.2547700488858,63.75
66,39,641.0071021826998,inf,641.0071021826998,224.79699460534042,41664.52740486503,143.91
66,40,inf,inf,inf,3306.359163003534,3306.359163003534,286.55999999999995
66,41,172.98298760583987,inf,172.98298760583987,262.13275028344583,11586.787213078045,176.95000000000002
66,43,52.12926214169045,inf,52.12926214169045,141.6705989487458,390.48017101021014,-1627.74
66,44,inf,inf,inf,212.76316831533427,212.76316831533427,-1628.34
67,2,inf,inf,inf,998.2310153759239,998.2310153759239,-619.88
67,3,300.7883781621126,inf,300.7883781621126,294.99776873595664,13231.427927397246,241.45000000000002
67,4,492.3000877631938,inf,492.3000877631938,70.43206162936862,19692.562791465865,224.66
67,5,inf,inf,inf,1906.3611453171957,1906.3611453171957,464.30999999999995
67,7,inf,inf,inf,378.1053136368464,378.1053136368464,-1608.4399999999998
67,8,inf,inf,inf,1793.8902872594742,1793.8902872594742,-516.78
67,9,29.77761856111316,inf,29.77761856111316,0.6062300359861188,176.92691219316328,334.49
67,460,inf,inf,inf,688.1346276026577,688.1346276026577,-1628.34
67,462,652.1581175996614,inf,652.1581175996614,582.6735258730274,17598.406064969593,254.45000000000002
67,464,518.9458081320219,inf,518.9458081320219,223.8352387248257,31655.088698347983,275.93999999999994
67,465,743.5225323732967,inf,743.5225323732967,63.467141108426354,36432.77088324638,205.39000000000001
67,466,87.18415291408911,inf,87.18415291408911,379.5325201070015,425.64763228721404,-1634.24
67,467,inf,inf,inf,386.91882279561605,386.91882279561605,-1628.34
67,468,40482719911.77434,inf,40482719911.77434,183.89936745402085,183.89936745402085,-1628.34
67,469,55.23618502823015,inf,55.23618502823015,464.95151711804664,689.0045664283799,314.20000000000005
67,20,629.6888092336583,inf,629.6888092336583,349.51316556853925,18887.326456666033,-42.586
67,21,525.7841906831331,inf,525.7841906831331,223.8825889074126,30494.411194515138,268.29999999999995
67,22,332.713056804799,inf,332.713056804799,63.92764119578237,23955.91176736431,242.35
67,24,430.3463040223783,inf,430.3463040223783,214.3440109022489,26250.285869653777,213.48
67,27,298736739859.3531,inf,298736739859.3531,153.7893531637451,153.7893531637451,-709.72
67,28,inf,inf,inf,756.5537931696844,756.5537931696844,-1627.24
67,29,inf,inf,inf,447.5720101857437,447.5720101857437,592.17
67,30,475.4900539203806,inf,475.4900539203806,86.99523696306588,35186.16091933999,242.98
67,31,460.89657579736263,inf,460.89657579736263,561.887376276398,32719.048472256316,112.47999999999999
67,32,580.7095051307891,inf,580.7095051307891,99.49727021243761,26713.38584386603,220.51000000000002
67,34,inf,inf,inf,25.451870900681378,25.451870900681378,377.30999999999995
67,35,inf,inf,inf,936.1348194127886,936.1348194127886,-1634.24
67,36,inf,inf,inf,81.98850670592202,81.98850670592202,-1634.24
67,38,57.68250929784087,inf,57.68250929784087,557.9575984225852,753.4505926491296,47.09
67,39,640.0081022620594,inf,640.0081022620594,224.7292410704025,41599.59234029718,144.14000000000001
67,40,inf,inf,inf,3377.0880165542926,3377.0880165542926,286.41999999999996
67,41,171.98464718775833,inf,171.98464718775833,262.14060435235746,11519.881600522534,176.80999999999997
67,43,51.32475846522182,inf,51.32475846522182,141.68684370810405,383.013556785689,-1627.24
67,44,inf,inf,inf,212.76316831533427,212.76316831533427,-1628.34
68,2,inf,inf,inf,1011.6347427648376,1011.6347427648376,-623.54
68,3,299.7888954472602,inf,299.7888954472602,294.89098063861763,13187.442000605079,241.21
68,4,491.29642665715426,inf,491.29642665715426,70.31132814801069,19652.41512532627,224.98999999999998
68,5,inf,inf,inf,1942.5075702988775,1942.5075702988775,464.5799999999999
68,7,inf,inf,inf,378.1053136368464,378.1053136368464,-1608.4399999999998
68,8,inf,inf,inf,1812.5202616412953,1812.5202616412953,-516.83
68,9,29.77761856130579,inf,29.77761856130579,0.6062300426290731,176.92691219316328,334.49
68,460,inf,inf,inf,688.1346276026577,688.1346276026577,-1628.34
68,462,652.158117599719,inf,652.158117599719,582.6735257257811,17598.406064969593,254.45000000000002
68,464,517.9469060386762,inf,517.9469060386762,223.8918803666341,31594.153385164867,275.77
68,465,742.5390404166689,inf,742.5390404166689,64.14186363002891,36383.646873338876,205.07000000000002
68,466,80.91293494129549,inf,80.91293494129549,368.9496309987708,421.2464473185933,-1640.24
68,467,inf,inf,inf,386.91882279561605,386.91882279561605,-1628.34
68,468,38711463948.02815,inf,38711463948.02815,183.89936745402085,183.89936745402085,-1628.34
68,469,141.5717634108789,inf,141.5717634108789,464.9522663678252,686.9047384026669,308.26
68,20,628.6855642971552,inf,628.6855642971552,349.6760928485413,18857.186531261323,-42.507000000000005
68,21,524.7840638249712,inf,524.7840638249712,223.72833342341954,30436.40388017925,268.23
68,22,331.71529522965966,inf,331.71529522965966,63.92764118169675,23883.510832732252,242.73999999999998
68,24,430.3463040210243,inf,430.3463040210243,214.34401095311884,26250.285869653777,213.48
68,27,460160356819.2829,inf,460160356819.2829,153.7893531637451,153.7893531637451,-709.72
68,28,inf,inf,inf,767.1582412891058,767.1582412891058,-1626.24
68,29,inf,inf,inf,447.5720101857437,447.5720101857437,592.17
68,30,474.49111694060997,inf,474.49111694060997,86.93518407469475,35112.23949575902,243.1
68,31,459.90225533839975,inf,459.90225533839975,561.876966709168,32647.66511933164,112.16
68,32,580.7095051301328,inf,580.7095051301328,99.49727034019165,26713.38584386603,220.51000000000002
68,34,inf,inf,inf,25.452022216815717,25.452022216815717,360.65
68,35,inf,inf,inf,971.774549779703,971.774549779703,-1640.24
68,36,inf,inf,inf,81.98852148056942,81.98852148056942,-1640.24
68,38,57.80896667635586,inf,57.80896667635586,557.9385270188379,746.7199312934574,30.419999999999987
68,39,638.9758182448386,inf,638.9758182448386,224.78586689657283,41534.65727765515,144.41
68,40,inf,inf,inf,3377.0880165542926,3377.0880165542926,286.41999999999996
68,41,170.98631829173456,inf,170.98631829173456,262.14846478870743,11452.976556170452,176.66
68,43,51.324758464425344,inf,51.324758464425344,141.6868437142058,383.013556785689,-1627.24
68,44,inf,inf,inf,212.76316831533427,212.76316831533427,-1628.34
69,2,inf,inf,inf,1024.6372016157666,1024.6372016157666,-627.16
69,3,298.789437511806,inf,298.789437511806,294.784579072236,13143.457097259346,241.11999999999998
69,4,490.3103571141538,inf,490.3103571141538,70.62931112286624,19612.267769277885,225.11999999999998
69,5,inf,inf,inf,1978.6529617454112,1978.6529617454112,464.85
69,7,inf,inf,inf,378.1053136368464,378.1053136368464,-1608.4399999999998
69,8,inf,inf,inf,1831.1565739057696,1831.1565739057696,-516.91
69,9,inf,inf,inf,176.92691349901006,176.92691349901006,329.71000000000004
69,460,inf,inf,inf,688.1346276026577,688.1346276026577,-1628.34
69,462,651.1193514627718,inf,651.1193514627718,582.6440382439804,17571.4502195402,254.65
69,464,516.9480041928657,inf,516.9480041928657,223.948522006204,31533.218079533952,275.68999999999994
69,465,741.5174378736936,inf,741.5174378736936,63.13975810234167,36334.521074495045,204.93999999999997
69,466,75.42049533098617,inf,75.42049533098617,357.81541540775555,416.58141284260734,-1646.1399999999999
69,467,inf,inf,inf,386.91882279561605,386.91882279561605,-1628.34
69,468,37126117428.06138,inf,37126117428.06138,183.89936745402085,183.89936745402085,-1628.34
69,469,166.68422785311645,inf,166.68422785311645,464.6652868741626,684.7765055388147,313.03999999999996
69,20,627.6799005412639,inf,627.6799005412639,349.63796761146205,18827.046843846507,-42.333
69,21,523.7839624086712,inf,523.7839624086712,223.57458184245178,30378.39803536125,268.05999999999995
69,22,330.7097292677768,inf,330.7097292677768,63.927641163729795,23811.10953486812,243.08
69,24,429.341956994179,inf,429.341956994179,214.4965491589772,26189.017319376017,213.79999999999998
69,27,1048658493395.7017,inf,1048658493395.7017,153.7893531637451,153.7893531637451,-709.72
69,28,inf,inf,inf,777.9469614441041,777.9469614441041,-1624.9399999999998
69,29,inf,inf,inf,466.4731206560499,466.4731206560499,608.8399999999999
69,30,473.4921744574515,inf,473.4921744574515,86.87481355882684,35038.31766527726,243.11999999999998
69,31,458.8860766362031,inf,458.8860766362031,561.9206624069927,32576.280350973982,111.75999999999999
69,32,579.7305056551268,inf,579.7305056551268,99.86048656582672,26667.400065226695,220.41
69,34,inf,inf,inf,25.452328451919144,25.452328451919144,327.30999999999995
69,35,inf,inf,inf,1006.8348985313269,1006.8348985313269,-1646.1399999999999
69,36,inf,inf,inf,81.98853527027087,81.98853527027087,-1646.1399999999999
69,38,57.94172744714233,inf,57.94172744714233,557.8778760743799,740.0610607368606,13.75
69,39,638.0101025991866,inf,638.0101025991866,224.59373400102493,41469.72221694799,144.67999999999998
69,40,inf,inf,inf,3447.8386121272906,3447.8386121272906,286.5
69,41,169.98799013377177,inf,169.98799013377177,262.1563188589691,11386.071354006239,176.73
69,43,50.596522881912094,inf,50.596522881912094,141.72967190382565,375.5719383543107,-1627.24
69,44,inf,inf,inf,212.76316831533427,212.76316831533427,-1628.34
70,2,inf,inf,inf,1037.2292947655503,1037.2292947655503,-630.6
70,3,297.7899601312938,inf,297.7899601312938,294.6777909702417,13099.471287732009,240.98
70,4,489.28908712627464,inf,489.28908712627464,70.07028660764641,19572.119098650488,225.29
70,5,inf,inf,inf,2014.798355841615,2014.798355841615,465.13
70,7,inf,inf,inf,378.1053136368464,378.1053136368464,-1608.4399999999998
70,8,inf,inf,inf,1868.4550951570277,1868.4550951570277,-517.13
70,9,748.6724681205874,inf,748.6724681205874,176.78691813990707,176.92691190297592,335.65
70,460,inf,inf,inf,688.1346276026577,688.1346276026577,-1628.34
70,462,650.162427812209,inf,650.162427812209,582.6419177191897,17544.494418033948,254.76000000000002
70,464,515.9491025960344,inf,515.9491025960344,224.0051636432591,31472.282781499107,275.52
70,465,740.5148773469377,inf,740.5148773469377,62.97597154082368,36285.39551944966,204.78
70,466,71.8029220256661,inf,71.8029220256661,346.18698265299355,406.86887381733254,-1658.04
70,467,inf,inf,inf,386.91882279561605,386.91882279561605,-1628.34
70,468,35703428922.872536,inf,35703428922.872536,183.89936745402085,183.89936745402085,-1628.34
70,469,59.00352441183943,inf,59.00352441183943,464.5251162616831,682.6062718876364,328.54999999999995
70,20,625.6721940725548,inf,625.6721940725548,349.86270178066997,18766.76697063124,-42.0
70,21,522.783830106511,inf,522.783830106511,223.4204862859741,30320.390399212032,268.01
70,22,329.69642456788137,inf,329.69642456788137,63.927641142085335,23738.707508981784,243.33
70,24,428.3376025584253,inf,428.3376025584253,214.648902480333,26127.748302299922,213.85999999999999
70,27,inf,inf,inf,153.7893531637451,153.7893531637451,-709.72
70,28,inf,inf,inf,788.9440964461339,788.9440964461339,-1623.6399999999999
70,29,inf,inf,inf,503.5522666877235,503.5522666877235,642.17
70,30,472.4932368760688,inf,472.4932368760688,86.81439858540907,34964.39619720184,243.11999999999998
70,31,457.88082389210825,inf,457.88082389210825,561.9372635239426,32504.895994747476,111.38999999999999
70,32,578.7308223075279,inf,578.7308223075279,99.96383015105303,26621.413948373385,220.23
70,34,15.412411849820382,inf,15.412411849820382,25.326822260357076,25.452070158722805,310.65
70,35,inf,inf,inf,1042.1941179112566,1042.1941179112566,-1652.1399999999999
70,36,inf,inf,inf,81.98854906000182,81.98854906000182,-1652.1399999999999
70,38,58.10610117466395,inf,58.10610117466395,557.8663024685077,733.4742522896204,-2.9099999999999966
70,39,637.011103795587,inf,637.011103795587,224.52634078189155,41404.78721720633,144.92
70,40,inf,inf,inf,3518.608946575007,3518.608946575007,286.67999999999995
70,41,168.98966826917143,inf,168.98966826917143,262.1641729300649,11319.166362501013,176.73
70,43,49.85754332655687,inf,49.85754332655687,141.7618203255034,368.16814305217764,-1627.24
70,44,inf,inf,inf,212.76316831533427,212.76316831533427,-1628.34
71,2,inf,inf,inf,1049.3718072331246,1049.3718072331246,-634.0600000000001
71,3,296.79048545786736,inf,296.79048545786736,294.57100286570693,13055.485537714232,241.04999999999998
71,4,488.3029378521887,inf,488.3029378521887,70.38628085967582,19531.97143259198,225.23
71,5,inf,inf,inf,2050.94404389604,2050.94404389604,465.4
71,7,inf,inf,inf,378.1053136368464,378.1053136368464,-1608.4399999999998
71,8,inf,inf,inf,1887.1157617343576,1887.1157617343576,-517.03
71,9,266.9110035102434,inf,266.9110035102434,176.7869181431152,176.92690769529312,352.30999999999995
71,460,inf,inf,inf,688.1346276026577,688.1346276026577,-1628.34
71,462,649.1645876151914,inf,649.1645876151914,582.6260773765773,17517.538656267196,254.72
71,464,513.9656083322999,inf,513.9656083322999,224.15347271831672,31350.41365483234,275.1
71,465,739.5123168271937,inf,739.5123168271937,62.81218497118962,36236.26996457422,204.73999999999998
71,466,73.2905269187521,inf,73.2905269187521,346.19798349758,402.23015184720236,-1664.04
71,467,inf,inf,inf,386.91882279561605,386.91882279561605,-1628.34
71,468,34424831559.270035,inf,34424831559.270035,183.89936745402085,183.89936745402085,-1628.34
71,469,54.97309948172188,inf,54.97309948172188,464.3889134755374,680.413605379645,345.21000000000004
71,20,624.6677348490473,inf,624.6677348490473,349.9248293765313,18736.627002530255,-42.098
71,21,521.7837063420382,inf,521.7837063420382,223.2665587002836,30262.383254558317,268.05999999999995
71,22,328.69858734321747,inf,328.69858734321747,63.92764111678337,23666.30621430595,243.66
71,24,427.33324866234557,inf,427.33324866234557,214.80125580544131,26066.47930168044,213.86999999999998
71,27,inf,inf,inf,153.7893531637451,153.7893531637451,-709.72
71,28,inf,inf,inf,800.1361221112755,800.1361221112755,-1622.4399999999998
71,29,inf,inf,inf,521.7158952816272,521.7158952816272,658.8399999999999
71,30,471.49429504155574,inf,471.49429504155574,86.7543901583656,34890.47441294371,243.02
71,31,456.87556748457575,inf,456.87556748457575,561.9539867526312,32433.511328063014,111.24000000000001
71,32,576.7322467930834,inf,576.7322467930834,100.0799555952877,26529.443558048737,220.10999999999999
71,34,inf,inf,inf,25.452221477383905,25.452221477383905,293.98
71,35,inf,inf,inf,1077.8233807715087,1077.8233807715087,-1658.04
71,36,inf,inf,inf,81.98856284976226,81.98856284976226,-1658.04
71,38,58.336621324356834,inf,58.336621324356834,557.8793345823648,726.9743882498929,-19.58
71,39,636.0121050523561,inf,636.0121050523561,224.45894756395106,41339.85221942276,145.11999999999998
71,40,inf,inf,inf,3660.206331139107,3660.206331139107,287.38
71,41,167.9913582558105,inf,167.9913582558105,262.17203336889276,11252.261950212069,176.79999999999998
71,43,48.13742204419764,inf,48.13742204419764,141.81542334567231,353.44068411961524,-1627.84
71,44,inf,inf,inf,212.76316831533427,212.76316831533427,-1628.34
72,2,inf,inf,inf,1061.0916177322304,1061.0916177322304,-637.57
72,3,294.79153686048863,inf,294.79153686048863,294.3575691414088,12967.513886145582,241.23
72,4,486.29555145927293,inf,486.29555145927293,70.14321189731112,19451.676410622138,225.39000000000001
72,5,inf,inf,inf,2087.0902641482107,2087.0902641482107,465.66999999999996
72,7,inf,inf,inf,378.1053136368464,378.1053136368464,-1608.4399999999998
72,8,inf,inf,inf,1905.7843227823,1905.7843227823,-516.95
72,9,266.91500375455576,inf,266.91500375455576,176.78691814314715,176.92690348767348,368.98
72,460,inf,inf,inf,688.1346276026577,688.1346276026577,-1628.34
72,462,648.126019341013,inf,648.126019341013,582.5966529424661,17490.582943214937,254.48999999999998
72,464,512.9524230501751,inf,512.9524230501751,224.1752915189285,31289.478379855358,275.08000000000004
72,465,738.5097513520222,inf,738.5097513520222,62.648669498256915,36187.14416623787,204.6
72,466,74.91633373301472,inf,74.91633373301472,346.210935780313,397.7371724190868,-1669.9399999999998
72,467,inf,inf,inf,386.91882279561605,386.91882279561605,-1628.34
72,468,33274509865.403625,inf,33274509865.403625,183.89936745402085,183.89936745402085,-1628.34
72,469,54.94717186111619,inf,54.94717186111619,464.5052199976408,678.2069858518149,361.88
72,20,623.6620725866826,inf,623.6620725866826,349.8874643908251,18706.48705528619,-42.274
72,21,520.7835770508675,inf,520.7835770508675,223.11279103866553,30204.375785690605,267.93999999999994
72,22,327.69302658142243,inf,327.69302658142243,63.92764108787287,23593.90528605078,243.80999999999997
72,24,425.32454792826513,inf,425.32454792826513,215.1058140170714,25943.94168230316,214.05999999999997
72,27,inf,inf,inf,153.7893531637451,153.7893531637451,-709.72
72,28,inf,inf,inf,811.5024209361818,811.5024209361818,-1621.24
72,29,inf,inf,inf,539.6219035165303,539.6219035165303,675.51
72,30,470.49535748387325,inf,470.49535748387325,86.69397518766696,34816.552945739684,243.03
72,31,455.8703124428904,inf,455.8703124428904,561.9707099862666,32362.12670984343,111.29999999999998
72,32,575.7105468760282,inf,575.7105468760282,100.10746084093711,26483.456638248506,220.22
72,34,inf,inf,inf,25.45237279606773,25.45237279606773,277.30999999999995
72,35,inf,inf,inf,1113.6968075723498,1113.6968075723498,-1664.04
72,36,inf,inf,inf,81.98857762453832,81.98857762453832,-1664.04
72,38,58.57599088768869,inf,58.57599088768869,557.8241458946119,720.5600428115732,-36.24600000000001
72,39,634.996243958629,inf,634.996243958629,224.34735409316673,41274.9135055649,145.16
72,40,inf,inf,inf,3731.0312253458815,3731.0312253458815,287.57000000000005
72,41,166.99304931757743,inf,166.99304931757743,262.1798874419224,11185.357391387457,176.88000000000002
72,43,47.24826748353987,inf,47.24826748353987,141.84235989821136,346.10872461086853,-1628.34
72,44,inf,inf,inf,212.76316831533427,212.76316831533427,-1628.34
73,2,inf,inf,inf,1072.3913418969018,1072.3913418969018,-641.19
73,3,293.79208154091214,inf,293.79208154091214,294.2509742979145,12923.528800943,241.49999999999997
73,4,485.29185437963883,inf,485.29185437963883,70.02158070910042,19411.528744645955,225.47
73,5,inf,inf,inf,2123.2359529513756,2123.2359529513756,465.93999999999994
73,7,inf,inf,inf,378.1053136368464,378.1053136368464,-1608.4399999999998
73,8,inf,inf,inf,1924.4602311337687,1924.4602311337687,-516.86
73,9,10.635847333388906,inf,10.635847333388906,10.941904738682789,176.925867696379,385.65
73,460,inf,inf,inf,688.1346276026577,688.1346276026577,-1628.34
73,462,647.1689175189614,inf,647.1689175189614,582.5944693818514,17463.627274697872,254.38000000000002
73,464,511.95352246406844,inf,511.95352246406844,224.23193314653003,31228.54311265337,275.03999999999996
73,465,737.5071908463289,inf,737.5071908463289,62.48488291208925,36138.01861170379,204.59
73,466,76.82545927311683,inf,76.82545927311683,346.2211492082972,393.3991100326815,-1675.84
73,467,inf,inf,inf,386.91882279561605,386.91882279561605,-1628.34
73,468,32238690397.808308,inf,32238690397.808308,183.89936745402085,183.89936745402085,-1628.34
73,469,54.947171861986085,inf,54.947171861986085,464.5052200039661,678.2069858518149,361.88
73,20,622.657633714957,inf,622.657633714957,349.94997852477945,18676.347596857715,-42.461
73,21,520.7835770493363,inf,520.7835770493363,223.1127909606306,30204.375785690605,267.93999999999994
73,22,326.68746079821943,inf,326.68746079821943,63.92764105553043,23521.50399462219,243.98
73,24,425.32454792718926,inf,425.32454792718926,215.1058140868561,25943.94168230316,214.05999999999997
73,27,inf,inf,inf,153.7893531637451,153.7893531637451,-709.72
73,28,inf,inf,inf,823.0470323346776,823.0470323346776,-1620.1399999999999
73,29,inf,inf,inf,539.6219035165303,539.6219035165303,675.51
73,30,469.4964150480951,inf,469.4964150480951,86.63360467729787,34742.631117000135,242.85999999999999
73,31,454.8650586687094,inf,454.8650586687094,561.9873238495663,32290.742134687713,111.4
73,32,575.7105468761133,inf,575.7105468761133,100.10746097110636,26483.456638248506,220.22
73,34,inf,inf,inf,25.452524114774285,25.452524114774285,260.65
73,35,inf,inf,inf,1149.791669988815,1149.791669988815,-1669.9399999999998
73,36,inf,inf,inf,81.9895222451056,81.9895222451056,-1669.9399999999998
73,38,58.575990886930235,inf,58.575990886930235,557.8241458941036,720.5600428115732,-36.24600000000001
73,39,634.9962439591333,inf,634.9962439591333,224.34735395352033,41274.9135055649,145.16
73,40,inf,inf,inf,3731.0312253458815,3731.0312253458815,287.57000000000005
73,41,165.99474701781824,inf,165.99474701781824,262.1877415160598,11118.45305476725,176.85
73,43,46.51623067229772,inf,46.51623067229772,141.8693781013773,338.80763834423766,-1628.6399999999999
73,44,inf,inf,inf,212.76316831533427,212.76316831533427,-1628.34
74,2,inf,59.1020979020979,59.1020979020979,1083.270752312244,1083.270752312244,-633.87
74,3,266.0718469289352,inf,266.0718469289352,2296.051031250418,12879.543271977944,252.64999999999998
74,4,627.2248297121996,inf,627.2248297121996,3572.6872609418547,19371.38093424341,236.20999999999998
74,5,inf,inf,inf,2159.3816580077287,2159.3816580077287,476.94999999999993
74,7,35.254632290673825,148.97062937062935,35.254632290673825,1.0195124176160681,378.1052574569423,-1597.7099999999998
74,8,inf,47.193473193473196,47.193473193473196,1943.1434488010614,1943.1434488010614,-506.15000000000003
74,9,162.33258865199494,inf,162.33258865199494,176.78575144504282,176.92586125454974,413.03999999999996
74,460,105.55035081681405,150.8261072261072,105.55035081681405,546.4004187929337,688.1345934498995,-1617.61
74,462,678.5849660106353,inf,678.5849660106353,7148.272812774005,17436.672390774853,264.82
74,464,523.1034626046936,inf,523.1034626046936,5255.176485283784,31167.60786069009,285.66999999999996
74,465,633.3247057271078,inf,633.3247057271078,4448.247355006521,36088.892771894,215.39999999999998
74,466,inf,155.81445221445222,155.81445221445222,389.21975235006636,389.21975235006636,-1671.11
74,467,81.1827754001884,150.8261072261072,81.1827754001884,346.6160587433127,386.9187978276556,-1617.61
74,468,inf,150.8261072261072,150.8261072261072,183.8994215214799,183.8994215214799,-1617.61
74,469,35.891554238092276,inf,35.891554238092276,110.91324706377586,675.962194547213,389.28
74,20,465.3638253445734,2.9646620046620056,2.9646620046620056,1964.1706844366838,18646.207638871878,-31.796000000000006
74,21,566.397094079342,inf,566.397094079342,5584.467809901569,30146.368508676103,278.77
74,22,283.4584906001657,inf,283.4584906001657,64.0757970285167,23449.103013464402,254.76
74,24,505.15586270397944,inf,505.15586270397944,1982.8134982715394,25882.672934028786,224.77999999999997
74,27,20.11786024237211,65.17389277389277,20.11786024237211,107.86829901705612,153.78931312246004,-698.99
74,28,inf,149.95897435897436,149.95897435897436,834.7639800489136,834.7639800489136,-1608.31
74,29,inf,inf,inf,557.265333072207,557.265333072207,702.91
74,30,477.0923036950955,inf,477.0923036950955,5108.911799517113,34668.7097030258,253.59999999999997
74,31,534.5005719022906,inf,534.5005719022906,361.69514180095376,32219.357664737166,122.16000000000001
74,32,626.5607025199297,inf,626.5607025199297,6011.6976812780085,26437.47055287081,230.96999999999997
74,34,inf,inf,inf,25.452619949966856,25.452619949966856,254.70999999999998
74,35,inf,155.25501165501166,155.25501165501166,1186.0877545234891,1186.0877545234891,-1665.11
74,36,63.50275431810569,155.25501165501166,63.50275431810569,78.94619093053926,81.98952086613778,-1665.11
74,38,312.49731497149065,3.9331468531468525,3.9331468531468525,699.0835634051523,714.2399302031473,-42.18299999999999
74,39,651.4007599206255,inf,651.4007599206255,7020.602762503851,41209.97852081487,156.01
74,40,inf,inf,inf,3801.871700326081,3801.871700326081,298.34999999999997
74,41,165.1636554084022,inf,165.1636554084022,2000.2912076239706,11051.549309538133,187.41999999999996
74,43,91.26266433206595,150.88205128205126,91.26266433206595,291.16664381195886,331.5490120340728,-1618.2099999999998
74,44,53.81798142941042,150.8261072261072,53.81798142941042,197.7809760451449,212.76314760405532,-1617.61
75,2,inf,37.234655306893856,37.234655306893856,1093.6577765937218,1093.6577765937218,-620.5899999999999
75,3,252.39705633961864,inf,252.39705633961864,3447.5954556603874,12835.557310202224,269.79
75,4,748.2805884565686,inf,748.2805884565686,6312.892069734326,19331.23365249513,252.95
75,5,inf,inf,inf,2195.5273975548707,2195.5273975548707,493.89000000000004
75,7,22.686458618624975,94.86050278994419,22.686458618624975,1.012610961642778,378.1051702686495,-1581.04
75,8,inf,29.36221275574488,29.36221275574488,1961.8337577965865,1961.8337577965865,-489.38
75,9,26.64421746082052,inf,26.64421746082052,170.66561710615082,173.74597385451824,446.38000000000005
75,460,67.92036165586985,96.05447891042179,67.92036165586985,546.3927835346974,688.1345404465985,-1600.94
75,462,696.9149278221669,inf,696.9149278221669,9969.2801800473,17409.71682245215,281.13
75,464,529.044470616762,inf,529.044470616762,8206.049471952303,31106.67262068551,302.28000000000003
75,465,586.9138071177659,inf,586.9138071177659,6380.529284968606,36039.76688128403,231.95999999999998
75,466,inf,99.61840763184736,99.61840763184736,385.20813130484805,385.20813130484805,-1660.3400000000001
75,467,52.23946099544651,96.05447891042179,52.23946099544651,346.61292029179816,386.9187590786911,-1600.94
75,468,inf,96.05447891042179,96.05447891042179,183.8995054313702,183.8995054313702,-1600.94
75,469,30.004446337905023,inf,30.004446337905023,45.22726695872255,673.7050906685721,422.60999999999996
75,20,407.8144208938308,0.9140217195656083,0.9140217195656083,2539.3326397758524,18616.067672925165,-15.233999999999995
75,21,594.8593362447314,inf,594.8593362447314,8740.006686893554,30088.36108361648,295.48
75,22,263.64729463876483,inf,263.64729463876483,64.06157970978737,23376.701638155224,271.48
75,24,563.4229454449134,inf,563.4229454449134,3569.742420828546,25821.404079766264,241.28000000000003
75,27,12.946137687787273,40.93838123237534,12.946137687787273,107.87029979322097,153.78925098048575,-682.3199999999999
75,28,inf,95.42449151016979,95.42449151016979,846.6733437088762,846.6733437088762,-1590.44
75,29,inf,inf,inf,591.7498957070907,591.7498957070907,752.9100000000001
75,30,480.9656315658065,inf,480.9656315658065,7833.958079642452,34594.78824799133,270.41
75,31,591.5437057162193,inf,591.5437057162193,217.67423537146487,32147.973279002126,138.75
75,32,658.3630394938468,inf,658.3630394938468,9468.396310351738,26391.48469304913,247.60000000000002
75,34,319146.5890575686,inf,319146.5890575686,25.13710402488644,25.452685161136944,254.70999999999998
75,35,inf,99.26441471170575,99.26441471170575,1222.5669616968053,1222.5669616968053,-1654.44
75,36,28.317211681785462,99.26441471170575,28.317211681785462,78.94512202702685,81.98951111487372,-1654.44
75,38,inf,2.5307493850122995,2.5307493850122995,708.0084369586033,708.0084369586033,-42.18
75,39,660.4118726051079,inf,660.4118726051079,10713.076139295821,41145.043543069274,172.79000000000002
75,40,inf,inf,inf,3872.7269731086462,3872.7269731086462,315.07
75,41,164.25762144198407,inf,164.25762144198407,2894.241973819605,10984.645430089853,203.87
75,43,184.3941690421307,96.0964780704386,96.0964780704386,321.034426544387,324.3267994415652,-1601.64
75,44,34.63047155466716,96.05447891042179,34.63047155466716,197.77954449188303,212.76311546125166,-1600.94
76,2,inf,36.428151436971255,36.428151436971255,1103.5837876354972,1103.5837876354972,-607.148
76,3,251.53487307822226,inf,251.53487307822226,3435.1679784560533,12791.572044374496,286.882
76,4,746.7270970493196,inf,746.7270970493196,6299.796592070457,19291.0860610192,269.81199999999995
76,5,inf,inf,inf,2231.6739950529513,2231.6739950529513,510.822
76,7,22.686453307594665,93.86080278394431,22.686453307594665,1.012246819664067,378.1050827155521,-1564.378
76,8,inf,28.366712665746682,28.366712665746682,1980.530957468544,1980.530957468544,-472.788
76,9,29.051838625433746,inf,29.051838625433746,168.07977124947095,170.5602087812449,479.712
76,460,67.92027992676631,95.05477890442191,67.92027992676631,546.3923806702667,688.1344872215335,-1584.278
76,462,695.908375719064,inf,695.908375719064,9955.01565887884,17382.761299340906,297.512
76,464,528.0056690189367,inf,528.0056690189367,8189.495016439602,31045.737388639194,318.92199999999997
76,465,586.1141172840634,inf,586.1141172840634,6371.917330606587,35990.64101846838,248.61199999999997
76,466,inf,98.97870042599148,98.97870042599148,381.3633327080713,381.3633327080713,-1649.678
76,467,52.23937567378197,95.05477890442191,52.23937567378197,346.61275469298306,386.91872016761283,-1584.278
76,468,inf,95.05477890442191,95.05477890442191,183.89958969235093,183.89958969235093,-1584.278
76,469,29.8878349086201,inf,29.8878349086201,42.69364894536905,671.4192136629863,455.942
76,20,407.1556133291177,inf,407.1556133291177,2535.7851979044385,18585.928881044667,1.1749999999999972
76,21,593.7139927910138,inf,593.7139927910138,8723.42180251479,30030.35382559352,312.202
76,22,262.83074702325916,inf,262.83074702325916,64.05694619173721,23304.3006289627,288.06199999999995
76,24,562.0841283241155,inf,562.0841283241155,3560.607791602357,25760.13557489708,257.952
76,27,12.946149792459453,39.93868122637547,12.946149792459453,107.87040536098148,153.78918857852764,-665.658
76,28,inf,94.36479270414591,94.36479270414591,858.7721239302499,858.7721239302499,-1572.778
76,29,inf,inf,inf,608.5849166040672,608.5849166040672,786.242
76,30,479.9384176896404,inf,479.9384176896404,7817.340650453439,34520.8664314763,287.152
76,31,591.5437164734271,inf,591.5437164734271,217.68371597731482,32147.973366435403,155.41199999999998
76,32,656.063620034064,inf,656.063620034064,9434.88005177445,26299.513210314908,264.442
76,34,329560.5778094523,inf,329560.5778094523,25.13716968993961,25.45275001202851,254.712
76,35,inf,98.61870762584748,98.61870762584748,1259.2137650919503,1259.2137650919503,-1643.678
76,36,28.31638086812671,98.97870042599148,28.31638086812671,78.94494430027801,81.98951603975271,-1649.678
76,38,inf,2.5309893802123957,2.5309893802123957,701.8634270692321,701.8634270692321,-42.184000000000005
76,39,659.3710184887367,inf,659.3710184887367,10696.44616017888,41080.10850834531,189.35199999999998
76,40,inf,inf,inf,4014.479647179548,4014.479647179548,331.842
76,41,163.26782591490348,inf,163.26782591490348,2878.2281331616678,10917.74178528789,220.53199999999998
76,43,167.9516813860532,95.09677806443871,95.09677806443871,313.43716632207384,317.14946129066885,-1584.978
76,44,34.63041560435392,95.05477890442191,34.63041560435392,197.77946895504462,212.76308318399035,-1584.278
77,2,inf,35.63154736905261,35.63154736905261,1113.0116676812536,1113.0116676812536,-593.871
77,3,250.67607046676508,inf,250.67607046676508,3422.4380443505006,12747.58669240219,303.789
77,4,745.1322484511048,inf,745.1322484511048,6285.829215072635,19250.938469261542,286.819
77,5,inf,inf,inf,2267.8219382229076,2267.8219382229076,527.769
77,7,22.686448013586396,92.86080278394431,22.686448013586396,1.0118520457517874,378.1049955272594,-1547.711
77,8,inf,27.377512449751002,27.377512449751002,1999.2348274445467,1999.2348274445467,-456.301
77,9,77.16555747953349,inf,77.16555747953349,166.71560836327868,167.28410973901757,502.31899999999996
77,460,67.92019099518404,94.05477890442191,67.92019099518404,546.3919439159218,688.1344342182466,-1567.611
77,462,694.9017316342309,inf,694.9017316342309,9940.750056730847,17355.80582156367,314.10900000000004
77,464,526.9668562769308,inf,526.9668562769308,8172.940475900966,30984.802164501485,335.439
77,465,585.3144405398655,inf,585.3144405398655,6363.306316564995,35941.515399731965,265.079
77,466,inf,98.33269334613307,98.33269334613307,377.69380063670263,377.69380063670263,-1638.911
77,467,52.23928175418019,94.05477890442191,52.23928175418019,346.61257516371563,386.9186814186798,-1567.611
77,468,inf,94.05477890442191,94.05477890442191,183.89967360224733,183.89967360224733,-1567.611
77,469,29.77226265848565,inf,29.77226265848565,40.17571218632761,669.1147313034669,489.279
77,20,406.4973069648841,inf,406.4973069648841,2532.3045094993727,18555.789082994284,17.700999999999993
77,21,591.4234657109012,inf,591.4234657109012,8690.251391211747,29914.339276056366,328.519
77,22,262.0141953247591,inf,262.0141953247591,64.05198510339822,23231.899257023157,304.699
77,24,559.4064036109629,inf,559.4064036109629,3542.3450103786986,25637.59787274101,274.889
77,27,12.946162930061696,38.938681226375465,12.946162930061696,107.87051980878702,153.78912643660206,-648.991
77,28,inf,93.30479390412191,93.30479390412191,871.0442499040693,871.0442499040693,-1555.111
77,29,inf,inf,inf,625.1446684063139,625.1446684063139,819.569
77,30,478.91121897716516,inf,478.91121897716516,7800.723681825598,34446.945022707914,303.73900000000003
77,31,590.2303660475353,inf,590.2303660475353,218.47545784185334,32076.58903237647,172.219
77,32,654.9130683416174,inf,654.9130683416174,9418.02567592917,26253.527147722507,281.219
77,34,341646.2944231953,inf,341646.2944231953,25.137235719798625,25.45281522320701,254.709
77,35,inf,97.97870042599148,97.97870042599148,1296.0142557149952,1296.0142557149952,-1633.0110000000002
77,36,inf,98.33269334613307,98.33269334613307,81.99044063282803,81.99044063282803,-1638.911
77,38,inf,2.5309893802123957,2.5309893802123957,695.8210147897344,695.8210147897344,-42.184000000000005
77,39,658.330180495415,inf,658.330180495415,10679.816623955794,41015.173534599875,206.00900000000001
77,40,inf,inf,inf,4085.3756134198065,4085.3756134198065,348.569
77,41,162.27388963447203,inf,162.27388963447203,2862.1478695634783,10850.838379458455,237.36900000000003
77,43,152.2847920657929,94.07277854442911,94.07277854442911,305.7908959178939,310.0133724787264,-1567.911
77,44,34.63035246215225,94.05477890442191,34.63035246215225,197.77938706410134,212.76305104124856,-1567.611
78,2,inf,34.83494330113397,34.83494330113397,1122.0167113322127,1122.0167113322127,-580.5939999999999
78,3,250.67615420042492,inf,250.67615420042492,3422.440901195317,12747.5866564944,320.45599999999996
78,4,743.5119731969836,inf,743.5119731969836,6272.572521914542,19210.790065196074,303.89599999999996
78,5,inf,inf,inf,2303.9694251371375,2303.9694251371375,544.706
78,7,22.686442714894365,91.86080278394431,22.686442714894365,1.011427788619676,378.1049083389666,-1531.0439999999999
78,8,inf,26.377512449751002,26.377512449751002,1999.2348831807813,1999.2348831807813,-439.634
78,9,134.78625633969656,inf,134.78625633969656,163.7554064344442,163.94006655343267,514.206
78,460,67.92009514614959,93.0547789044219,67.92009514614959,546.3914745423954,688.1343812149665,-1550.944
78,462,693.8479062637267,inf,693.8479062637267,9926.044650956439,17328.851122461776,330.536
78,464,526.9666907383291,inf,526.9666907383291,8172.939332310756,30984.80217600988,352.106
78,465,584.5147961199193,inf,584.5147961199193,6354.695759490466,35892.3913545366,281.39599999999996
78,466,inf,97.68668626627466,97.68668626627466,374.2069047196152,374.2069047196152,-1628.144
78,467,52.239179623697375,93.0547789044219,52.239179623697375,346.6123822263057,386.9186426697626,-1550.944
78,468,inf,93.0547789044219,93.0547789044219,183.8997575121468,183.8997575121468,-1550.944
78,469,29.656541824195884,inf,29.656541824195884,37.637328620179666,666.7870484454652,522.606
78,20,406.49736244217786,inf,406.49736244217786,2532.3118187476207,18555.789001106452,34.367999999999995
78,21,591.4232711287963,inf,591.4232711287963,8690.253155137065,29914.339314858513,345.186
78,22,261.19764776853935,inf,261.19764776853935,64.04671298185858,23159.498251596615,321.306
78,24,559.4065000483453,inf,559.4065000483453,3542.336395208004,25637.597952090448,291.556
78,27,12.946177061206185,37.938681226375465,12.946177061206185,107.8706428035887,153.78906429470084,-632.324
78,28,inf,92.23879522409551,92.23879522409551,883.5071208660278,883.5071208660278,-1537.344
78,29,inf,inf,inf,625.1447442472112,625.1447442472112,836.236
78,30,477.8840216659373,inf,477.8840216659373,7784.106370080501,34373.02320705459,320.38599999999997
78,31,587.6036663752017,inf,587.6036663752017,220.04912211604497,31933.820780642374,189.176
78,32,654.9133555425752,inf,654.9133555425752,9418.025808244161,26253.527178655557,297.88599999999997
78,34,355658.8489165914,inf,355658.8489165914,25.137148531200253,25.45272911562966,271.376
78,35,inf,97.33269334613307,97.33269334613307,1332.95625443903,1332.95625443903,-1622.244
78,36,28.316131446774683,97.68668626627466,28.316131446774683,78.94570124319327,81.99043088169712,-1628.144
78,38,inf,2.5309713805723884,2.5309713805723884,689.8766750467624,689.8766750467624,-42.1837
78,39,657.2893530223041,inf,657.2893530223041,10663.186801565967,40950.23850383102,222.726
78,40,inf,inf,inf,4085.3755451833,4085.3755451833,365.236
78,41,161.27996400403518,inf,161.27996400403518,2846.067658045383,10783.93558184894,253.976
78,43,152.2837173689232,93.0727785444291,93.0727785444291,305.79086726615617,310.0133990517675,-1551.244
78,44,34.63028251073199,93.0547789044219,34.63028251073199,197.77929905729243,212.76301889853764,-1550.944
79,2,3777.5527466259896,34.04739905201896,34.04739905201896,1129.8004289490468,1130.5577133462443,-567.4680000000001
79,3,248.92886944229343,inf,248.92886944229343,3396.8277807773743,12659.616182821896,337.792
79,4,742.025495950148,inf,742.025495950148,6259.639197994276,19170.64228129322,320.99199999999996
79,5,inf,inf,inf,2340.117582812868,2340.117582812868,561.6419999999999
79,7,22.6864374117619,90.86086278274433,22.6864374117619,1.0109755798927456,378.10482115067384,-1514.378
79,8,inf,25.37637247255055,25.37637247255055,2017.9458230610246,2017.9458230610246,-422.94800000000004
79,9,47.24496533690707,inf,47.24496533690707,159.6169245181142,160.46414656321033,515.362
79,460,67.91999273907625,92.05483890322193,67.91999273907625,546.3909742440482,688.1343282116935,-1534.278
79,462,692.7470494108752,inf,692.7470494108752,9910.900706422608,17301.89573607625,346.962
79,464,524.8892233051367,inf,524.8892233051367,8139.831353044162,30862.933186747,368.102
79,465,583.6924752736498,inf,583.6924752736498,6345.775718988714,35843.265464626806,297.602
79,466,inf,97.04673906521869,97.04673906521869,370.9031523903188,370.9031523903188,-1617.478
79,467,52.23906970897824,92.05483890322193,52.23906970897824,346.6121765772007,386.9186039208612,-1534.278
79,468,inf,92.05483890322193,92.05483890322193,183.8998414220493,183.8998414220493,-1534.278
79,469,29.536723520211122,inf,29.536723520211122,34.989799210459495,664.4311595786727,555.942
79,20,405.8395760276906,inf,405.8395760276906,2528.89741925835,18525.649099283328,50.983
79,21,590.2778839829247,inf,590.2778839829247,8673.668660996796,29856.331737643362,361.642
79,22,260.3810961268925,inf,260.3810961268925,64.04115058573038,23087.09688309021,337.722
79,24,558.0404501250883,inf,558.0404501250883,3533.4840911477872,25576.32801955552,308.50199999999995
79,27,12.946192134292003,36.93874122517549,12.946192134292003,107.87077390132329,153.7890021528239,-615.658
79,28,inf,91.15485690286194,91.15485690286194,896.1561778705985,896.1561778705985,-1519.278
79,29,inf,inf,inf,641.427481643934,641.427481643934,869.572
79,30,476.8568368290835,inf,476.8568368290835,7767.489150071621,34299.10175383232,337.00199999999995
79,31,586.2903228384072,inf,586.2903228384072,220.8421943634481,31862.436595970103,206.102
79,32,653.7638284935509,inf,653.7638284935509,9401.267919048863,26207.541460120654,314.74199999999996
79,34,371922.8283414529,inf,371922.8283414529,25.13721456105927,25.45279432680681,271.37199999999996
79,35,inf,96.68674626507469,96.68674626507469,1370.0274078438,1370.0274078438,-1611.478
79,36,28.315678409024358,97.04673906521869,28.315678409024358,78.94559328392715,81.99042113058098,-1617.478
79,38,inf,2.531013379732405,2.531013379732405,684.0324211259398,684.0324211259398,-42.1844
79,39,656.248540315694,inf,656.248540315694,10646.557414370754,40885.303534123916,239.26200000000003
79,40,inf,inf,inf,4156.283527388179,4156.283527388179,381.952
79,41,160.2860384995174,inf,160.2860384995174,2829.987314416305,10717.03266742329,270.582
79,43,138.45888611754765,92.06683866322673,92.06683866322673,298.1433327407271,302.91438872474936,-1534.478
79,44,34.6302061039042,92.05483890322193,34.6302061039042,197.77920525229246,212.7629867558576,-1534.278
80,2,1570.9263840393278,33.26519469610608,33.26519469610608,1134.4738686762785,1138.6784299055412,-554.431
80,3,248.05907215514983,inf,248.05907215514983,3384.1485076614395,12615.631176732435,354.839
80,4,740.4055491676003,inf,740.4055491676003,6246.382509573758,19130.494187662793,338.139
80,5,inf,inf,inf,2376.2668923011283,2376.2668923011283,578.5790000000001
80,7,22.686432082361563,89.86086278274433,22.686432082361563,1.010495802482117,378.10473359757646,-1497.711
80,8,inf,24.375172496550064,24.375172496550064,2036.662267479976,2036.662267479976,-406.26099999999997
80,9,53.17209183825804,inf,53.17209183825804,156.27042430945298,156.86423677616585,515.359
80,460,67.91988387931332,91.05483890322193,67.91988387931332,546.3904434443667,688.1342749866566,-1517.611
80,462,691.6933401177062,inf,691.6933401177062,9896.196099988847,17274.940395751943,363.389
80,464,524.889036768982,inf,524.889036768982,8139.8300543113855,30862.933198300747,384.769
80,465,582.9155015806195,inf,582.9155015806195,6337.476676916966,35794.141419509986,313.849
80,466,inf,96.0467390652187,96.0467390652187,370.9032258276777,370.9032258276777,-1600.8110000000001
80,467,52.23895218380567,91.05483890322193,52.23895218380567,346.61195839044893,386.91856500984636,-1517.611
80,468,inf,91.05483890322193,91.05483890322193,183.89992568304237,183.89992568304237,-1517.611
80,469,29.41047079830535,inf,29.41047079830535,32.18512736150091,662.0318133247868,589.279
80,20,405.1812780151153,inf,405.1812780151153,2525.417665575643,18495.509218697356,67.554
80,21,589.1324957427737,inf,589.1324957427737,8657.084568198186,29798.324652216375,378.199
80,22,259.56454862482724,inf,259.56454862482724,64.03530531783842,23014.695880764324,354.099
80,24,556.7288805414651,inf,556.7288805414651,3524.0627801325923,25515.059584090694,325.439
80,27,12.946208135736551,35.93874122517549,12.946208135736551,107.87091299094855,153.78893975096364,-598.991
80,28,inf,90.08285834283313,90.08285834283313,909.0144465219353,909.0144465219353,-1501.411
80,29,inf,inf,inf,673.1533425434496,673.1533425434496,919.569
80,30,475.8296563345561,inf,475.8296563345561,7750.872308276617,34225.17998451234,353.60900000000004
80,31,584.9769818436642,inf,584.9769818436642,221.63592438390995,31791.05246277655,222.81900000000002
80,32,652.5876553282969,inf,652.5876553282969,9384.410003631048,26161.55574471593,331.699
80,34,390887.1942303924,inf,390887.1942303924,25.13728022611245,25.45285917770541,271.379
80,35,inf,96.0467390652187,96.0467390652187,1407.217103428708,1407.217103428708,-1600.8110000000001
80,36,28.315219255591572,96.40073198536028,28.315219255591572,78.94548476574498,81.99041226594274,-1606.711
80,38,inf,2.5309893802123953,2.5309893802123953,678.2992288493341,678.2992288493341,-42.184
80,39,655.2077396364319,inf,655.2077396364319,10629.928098381744,40820.36856651074,255.909
80,40,inf,inf,inf,4227.203307354249,4227.203307354249,398.669
80,41,159.2921188140272,inf,159.2921188140272,2813.9069344241216,10650.130005655123,287.149
80,43,126.4938838099874,91.06083878322433,91.06083878322433,290.53491481040055,295.8662036888787,-1517.711
80,44,34.63012344747614,91.05483890322193,34.63012344747614,197.779105728486,212.76295447872047,-1517.611
