time,intruder_id,tau_horiz,tau_vert,tau_min,cpa_dist_ft,range_ft,rel_alt_ft
0,2,inf,inf,inf,21824.05077300063,21824.05077300063,0
0,3,3614.1698322129123,10.0,10.0,13079.525303902046,20023.938790431428,50
0,4,3211.0601085251997,20.0,20.0,19984.328431447117,22937.003282139533,100
0,5,inf,30.0,30.0,10011.969395216038,10011.969395216038,150
0,6,inf,40.0,40.0,20023.93879043133,20023.93879043133,200
0,7,inf,inf,inf,30035.908185647466,30035.908185647466,0
0,8,553.1106412938061,10.0,10.0,6187.093286326864,21824.05077300063,50
0,9,428.9997028391296,20.0,20.0,1668.6843987232887,20023.938790431428,100
0,10,484.9714893870592,30.0,30.0,9550.886584281418,22937.003282139533,150
0,11,inf,40.0,40.0,10011.969395216038,10011.969395216038,200
0,12,inf,inf,inf,20023.93879043133,20023.93879043133,0
0,13,inf,10.0,10.0,30035.908185647466,30035.908185647466,50
0,14,538.1124631688608,20.0,20.0,17307.024501502525,21824.05077300063,100
0,15,341.96711486936755,30.0,30.0,10378.656018829235,20023.938790431428,150
0,16,336.09570732203207,40.0,40.0,4530.582759825228,22937.003282139533,200
0,17,inf,inf,inf,10011.969395216038,10011.969395216038,0
0,18,inf,10.0,10.0,20023.93879043133,20023.93879043133,50
0,19,inf,20.0,20.0,30035.908185647466,30035.908185647466,100
0,20,12269.683438771432,30.0,30.0,21816.26026196878,21824.05077300063,150
0,21,808.6856972777574,40.0,40.0,18461.98368318417,20023.938790431428,200
0,22,558.9110139883319,inf,558.9110139883319,16881.933282163172,22937.003282139533,0
0,23,inf,10.0,10.0,10011.969395216038,10011.969395216038,50
0,24,inf,20.0,20.0,20023.93879043133,20023.93879043133,100
0,25,30152.53069789505,30.0,30.0,30029.114861860504,30035.908185647466,150
0,26,inf,40.0,40.0,21824.05077300063,21824.05077300063,200
0,28,7002.106650361437,10.0,10.0,22784.69368248513,22937.003282139533,50
0,29,1086.2130416024772,20.0,20.0,9057.532063352295,10011.969395216038,100
0,30,2654.558037127005,30.0,30.0,17124.514107305084,20023.93879043133,150
0,31,6786.178365991462,40.0,40.0,23917.7654872482,30035.908185647466,200
0,32,inf,inf,inf,21824.05077300063,21824.05077300063,0
0,33,404.73879528865336,10.0,10.0,622.267679421743,20023.938790431428,50
0,34,343.3687985864522,20.0,20.0,6856.107322779084,22937.003282139533,100
0,35,inf,30.0,30.0,10011.969395216038,10011.969395216038,150
0,36,inf,40.0,40.0,20023.93879043133,20023.93879043133,200
0,37,inf,20.0,20.0,13712.21464555926,13712.21464555926,100
0,38,inf,40.0,40.0,14592.23403722167,14592.23403722167,200
0,39,428.9997028391296,20.0,20.0,1668.6843987232887,20023.938790431428,100
0,40,484.9714893870592,30.0,30.0,9550.886584281418,22937.003282139533,150
0,41,inf,40.0,40.0,10011.969395216038,10011.969395216038,200
0,42,inf,inf,inf,20023.93879043133,20023.93879043133,0
0,43,inf,10.0,10.0,30035.908185647466,30035.908185647466,50
0,44,538.1124631688608,20.0,20.0,17307.024501502525,21824.05077300063,100
0,45,341.96711486936755,30.0,30.0,10378.656018829235,20023.938790431428,150
0,46,336.09570732203207,40.0,40.0,4530.582759825228,22937.003282139533,200
0,47,inf,inf,inf,10011.969395216038,10011.969395216038,0
0,48,inf,10.0,10.0,20023.93879043133,20023.93879043133,50
0,49,inf,20.0,20.0,30035.908185647466,30035.908185647466,100
0,50,12269.683438771432,30.0,30.0,21816.26026196878,21824.05077300063,150
0,51,808.6856972777574,40.0,40.0,18461.98368318417,20023.938790431428,200
0,52,878.7679308565052,inf,878.7679308565052,5782.265885800345,10011.969395216136,0
0,53,188.8921293049643,10.0,10.0,6531.337857585439,10011.969395216136,50
0,54,inf,20.0,20.0,10011.969395216136,10011.969395216136,100
0,55,inf,30.0,30.0,10011.969395216136,10011.969395216136,150
0,56,2309.0069949170456,40.0,40.0,9977.127947408264,10011.969395216136,200
0,57,2218.8225648639777,inf,2218.8225648639777,9955.030492948308,12914.379025231192,0
0,58,inf,10.0,10.0,12914.379025231192,12914.379025231192,50
0,59,inf,20.0,20.0,12914.379025231192,12914.379025231192,100
0,60,686.6870394917904,30.0,30.0,12140.594012919488,12914.379025231192,150
0,61,298.25445659582056,40.0,40.0,9829.695870690044,12914.379025231192,200
0,62,412.0290541530377,inf,412.0290541530377,3704.492433461865,15017.954092824526,0
0,63,482.6804730469387,20.0,20.0,4835.108086617967,15017.954092824526,100
1,2,inf,inf,inf,21824.03895135794,21824.03895135794,-10
1,3,3613.9233961711734,9.0,9.0,13079.552793246998,20018.472183188238,45
1,4,3213.2033134897915,20.0,20.0,19984.397142408823,22930.0192564333,100
1,5,inf,28.0,28.0,10030.84228251817,10030.84228251817,140
1,6,inf,39.0,39.0,20050.28421629864,20050.28421629864,195
1,7,inf,inf,inf,30069.319969601816,30069.319969601816,0
1,8,552.1989475624891,8.0,8.0,6187.019633656504,21784.653833710316,40
1,9,428.0085303444536,19.0,19.0,1668.5430696668443,19977.36071183372,95
1,10,484.18098428369694,30.0,30.0,9550.745434331786,22889.76134703128,150
1,11,inf,38.0,38.0,10068.236782355707,10068.236782355707,190
1,12,inf,inf,inf,20082.878104768675,20082.878104768675,-5
1,13,inf,10.0,10.0,30096.283657672426,30096.283657672426,50
1,14,538.8188906841543,18.0,18.0,17307.06611714886,21783.497375331423,90
1,15,341.3384513334959,29.0,29.0,10378.855956665395,19965.42415842946,145
1,16,335.13595159042274,40.0,40.0,4530.664354929401,22868.71019551121,200
1,17,inf,inf,inf,10063.12375127751,10063.12375127751,-10
1,18,inf,9.0,9.0,20069.58375125263,20069.58375125263,45
1,19,inf,20.0,20.0,30075.24349972576,30075.24349972576,100
1,20,13852.905750242302,28.0,28.0,21816.194787402543,21822.304628783797,140
1,21,813.4043340902189,39.0,39.0,18462.035572311714,19999.32519325269,195
1,22,559.092324395261,inf,559.092324395261,16881.788142379944,22895.932093544612,0
1,23,inf,8.0,8.0,10022.847529019427,10022.847529019427,40
1,24,inf,19.0,19.0,20028.47002831067,20028.47002831067,95
1,25,32530.7924947281,30.0,30.0,30029.253393167302,30035.089162459135,150
1,26,inf,38.0,38.0,21847.354544690716,21847.354544690716,190
1,28,7076.617645078869,10.0,10.0,22784.623586277383,22933.667044646045,50
1,29,1089.7155168419588,18.0,18.0,9057.4206468257,10002.685793989704,90
1,30,2656.245943309053,29.0,29.0,17124.44452695097,20016.438851582385,145
1,31,6786.8951106958975,40.0,40.0,23917.73756100644,30031.50209610707,200
1,32,inf,inf,inf,21824.03895135794,21824.03895135794,-10
1,33,403.7397851463499,9.0,9.0,622.2345349085634,19974.467181901156,45
1,34,342.4666423286437,20.0,20.0,6856.103141654814,22870.171157625817,100
1,35,inf,28.0,28.0,10013.665669332282,10013.665669332282,140
1,36,inf,39.0,39.0,20023.933064039902,20023.933064039902,195
1,37,inf,19.0,19.0,13736.892052325189,13736.892052325189,95
1,38,inf,39.0,39.0,14646.254288367716,14646.254288367716,195
1,39,428.0085303444536,19.0,19.0,1668.5430696668443,19977.36071183372,95
1,40,484.18098428369694,29.0,29.0,9550.745434331786,22889.76134703128,145
1,41,inf,39.0,39.0,10068.236782355707,10068.236782355707,195
1,42,inf,inf,inf,20082.878104768675,20082.878104768675,-5
1,43,inf,9.0,9.0,30096.283657672426,30096.283657672426,45
1,44,538.8188906841543,19.0,19.0,17307.06611714886,21783.497375331423,95
1,45,341.3384513334959,29.0,29.0,10378.855956665395,19965.42415842946,145
1,46,335.13595159042274,39.0,39.0,4530.664354929401,22868.71019551121,195
1,47,inf,inf,inf,10063.12375127751,10063.12375127751,-5
1,48,inf,9.0,9.0,20069.58375125263,20069.58375125263,45
1,49,inf,19.0,19.0,30075.24349972576,30075.24349972576,95
1,50,13852.905750242302,29.0,29.0,21816.194787402543,21822.304628783797,145
1,51,813.4043340902189,39.0,39.0,18462.035572311714,19999.32519325269,195
1,52,878.2931470930521,inf,878.2931470930521,5782.498956612868,10000.718996968344,-5
1,53,188.63845874558615,9.0,9.0,6531.306515563931,9958.91580407861,45
1,54,inf,19.0,19.0,10018.685763737163,10018.685763737163,95
1,55,inf,29.0,29.0,10014.53932099783,10014.53932099783,145
1,56,2459.9989649715208,39.0,39.0,9976.980583042905,10007.629930457406,195
1,57,2219.301755688084,inf,2219.301755688084,9955.11002647077,12908.719453402888,-5
1,58,inf,9.0,9.0,12919.595185116748,12919.595185116748,45
1,59,inf,19.0,19.0,12919.551954315939,12919.551954315939,95
1,60,693.3800392149715,29.0,29.0,12140.606961123196,12895.709003319434,145
1,61,298.6349057653821,39.0,39.0,9829.457518569701,12870.930821096594,195
1,62,411.099997263298,inf,411.099997263298,3704.519264555413,14981.733997438296,-5
1,63,481.7978846727559,19.0,19.0,4835.262090574263,14986.834275094248,95
2,2,inf,inf,inf,21824.027129662412,21824.027129662412,-20
2,3,3613.6776714513735,8.0,8.0,13079.580281679633,20013.00671085946,40
2,4,3215.421892796874,20.0,20.0,19984.537130257235,22922.93999483772,100
2,5,inf,26.0,26.0,10049.726079906523,10049.726079906523,130
2,6,inf,38.0,38.0,20076.13502591766,20076.13502591766,190
2,7,inf,inf,inf,30102.73503561197,30102.73503561197,0
2,8,551.2875950395213,6.0,6.0,6186.946004789861,21745.26310078089,30
2,9,427.0128113266718,18.0,18.0,1668.6310961697538,19930.548716483074,90
2,10,483.39254930091516,30.0,30.0,9550.859008917101,22842.437825601482,150
2,11,inf,36.0,36.0,10124.509301103013,10124.509301103013,180
2,12,inf,inf,inf,20141.827090526876,20141.827090526876,-10
2,13,inf,10.0,10.0,30156.705491833345,30156.705491833345,50
2,14,539.5426458734809,16.0,16.0,17307.107756598274,21743.073156540322,80
2,15,340.706163042292,28.0,28.0,10378.720597468313,19906.738168332548,140
2,16,334.1764531478837,40.0,40.0,4530.745958746853,22800.425543208694,200
2,17,inf,inf,inf,10114.504439778219,10114.504439778219,-20
2,18,inf,8.0,8.0,20115.366562853553,20115.366562853553,40
2,19,inf,20.0,20.0,30114.449820510177,30114.449820510177,100
2,20,15906.295190182434,26.0,26.0,21816.129288923396,21820.762337359713,130
2,21,818.1986134384148,38.0,38.0,18461.62588316473,19974.38517601719,190
2,22,559.2942169532694,inf,559.2942169532694,16881.939846360514,22855.051382290636,0
2,23,inf,6.0,6.0,10034.03469106149,10034.03469106149,30
2,24,inf,18.0,18.0,20032.90132627469,20032.90132627469,90
2,25,35332.801889292976,30.0,30.0,30029.16256890359,30034.108889832558,150
2,26,inf,36.0,36.0,21870.710471822138,21870.710471822138,180
2,28,7152.604311375891,10.0,10.0,22784.886747234497,22930.713704052254,50
2,29,1093.2640201356837,16.0,16.0,9057.309238043868,9993.440250995194,80
2,30,2657.965101656899,28.0,28.0,17124.303669703884,20008.711981194923,140
2,31,6787.613218214934,40.0,40.0,23917.709635675088,30027.097115665754,200
2,32,inf,inf,inf,21824.027129662412,21824.027129662412,-20
2,33,402.74078018528087,8.0,8.0,622.2013602685136,19924.99571649897,40
2,34,341.56512021407104,20.0,20.0,6856.098960511296,22803.358304409627,100
2,35,inf,26.0,26.0,10015.606248172577,10015.606248172577,130
2,36,inf,38.0,38.0,20023.92733762228,20023.92733762228,190
2,37,inf,18.0,18.0,13761.576997117172,13761.576997117172,90
2,38,inf,38.0,38.0,14700.698249552213,14700.698249552213,190
2,39,427.0128113266718,18.0,18.0,1668.6310961697538,19930.548716483074,90
2,40,483.39254930091516,28.0,28.0,9550.859008917101,22842.437825601482,140
2,41,inf,38.0,38.0,10124.509301103013,10124.509301103013,190
2,42,inf,inf,inf,20141.827090526876,20141.827090526876,-10
2,43,inf,8.0,8.0,30156.705491833345,30156.705491833345,40
2,44,539.5426458734809,18.0,18.0,17307.107756598274,21743.073156540322,90
2,45,340.706163042292,28.0,28.0,10378.720597468313,19906.738168332548,140
2,46,334.1764531478837,38.0,38.0,4530.745958746853,22800.425543208694,190
2,47,inf,inf,inf,10114.504439778219,10114.504439778219,-10
2,48,inf,8.0,8.0,20115.366562853553,20115.366562853553,40
2,49,inf,18.0,18.0,30114.449820510177,30114.449820510177,90
2,50,15906.295190182434,28.0,28.0,21816.129288923396,21820.762337359713,140
2,51,818.1986134384148,38.0,38.0,18461.62588316473,19974.38517601719,190
2,52,877.7812081570137,inf,877.7812081570137,5782.374546204473,9989.209168791098,-10
2,53,188.3988869840907,8.0,8.0,6531.27517728036,9906.074294155242,40
2,54,inf,18.0,18.0,10025.281861546244,10025.281861546244,90
2,55,inf,28.0,28.0,10017.28213347471,10017.28213347471,140
2,56,2633.5331555764706,38.0,38.0,9977.087943185436,10003.79516557671,190
2,57,2219.813546106595,inf,2219.813546106595,9955.234328991643,12902.881986193235,-10
2,58,inf,8.0,8.0,12925.015269641446,12925.015269641446,40
2,59,inf,18.0,18.0,12924.764567379627,12924.764567379627,90
2,60,700.2839304756673,28.0,28.0,12140.395279755996,12876.94008110391,140
2,61,299.050108697661,38.0,38.0,9829.54608301526,12827.868260735484,190
2,62,410.157541917786,inf,410.157541917786,3704.4225916902474,14945.019066539853,-10
2,63,480.9206410168688,18.0,18.0,4835.25514272303,14955.956612427735,90
3,2,inf,inf,inf,21824.015184768996,21824.015184768996,-30
3,3,3613.3423040589273,7.0,7.0,13079.280790087862,20007.04171694178,35
3,4,3217.505303553628,20.0,20.0,19984.249010735686,22915.621577816946,100
3,5,inf,24.0,24.0,10068.885765133635,10068.885765133635,120
3,6,inf,37.0,37.0,20102.757771880948,20102.757771880948,185
3,7,inf,inf,inf,30136.38828150495,30136.38828150495,0
3,8,550.3756136523763,4.0,4.0,6187.462591164983,21705.63567564325,20
3,9,426.0155528376302,17.0,17.0,1668.2186671766283,19883.706114509485,85
3,10,482.59571002872866,30.0,30.0,9550.473727767925,22794.888405212554,150
3,11,inf,34.0,34.0,10180.786835776678,10180.786835776678,170
3,12,inf,inf,inf,20201.55256853027,20201.55256853027,-15
3,13,inf,10.0,10.0,30217.37663384103,30217.37663384103,50
3,14,540.292357684148,14.0,14.0,17307.262026851866,21702.659277268198,70
3,15,340.0816459784058,27.0,27.0,10378.996331802862,19848.087666933618,135
3,16,333.2099555244819,40.0,40.0,4530.52473406216,22731.698396256474,200
3,17,inf,inf,inf,10166.646727450021,10166.646727450021,-30
3,18,inf,7.0,7.0,20161.554028456037,20161.554028456037,35
3,19,inf,20.0,20.0,30154.26198796177,30154.26198796177,100
3,20,18692.358456830287,24.0,24.0,21815.950910995918,21819.305018447514,120
3,21,823.1259140566664,37.0,37.0,18461.529252011256,19949.856886291578,185
3,22,559.4832200474447,inf,559.4832200474447,16881.429790642516,22813.45979259612,0
3,23,inf,4.0,4.0,10045.529819625795,10045.529819625795,20
3,24,inf,17.0,17.0,20037.96787051217,20037.96787051217,85
3,25,38664.13599753068,30.0,30.0,30029.572170978612,30033.702629884752,150
3,26,inf,34.0,34.0,21893.877541434045,21893.877541434045,170
3,28,7229.752448191812,10.0,10.0,22784.34391301179,22926.9960129369,50
3,29,1096.9474288636927,14.0,14.0,9057.544778386287,9984.500152253966,70
3,30,2659.75839098758,27.0,27.0,17124.590910768733,20001.49347773881,135
3,31,6788.467244501657,40.0,40.0,23918.044506396363,30022.95914854445,200
3,32,inf,inf,inf,21824.015184768996,21824.015184768996,-30
3,33,401.7362465303696,7.0,7.0,621.9102599295136,19875.258432304367,35
3,34,340.65485759530907,20.0,20.0,6856.094735794652,22735.86923058686,100
3,35,inf,24.0,24.0,10018.06048334802,10018.06048334802,120
3,36,inf,37.0,37.0,20023.921551531283,20023.921551531283,185
3,37,inf,17.0,17.0,13786.270167408371,13786.270167408371,85
3,38,inf,37.0,37.0,14755.198423807848,14755.198423807848,185
3,39,426.0155528376302,17.0,17.0,1668.2186671766283,19883.706114509485,85
3,40,482.59571002872866,27.0,27.0,9550.473727767925,22794.888405212554,135
3,41,inf,37.0,37.0,10180.786835776678,10180.786835776678,185
3,42,inf,inf,inf,20201.55256853027,20201.55256853027,-15
3,43,inf,7.0,7.0,30217.37663384103,30217.37663384103,35
3,44,540.292357684148,17.0,17.0,17307.262026851866,21702.659277268198,85
3,45,340.0816459784058,27.0,27.0,10378.996331802862,19848.087666933618,135
3,46,333.2099555244819,37.0,37.0,4530.52473406216,22731.698396256474,185
3,47,inf,inf,inf,10166.646727450021,10166.646727450021,-15
3,48,inf,7.0,7.0,20161.554028456037,20161.554028456037,35
3,49,inf,17.0,17.0,30154.26198796177,30154.26198796177,85
3,50,18692.358456830287,27.0,27.0,21815.950910995918,21819.305018447514,135
3,51,823.1259140566664,37.0,37.0,18461.529252011256,19949.856886291578,185
3,52,877.2759017442244,inf,877.2759017442244,5782.18177662366,9977.939899935598,-15
3,53,188.1730904556891,7.0,7.0,6531.259711500328,9853.18590474829,35
3,54,inf,17.0,17.0,10032.02322201941,10032.02322201941,85
3,55,inf,27.0,27.0,10019.99065034829,10019.99065034829,135
3,56,2833.7830118772436,37.0,37.0,9976.696382829079,9999.730095555638,185
3,57,2220.2056356941284,inf,2220.2056356941284,9954.952183989571,12896.920642928875,-15
3,58,inf,7.0,7.0,12930.274123532965,12930.274123532965,35
3,59,inf,17.0,17.0,12929.708665083297,12929.708665083297,85
3,60,707.3945524674056,27.0,27.0,12140.183530923723,12858.382307953554,135
3,61,299.47445167334917,37.0,37.0,9829.19794604594,12784.519124866269,185
3,62,409.22009306552263,inf,409.22009306552263,3704.1417427619836,14908.544183122056,-15
3,63,480.0278412176107,17.0,17.0,4835.087038245168,14924.585761446484,85
4,2,inf,inf,inf,21824.003362965293,21824.003362965293,-40
4,3,3613.1850363576714,6.0,6.0,13079.671085443631,20001.844604775557,30
4,4,3219.7405423168775,20.0,20.0,19984.38899131358,22908.556560227407,100
4,5,inf,22.0,22.0,10087.555161841461,10087.555161841461,110
4,6,inf,36.0,36.0,20128.855632297356,20128.855632297356,180
4,7,inf,inf,inf,30169.80996058505,30169.80996058505,0
4,8,549.4649700119447,2.0,2.0,6187.389010033484,21666.257826150784,10
4,9,425.01990085197957,16.0,16.0,1668.3066366460614,19836.89570446747,80
4,10,481.80941571478695,30.0,30.0,9550.587238984339,22747.60662257878,150
4,11,inf,32.0,32.0,10237.069363019167,10237.069363019167,160
4,12,inf,inf,inf,20260.520813161507,20260.520813161507,-20
4,13,inf,10.0,10.0,30278.062599123,30278.062599123,50
4,14,541.0516848023216,12.0,12.0,17307.30371403613,21662.496432116164,60
4,15,339.4554496097264,26.0,26.0,10378.86100676976,19789.53106034371,130
4,16,332.2462038303213,40.0,40.0,4530.644488321979,22663.08284706575,200
4,17,inf,inf,inf,10218.4721093454,10218.4721093454,-40
4,18,inf,6.0,6.0,20207.646694449966,20207.646694449966,30
4,19,inf,20.0,20.0,30193.678581751996,30193.678581751996,100
4,20,22638.72091175861,22.0,22.0,21815.885364563186,21818.17161127927,110
4,21,828.1548981595913,36.0,36.0,18461.432671669,19925.505612142555,180
4,22,559.6928260323491,inf,559.6928260323491,16881.284554868344,22772.651289856414,0
4,23,inf,2.0,2.0,10057.331916283221,10057.331916283221,10
4,24,inf,16.0,16.0,20042.66850866777,20042.66850866777,80
4,25,42665.64000984218,30.0,30.0,30029.710787229786,30033.10256214218,150
4,26,inf,32.0,32.0,21917.338337401383,21917.338337401383,160
4,28,7309.214336937767,10.0,10.0,22784.607048121823,22924.11212159672,50
4,29,1100.55626027332,12.0,12.0,9057.539306766916,9975.564315338146,60
4,30,2661.4931053957084,26.0,26.0,17124.45006078525,19993.7822738678,130
4,31,6789.075039008868,40.0,40.0,23917.617953555055,30018.055837929176,200
4,32,inf,inf,inf,21824.003362965293,21824.003362965293,-40
4,33,400.7372512651513,6.0,6.0,621.8770248727706,19825.787236761334,30
4,34,339.75462905484375,20.0,20.0,6856.090554612438,22669.095636800288,100
4,35,inf,22.0,22.0,10020.490436612152,10020.490436612152,110
4,36,inf,36.0,36.0,20023.91582506608,20023.91582506608,180
4,37,inf,16.0,16.0,13810.970334760692,13810.970334760692,80
4,38,inf,36.0,36.0,14809.757578562796,14809.757578562796,180
4,39,425.01990085197957,16.0,16.0,1668.3066366460614,19836.89570446747,80
4,40,481.80941571478695,26.0,26.0,9550.587238984339,22747.60662257878,130
4,41,inf,36.0,36.0,10237.069363019167,10237.069363019167,180
4,42,inf,inf,inf,20260.520813161507,20260.520813161507,-20
4,43,inf,6.0,6.0,30278.062599123,30278.062599123,30
4,44,541.0516848023216,16.0,16.0,17307.30371403613,21662.496432116164,80
4,45,339.4554496097264,26.0,26.0,10378.86100676976,19789.53106034371,130
4,46,332.2462038303213,36.0,36.0,4530.644488321979,22663.08284706575,180
4,47,inf,inf,inf,10218.4721093454,10218.4721093454,-20
4,48,inf,6.0,6.0,20207.646694449966,20207.646694449966,30
4,49,inf,16.0,16.0,30193.678581751996,30193.678581751996,80
4,50,22638.72091175861,26.0,26.0,21815.885364563186,21818.17161127927,130
4,51,828.1548981595913,36.0,36.0,18461.432671669,19925.505612142555,180
4,52,876.7673189489724,inf,876.7673189489724,5782.057359575439,9966.442779766714,-20
4,53,187.9718173513257,6.0,6.0,6531.5708589868755,9801.01943543945,30
4,54,inf,16.0,16.0,10038.933124761128,10038.933124761128,80
4,55,inf,26.0,26.0,10023.401152218712,10023.401152218712,130
4,56,3067.6732591070613,36.0,36.0,9976.803679546005,9996.436192555684,180
4,57,2220.6945038439144,inf,2220.6945038439144,9955.031713225619,12891.272475032516,-20
4,58,inf,6.0,6.0,12935.737620541104,12935.737620541104,30
4,59,inf,16.0,16.0,12934.693060818532,12934.693060818532,80
4,60,714.7050669028945,26.0,26.0,12140.19638105678,12840.342624996894,130
4,61,299.9381943733056,36.0,36.0,9829.39615993236,12742.175719000395,180
4,62,408.2873826549077,inf,408.2873826549077,3704.3527015266104,14872.107215614997,-20
4,63,479.14034388766277,16.0,16.0,4834.757951657667,14893.456498091798,80
5,2,inf,inf,inf,21823.991541108368,21823.991541108368,-50
5,3,3612.9414892974023,5.0,5.0,13079.698571110408,19996.382602403548,25
5,4,3221.9162894015662,20.0,20.0,19984.457687927563,22901.600358418786,100
5,5,inf,20.0,20.0,10106.470807141131,10106.470807141131,100
5,6,inf,35.0,35.0,20155.224843958917,20155.224843958917,175
5,7,inf,inf,inf,30203.234888571136,30203.234888571136,0
5,8,548.5546737614197,inf,548.5546737614197,6187.315452706789,21626.88628596058,0
5,9,424.028856272352,15.0,15.0,1668.1651942368078,19790.32065359165,75
5,10,481.02313343223113,30.0,30.0,9550.445963084794,22700.447023449033,150
5,11,inf,30.0,30.0,10293.35677096318,10293.35677096318,150
5,12,inf,inf,inf,20319.498476281555,20319.498476281555,-25
5,13,inf,10.0,10.0,30338.262614929656,30338.262614929656,50
5,14,541.840985026698,10.0,10.0,17307.671451398925,21622.789404797495,50
5,15,338.83903452873653,25.0,25.0,10379.061012023987,19731.276553884305,125
5,16,331.28748984102435,40.0,40.0,4530.726118532348,22594.823891172473,200
5,17,inf,inf,inf,10270.513657265854,10270.513657265854,-50
5,18,inf,5.0,5.0,20253.839370830767,20253.839370830767,25
5,19,inf,20.0,20.0,30233.432106420216,30233.432106420216,100
5,20,28686.434797349157,20.0,20.0,21815.49376783897,21816.91737520961,100
5,21,833.2727804783314,35.0,35.0,18461.48444457666,19901.594054142373,175
5,22,559.9235606325632,inf,559.9235606325632,16881.436162312275,22732.036610549687,0
5,23,inf,inf,inf,10069.439872179164,10069.439872179164,0
5,24,inf,15.0,15.0,20047.735174756464,20047.735174756464,75
5,25,47620.933286389794,30.0,30.0,30029.62004833044,30032.342435769748,150
5,26,inf,30.0,30.0,21940.85078684349,21940.85078684349,150
5,28,7390.721439322075,10.0,10.0,22784.536900203075,22920.915591966866,50
5,29,1104.247153742493,10.0,10.0,9057.427921198045,9966.433571649166,50
5,30,2663.2113497299338,25.0,25.0,17124.380494761677,19986.31288884344,125
5,31,6789.797304206728,40.0,40.0,23917.590030985702,30013.654235837068,200
5,32,inf,inf,inf,21823.991541108368,21823.991541108368,-50
5,33,399.73826128100984,5.0,5.0,621.8437596854452,19776.31618681327,25
5,34,338.8550534045236,20.0,20.0,6856.086373410977,22602.341831688973,100
5,35,inf,20.0,20.0,10023.164206998828,10023.164206998828,100
5,36,inf,35.0,35.0,20023.910098573837,20023.910098573837,175
5,37,inf,15.0,15.0,13835.676566603102,13835.676566603102,75
5,38,inf,35.0,35.0,14864.005548309442,14864.005548309442,175
5,39,424.028856272352,15.0,15.0,1668.1651942368078,19790.32065359165,75
5,40,481.02313343223113,25.0,25.0,9550.445963084794,22700.447023449033,125
5,41,inf,35.0,35.0,10293.35677096318,10293.35677096318,175
5,42,inf,inf,inf,20319.498476281555,20319.498476281555,-25
5,43,inf,5.0,5.0,30338.262614929656,30338.262614929656,25
5,44,541.840985026698,15.0,15.0,17307.671451398925,21622.789404797495,75
5,45,338.83903452873653,25.0,25.0,10379.061012023987,19731.276553884305,125
5,46,331.28748984102435,35.0,35.0,4530.726118532348,22594.823891172473,175
5,47,inf,inf,inf,10270.513657265854,10270.513657265854,-25
5,48,inf,5.0,5.0,20253.839370830767,20253.839370830767,25
5,49,inf,15.0,15.0,30233.432106420216,30233.432106420216,75
5,50,28686.434797349157,25.0,25.0,21815.49376783897,21816.91737520961,125
5,51,833.2727804783314,35.0,35.0,18461.48444457666,19901.594054142373,175
5,52,876.2995656424847,inf,876.2995656424847,5782.290417087356,9955.219000114455,-25
5,53,187.7777388406582,5.0,5.0,6531.523619522216,9749.097183059957,25
5,54,inf,15.0,15.0,10045.962320053113,10045.962320053113,75
5,55,inf,25.0,25.0,10026.772536225548,10026.772536225548,125
5,56,3342.7273564564834,35.0,35.0,9976.656189115194,9993.171966678892,175
5,57,2221.216408466482,inf,2221.216408466482,9955.156011377854,12885.446902125334,-25
5,58,inf,5.0,5.0,12941.039109240415,12941.039109240415,25
5,59,inf,15.0,15.0,12940.20966056948,12940.20966056948,75
5,60,722.2533879056886,25.0,25.0,12139.984601617538,12822.209149310778,125
5,61,300.41197608191436,35.0,35.0,9829.157714706058,12699.547598027231,175
5,62,407.3596848633792,inf,407.3596848633792,3704.379449677503,14835.910423668243,-25
5,63,478.25994989499725,15.0,15.0,4834.911889039851,14862.36729331831,75
6,2,inf,inf,inf,21823.979719197054,21823.979719197054,-60
6,3,3612.6986576941317,4.0,4.0,13079.726055861387,19990.921738676603,20
6,4,3224.1683894189723,20.0,20.0,19984.59766125359,22894.549671991346,100
6,5,inf,18.0,18.0,10125.661426871256,10125.661426871256,90
6,6,inf,34.0,34.0,20181.09934858908,20181.09934858908,170
6,7,inf,inf,inf,30236.663054580207,30236.663054580207,0
6,8,547.6447269649178,inf,547.6447269649178,6187.241919186346,21587.521089408652,-10
6,9,423.0332744457857,14.0,14.0,1668.253106823389,19743.511901079117,70
6,10,480.23901768156804,30.0,30.0,9550.559411097132,22653.207605454114,150
6,11,inf,28.0,28.0,10349.648979587073,10349.648979587073,140
6,12,inf,inf,inf,20378.485475951533,20378.485475951533,-30
6,13,inf,10.0,10.0,30398.97778430101,30398.97778430101,50
6,14,542.62818965043,8.0,8.0,17307.600455097574,21583.007159647215,40
6,15,338.21905913321064,24.0,24.0,10378.92572106626,19672.851188675268,120
6,16,330.32904297905264,40.0,40.0,4530.8077574562385,22526.57367900041,200
6,17,inf,inf,inf,10322.768101856307,10322.768101856307,-60
6,18,inf,4.0,4.0,20300.16616517013,20300.16616517013,20
6,19,inf,20.0,20.0,30273.288810340757,30273.288810340757,100
6,20,39097.135407927184,18.0,18.0,21815.540904669084,21816.30722531156,90
6,21,838.4766099184717,34.0,34.0,18461.074639973453,19877.35871089482,170
6,22,560.1525903555972,inf,560.1525903555972,16881.290862594393,22691.40552599372,0
6,23,inf,inf,inf,10081.852584939248,10081.852584939248,-10
6,24,inf,14.0,14.0,20052.9349671595,20052.9349671595,70
6,25,53841.947682139944,30.0,30.0,30029.75872115965,30031.888233802005,150
6,26,inf,28.0,28.0,21964.414723691734,21964.414723691734,140
6,28,7473.914225101978,10.0,10.0,22784.800009448656,22918.101471855785,50
6,29,1108.077007128061,8.0,8.0,9057.663498088541,9957.610073022652,40
6,30,2664.937143470873,24.0,24.0,17124.31093229473,19978.851048561064,120
6,31,6790.5209388250205,40.0,40.0,23917.562109327835,30009.253744795464,200
6,32,inf,inf,inf,21823.979719197054,21823.979719197054,-60
6,33,398.7392766130438,4.0,4.0,621.8104643687748,19726.84528332443,20
6,34,337.9561370349325,20.0,20.0,6856.08219219027,22535.607991098317,100
6,35,inf,18.0,18.0,10026.081598998644,10026.081598998644,90
6,36,inf,34.0,34.0,20023.904372059624,20023.904372059624,170
6,37,inf,14.0,14.0,13860.39125957567,13860.39125957567,70
6,38,inf,34.0,34.0,14918.677385447403,14918.677385447403,170
6,39,423.0332744457857,14.0,14.0,1668.253106823389,19743.511901079117,70
6,40,480.23901768156804,24.0,24.0,9550.559411097132,22653.207605454114,120
6,41,inf,34.0,34.0,10349.648979587073,10349.648979587073,170
6,42,inf,inf,inf,20378.485475951533,20378.485475951533,-30
6,43,inf,4.0,4.0,30398.97778430101,30398.97778430101,20
6,44,542.62818965043,14.0,14.0,17307.600455097574,21583.007159647215,70
6,45,338.21905913321064,24.0,24.0,10378.92572106626,19672.851188675268,120
6,46,330.32904297905264,34.0,34.0,4530.8077574562385,22526.57367900041,170
6,47,inf,inf,inf,10322.768101856307,10322.768101856307,-30
6,48,inf,4.0,4.0,20300.16616517013,20300.16616517013,20
6,49,inf,14.0,14.0,30273.288810340757,30273.288810340757,70
6,50,39097.135407927184,24.0,24.0,21815.540904669084,21816.30722531156,120
6,51,838.4766099184717,34.0,34.0,18461.074639973453,19877.35871089482,170
6,52,875.8336476695878,inf,875.8336476695878,5782.5234712667725,9944.00213905301,-30
6,53,187.59882262400927,4.0,4.0,6531.492296011489,9697.139893733041,20
6,54,inf,14.0,14.0,10053.396018627705,10053.396018627705,70
6,55,inf,24.0,24.0,10030.325033707553,10030.325033707553,120
6,56,3672.6344155503957,34.0,34.0,9976.508667287115,9990.176292576609,170
6,57,2221.711886718855,inf,2221.711886718855,9955.235537752049,12879.80648468704,-30
6,58,inf,4.0,4.0,12946.361679301914,12946.361679301914,20
6,59,inf,14.0,14.0,12945.581716298002,12945.581716298002,70
6,60,730.0175631453264,24.0,24.0,12139.997386480349,12804.593917607615,120
6,61,300.92337056268144,34.0,34.0,9829.24618524436,12657.318065707925,170
6,62,406.4232405942047,inf,406.4232405942047,3704.0985037908554,14799.452782769653,-30
6,63,477.38486487809405,14.0,14.0,4834.904875005604,14831.519723619105,70
7,2,inf,inf,inf,21823.967774087152,21823.967774087152,-70
7,3,3612.369397956267,3.0,3.0,13079.390739989662,19985.195689742424,15
7,4,3226.2843138602725,20.0,20.0,19984.309527309113,22887.25889056363,100
7,5,inf,16.0,16.0,10144.862116178343,10144.862116178343,80
7,6,inf,33.0,33.0,20207.74515065978,20207.74515065978,165
7,7,inf,inf,inf,30270.594953272725,30270.594953272725,0
7,8,546.7342429797624,inf,546.7342429797624,6187.758601401059,21547.92084811484,-20
7,9,422.0422950781908,13.0,13.0,1668.1116650613228,19696.938360779848,65
7,10,479.4379906519636,30.0,30.0,9549.929903157987,22605.392292389886,150
7,11,inf,26.0,26.0,10405.945879915564,10405.945879915564,130
7,12,inf,inf,inf,20437.98226259228,20437.98226259228,-35
7,13,inf,10.0,10.0,30459.707334377883,30459.707334377883,50
7,14,543.4515462003717,6.0,6.0,17307.754820988546,21543.12384811915,30
7,15,337.60718028228393,23.0,23.0,10379.201523171025,19614.46729612358,115
7,16,329.3661007686846,40.0,40.0,4530.927494860595,22457.984623318564,200
7,17,inf,inf,inf,10375.779819927255,10375.779819927255,-70
7,18,inf,3.0,3.0,20346.896449092226,20346.896449092226,15
7,19,inf,20.0,20.0,30313.285798039997,30313.285798039997,100
7,20,61740.19866765556,16.0,16.0,21815.36243066123,21815.66970175971,80
7,21,843.8258681028868,33.0,33.0,18460.977891995153,19853.540629017847,165
7,22,560.3860434954199,inf,560.3860434954199,16880.963085222527,22650.516939318935,0
7,23,inf,inf,inf,10094.568902326868,10094.568902326868,-20
7,24,inf,13.0,13.0,20058.57819218224,20058.57819218224,65
7,25,61983.28757745066,30.0,30.0,30029.667952721586,30031.274679874616,150
7,26,inf,26.0,26.0,21987.79338342848,21987.79338342848,130
7,28,7558.488073458353,10.0,10.0,22784.25712358892,22914.522541165014,50
7,29,1111.9578568985125,6.0,6.0,9057.899069550114,9948.826106093955,30
7,30,2666.7861025717298,23.0,23.0,17124.526907491116,19971.42997127478,115
7,31,6791.380738939814,40.0,40.0,23917.89698373836,30005.120462845953,200
7,32,inf,inf,inf,21823.967774087152,21823.967774087152,-70
7,33,397.73476041482695,3.0,3.0,621.5192427268154,19677.10849126156,15
7,34,337.0485331699071,20.0,20.0,6856.07796739563,22468.199465199574,100
7,35,inf,16.0,16.0,10029.516695707849,10029.516695707849,80
7,36,inf,33.0,33.0,20023.89858586763,20023.89858586763,165
7,37,inf,13.0,13.0,13885.115085235228,13885.115085235228,65
7,38,inf,33.0,33.0,14973.400270916063,14973.400270916063,165
7,39,422.0422950781908,13.0,13.0,1668.1116650613228,19696.938360779848,65
7,40,479.4379906519636,23.0,23.0,9549.929903157987,22605.392292389886,115
7,41,inf,33.0,33.0,10405.945879915564,10405.945879915564,165
7,42,inf,inf,inf,20437.98226259228,20437.98226259228,-35
7,43,inf,3.0,3.0,30459.707334377883,30459.707334377883,15
7,44,543.4515462003717,13.0,13.0,17307.754820988546,21543.12384811915,65
7,45,337.60718028228393,23.0,23.0,10379.201523171025,19614.46729612358,115
7,46,329.3661007686846,33.0,33.0,4530.927494860595,22457.984623318564,165
7,47,inf,inf,inf,10375.779819927255,10375.779819927255,-35
7,48,inf,3.0,3.0,20346.896449092226,20346.896449092226,15
7,49,inf,13.0,13.0,30313.285798039997,30313.285798039997,65
7,50,61740.19866765556,23.0,23.0,21815.36243066123,21815.66970175971,115
7,51,843.8258681028868,33.0,33.0,18460.977891995153,19853.540629017847,165
7,52,875.2911313430723,inf,875.2911313430723,5782.041574897609,9932.25766143253,-35
7,53,187.43579824194683,3.0,3.0,6531.476845077318,9645.154918089174,15
7,54,inf,13.0,13.0,10060.712703364554,10060.712703364554,65
7,55,inf,23.0,23.0,10033.83806497292,10033.83806497292,115
7,56,4082.0214456891736,33.0,33.0,9976.127635308581,9987.179873768067,165
7,57,2222.146690848422,inf,2222.146690848422,9954.99815729359,12873.679080031483,-35
7,58,inf,3.0,3.0,12951.582488491784,12951.582488491784,15
7,59,inf,13.0,13.0,12950.686443872555,12950.686443872555,65
7,60,738.0399423693691,23.0,23.0,12139.785506262046,12786.888279413739,115
7,61,301.44615348704343,33.0,33.0,9828.897954680324,12614.808939549017,165
7,62,405.4824941995313,inf,405.4824941995313,3704.001761111322,14762.767104039378,-35
7,63,476.4942391716107,13.0,13.0,4834.736703606685,14800.179159215664,65
8,2,inf,inf,inf,21823.95595206805,21823.95595206805,-80
8,3,3612.127962769587,2.0,2.0,13079.418222908902,19979.737046704286,10
8,4,3228.4846776984746,20.0,20.0,19984.378213180284,22880.323519346737,100
8,5,inf,14.0,14.0,10163.80907415131,10163.80907415131,70
8,6,inf,32.0,32.0,20233.86706034159,20233.86706034159,160
8,7,inf,inf,inf,30304.029562145963,30304.029562145963,0
8,8,545.825022112496,inf,545.825022112496,6187.685115617088,21508.56881825388,-30
8,9,421.05134933363576,12.0,12.0,1667.9701376674238,19650.365647463506,60
8,10,478.65607590090707,30.0,30.0,9550.043287798822,22558.19556045653,150
8,11,inf,24.0,24.0,10462.247456559795,10462.247456559795,120
8,12,inf,inf,inf,20496.987691315826,20496.987691315826,-40
8,13,inf,10.0,10.0,30520.451358245882,30520.451358245882,50
8,14,544.2851872831826,4.0,4.0,17307.796603314673,21503.491099404706,20
8,15,337.0003694713554,22.0,22.0,10379.401578909949,19556.41436613006,110
8,16,328.40819794630096,40.0,40.0,4531.009151256875,22389.752208538852,200
8,17,inf,inf,inf,10428.452594327771,10428.452594327771,-80
8,18,inf,2.0,2.0,20393.48935915347,20393.48935915347,10
8,19,inf,20.0,20.0,30353.34855688651,30353.34855688651,100
8,20,145693.6276143986,14.0,14.0,21815.29678864409,21815.35196527248,70
8,21,849.2879013614474,32.0,32.0,18460.88119543061,19829.902148106517,160
8,22,560.6349211654336,inf,560.6349211654336,16880.81772157249,22610.06476637836,0
8,23,inf,inf,inf,10107.587733470358,10107.587733470358,-30
8,24,inf,12.0,12.0,20064.04583717028,20064.04583717028,60
8,25,72957.32770490918,30.0,30.0,30029.806682277867,30030.96635890103,150
8,26,inf,24.0,24.0,22011.460850362368,22011.460850362368,120
8,28,7645.661902317091,10.0,10.0,22784.52020698688,22911.77798150883,50
8,29,1115.7992147898813,4.0,4.0,9057.787707258612,9939.81208375121,20
8,30,2668.5274005505744,22.0,22.0,17124.45735220081,19963.983553206595,110
8,31,6792.107176831417,40.0,40.0,23917.86906390818,30000.722243298795,200
8,32,inf,inf,inf,21823.95595206805,21823.95595206805,-80
8,33,396.7357857017668,2.0,2.0,621.4858869918247,19627.637864029377,10
8,34,336.1509619080387,20.0,20.0,6856.073786136227,22401.506302030135,100
8,35,inf,14.0,14.0,10032.921854973423,10032.921854973423,70
8,36,inf,32.0,32.0,20023.89285930415,20023.89285930415,160
8,37,inf,12.0,12.0,13909.84467834942,13909.84467834942,60
8,38,inf,32.0,32.0,15028.182334478472,15028.182334478472,160
8,39,421.05134933363576,12.0,12.0,1667.9701376674238,19650.365647463506,60
8,40,478.65607590090707,22.0,22.0,9550.043287798822,22558.19556045653,110
8,41,inf,32.0,32.0,10462.247456559795,10462.247456559795,160
8,42,inf,inf,inf,20496.987691315826,20496.987691315826,-40
8,43,inf,2.0,2.0,30520.451358245882,30520.451358245882,10
8,44,544.2851872831826,12.0,12.0,17307.796603314673,21503.491099404706,60
8,45,337.0003694713554,22.0,22.0,10379.401578909949,19556.41436613006,110
8,46,328.40819794630096,32.0,32.0,4531.009151256875,22389.752208538852,160
8,47,inf,inf,inf,10428.452594327771,10428.452594327771,-40
8,48,inf,2.0,2.0,20393.48935915347,20393.48935915347,10
8,49,inf,12.0,12.0,30353.34855688651,30353.34855688651,60
8,50,145693.6276143986,22.0,22.0,21815.29678864409,21815.35196527248,110
8,51,849.2879013614474,32.0,32.0,18460.88119543061,19829.902148106517,160
8,52,874.8334629496867,inf,874.8334629496867,5782.2062581334585,9921.287415645213,-40
8,53,187.29000572512268,2.0,2.0,6531.445529067783,9593.662123758175,10
8,54,inf,12.0,12.0,10068.17319339327,10068.17319339327,60
8,55,inf,22.0,22.0,10037.808499210048,10037.808499210048,110
8,56,4586.833169954374,32.0,32.0,9975.980050363803,9984.725952849642,160
8,57,2222.648733823409,inf,2222.648733823409,9955.077680798815,12868.046329133702,-40
8,58,inf,2.0,2.0,12957.254902158533,12957.254902158533,10
8,59,inf,12.0,12.0,12956.137676252953,12956.137676252953,60
8,60,746.3147731490425,22.0,22.0,12139.57362874801,12769.398346153701,110
8,61,301.99630366289915,32.0,32.0,9828.65943969022,12572.818135422443,160
8,62,404.55583458181206,inf,404.55583458181206,3704.0284470801207,14726.588081983651,-40
8,63,475.6202562945844,12.0,12.0,4834.7296564376265,14769.346919750451,60
9,2,inf,inf,inf,21823.9441299965,21823.9441299965,-90
9,3,3611.8841116123035,1.0,1.0,13079.48152536462,19974.04533337004,5
9,4,3230.685664837662,20.0,20.0,19984.161343312804,22872.94555949687,100
9,5,inf,12.0,12.0,10182.76652349609,10182.76652349609,60
9,6,inf,31.0,31.0,20260.023722694685,20260.023722694685,155
9,7,inf,inf,inf,30337.202272343005,30337.202272343005,0
9,8,544.9161570809168,inf,544.9161570809168,6187.611653635764,21469.223237960527,-40
9,9,420.0558734678793,11.0,11.0,1668.0579648476405,19603.559397720743,55
9,10,477.874141127058,30.0,30.0,9549.901885946718,22511.1202758645,150
9,11,inf,22.0,22.0,10518.553603980332,10518.553603980332,110
9,12,inf,inf,inf,20556.269594868343,20556.269594868343,-45
9,13,inf,10.0,10.0,30580.709092955643,30580.709092955643,50
9,14,545.1381313819135,2.0,2.0,17307.838409446744,21463.992648119274,10
9,15,336.391809380316,21.0,21.0,10379.190491280186,19498.452699235615,105
9,16,327.44804702223627,40.0,40.0,4530.7498908158805,22321.424490462497,200
9,17,inf,inf,inf,10481.32873821936,10481.32873821936,-90
9,18,inf,1.0,1.0,20440.213651402188,20440.213651402188,5
9,19,inf,20.0,20.0,30393.012747201727,30393.012747201727,100
9,20,inf,12.0,12.0,21815.238267836103,21815.238267836103,60
9,21,854.8483901274158,31.0,31.0,18460.932852115177,19806.702896095998,155
9,22,560.9003146217437,inf,560.9003146217437,16880.78679352832,22569.46479860664,0
9,23,inf,inf,inf,10120.907882759506,10120.907882759506,-40
9,24,inf,11.0,11.0,20069.64628649495,20069.64628649495,55
9,25,88654.43939745742,30.0,30.0,30029.945440051815,30030.73078569048,150
9,26,inf,22.0,22.0,22035.17930689228,22035.17930689228,110
9,28,7735.184262385582,10.0,10.0,22784.450007357642,22908.72138871878,50
9,29,1119.691903365637,2.0,2.0,9057.676352714116,9930.836855172456,10
9,30,2670.392557143598,21.0,21.0,17124.673352641505,19956.578601591158,105
9,31,6792.834989119984,40.0,40.0,23917.841144987193,29996.32513625285,200
9,32,inf,inf,inf,21823.9441299965,21823.9441299965,-90
9,33,395.73681640875907,1.0,1.0,621.4525011269643,19578.16738582285,5
9,34,335.25406967622683,20.0,20.0,6856.069604857576,22334.833645179984,100
9,35,inf,12.0,12.0,10036.569936923413,10036.569936923413,60
9,36,inf,31.0,31.0,20023.887132714473,20023.887132714473,155
9,37,inf,11.0,11.0,13934.581529742823,13934.581529742823,55
9,38,inf,31.0,31.0,15082.648192684821,15082.648192684821,155
9,39,420.0558734678793,11.0,11.0,1668.0579648476405,19603.559397720743,55
9,40,477.874141127058,21.0,21.0,9549.901885946718,22511.1202758645,105
9,41,inf,31.0,31.0,10518.553603980332,10518.553603980332,155
9,42,inf,inf,inf,20556.269594868343,20556.269594868343,-45
9,43,inf,1.0,1.0,30580.709092955643,30580.709092955643,5
9,44,545.1381313819135,11.0,11.0,17307.838409446744,21463.992648119274,55
9,45,336.391809380316,21.0,21.0,10379.190491280186,19498.452699235615,105
9,46,327.44804702223627,31.0,31.0,4530.7498908158805,22321.424490462497,155
9,47,inf,inf,inf,10481.32873821936,10481.32873821936,-45
9,48,inf,1.0,1.0,20440.213651402188,20440.213651402188,5
9,49,inf,11.0,11.0,30393.012747201727,30393.012747201727,55
9,50,inf,21.0,21.0,21815.238267836103,21815.238267836103,105
9,51,854.8483901274158,31.0,31.0,18460.932852115177,19806.702896095998,155
9,52,874.3336122594693,inf,874.3336122594693,5782.081824452269,9909.823158315588,-45
9,53,187.16148169009134,1.0,1.0,6531.414216796369,9542.406593824133,5
9,54,inf,11.0,11.0,10076.034331794397,10076.034331794397,55
9,55,inf,21.0,21.0,10042.221655444313,10042.221655444313,105
9,56,5238.6731571540095,31.0,31.0,9976.087188835518,9982.787430345523,155
9,57,2223.154052485941,inf,2223.154052485941,9955.157202888748,12862.417392216676,-45
9,58,inf,1.0,1.0,12962.640926684513,12962.640926684513,5
9,59,inf,11.0,11.0,12961.62825067894,12961.62825067894,55
9,60,754.7693881613136,21.0,21.0,12139.316182730101,12752.234318703135,105
9,61,302.58645434782983,31.0,31.0,9828.747839865739,12531.235874266198,155
9,62,403.6249165713993,inf,403.6249165713993,3704.2393016840783,14690.181791166691,-45
9,63,474.74213176390936,11.0,11.0,4834.883527240783,14738.289280141445,55
10,2,inf,inf,inf,21823.93230786978,21823.93230786978,-100
10,3,3611.6441523017666,inf,3611.6441523017666,13079.509006433835,19968.58903393708,0
10,4,3232.90264855251,20.0,20.0,19984.2300220168,22866.02414771287,100
10,5,inf,10.0,10.0,10201.734405576733,10201.734405576733,50
10,6,inf,30.0,30.0,20286.157518492004,20286.157518492004,150
10,7,inf,inf,inf,30370.643363281357,30370.643363281357,0
10,8,544.007650016397,inf,544.007650016397,6187.538215465101,21429.88414257032,-50
10,9,419.06499549079155,10.0,10.0,1667.91638084446,19556.98828605155,50
10,10,477.09330854686937,30.0,30.0,9549.760452721097,22464.066294492928,150
10,11,inf,20.0,20.0,10574.631220854251,10574.631220854251,100
10,12,inf,inf,inf,20615.293301522503,20615.293301522503,-50
10,13,inf,10.0,10.0,30641.48163056932,30641.48163056932,50
10,14,546.0106845097911,inf,546.0106845097911,17307.88023938461,21424.62923696145,0
10,15,335.7915565737916,20.0,20.0,10379.390580686437,19440.536221735976,100
10,16,326.49069016826803,40.0,40.0,4530.831564847185,22253.209922282105,200
10,17,inf,inf,inf,10534.405189240186,10534.405189240186,-100
10,18,inf,inf,inf,20486.84019830438,20486.84019830438,0
10,19,inf,20.0,20.0,30433.279036489115,30433.279036489115,100
10,20,inf,10.0,10.0,21815.328612573016,21815.328612573016,50
10,21,860.5067009830618,30.0,30.0,18460.522932053544,19783.182540039103,150
10,22,561.1695995887519,inf,561.1695995887519,16880.641365931857,22529.194124780002,0
10,23,inf,inf,inf,10134.748825886363,10134.748825886363,-50
10,24,inf,10.0,10.0,20075.151214484205,20075.151214484205,50
10,25,113126.68884652958,30.0,30.0,30029.854843382178,30030.3371379726,150
10,26,inf,20.0,20.0,22058.948588352978,22058.948588352978,100
10,28,7826.645335424458,10.0,10.0,22784.713064889373,22906.046706589274,50
10,29,1123.6367435533184,inf,1123.6367435533184,9057.565005916344,9921.900525478224,0
10,30,2672.149492046733,20.0,20.0,17124.603804509003,19949.147640217958,100
10,31,6793.5860429194,40.0,40.0,23917.777406555226,29991.694878567378,200
10,32,inf,inf,inf,21823.93230786978,21823.93230786978,-100
10,33,394.7378525723428,inf,394.7378525723428,621.4190851303291,19528.6970575425,0
10,34,334.3578632090578,20.0,20.0,6856.0654235596785,22268.181678837198,100
10,35,inf,10.0,10.0,10040.682822643013,10040.682822643013,50
10,36,inf,30.0,30.0,20023.881406102824,20023.881406102824,150
10,37,inf,10.0,10.0,13959.325600667893,13959.325600667893,50
10,38,inf,30.0,30.0,15137.538110272424,15137.538110272424,150
10,39,419.06499549079155,10.0,10.0,1667.91638084446,19556.98828605155,50
10,40,477.09330854686937,20.0,20.0,9549.760452721097,22464.066294492928,100
10,41,inf,30.0,30.0,10574.631220854251,10574.631220854251,150
10,42,inf,inf,inf,20615.293301522503,20615.293301522503,-50
10,43,inf,inf,inf,30641.48163056932,30641.48163056932,0
10,44,546.0106845097911,10.0,10.0,17307.88023938461,21424.62923696145,50
10,45,335.7915565737916,20.0,20.0,10379.390580686437,19440.536221735976,100
10,46,326.49069016826803,30.0,30.0,4530.831564847185,22253.209922282105,150
10,47,inf,inf,inf,10534.405189240186,10534.405189240186,-50
10,48,inf,inf,inf,20486.84019830438,20486.84019830438,0
10,49,inf,10.0,10.0,30433.279036489115,30433.279036489115,50
10,50,inf,20.0,20.0,21815.328612573016,21815.328612573016,100
10,51,860.5067009830618,30.0,30.0,18460.522932053544,19783.182540039103,150
10,52,873.8749071174263,inf,873.8749071174263,5782.314865328346,9898.6333690717,-50
10,53,187.0507535427886,inf,187.0507535427886,6531.382908267709,9491.392172117377,0
10,54,inf,10.0,10.0,10083.79264432711,10083.79264432711,50
10,55,inf,20.0,20.0,10046.334706527645,10046.334706527645,100
10,56,6102.822144033158,30.0,30.0,9975.939540938469,9980.873361930851,150
10,57,2223.6931501630006,inf,2223.6931501630006,9955.281493753275,12856.611876779138,-50
10,58,inf,inf,inf,12968.233634353388,12968.233634353388,0
10,59,inf,10.0,10.0,12966.852411448888,12966.852411448888,50
10,60,763.5584364472331,20.0,20.0,12139.32883704841,12735.477385196002,100
10,61,303.19083466716836,30.0,30.0,9828.509278380534,12489.680542809347,150
10,62,402.6898482411352,inf,402.6898482411352,3703.9582728519017,14653.74768449385,-50
10,63,473.8692796421051,10.0,10.0,4834.876447022198,14707.472744350584,50
11,2,inf,inf,inf,21823.920362542238,21823.920362542238,-110
11,3,3611.4049128445326,inf,3611.4049128445326,13079.536495641274,19963.133818670056,-5
11,4,3235.120621823341,20.0,20.0,19984.0131537487,22858.660392543683,100
11,5,inf,8.0,8.0,10220.975670157915,10220.975670157915,40
11,6,inf,29.0,29.0,20312.826013186736,20312.826013186736,145
11,7,inf,inf,inf,30404.588140627046,30404.588140627046,0
11,8,543.0990992650607,inf,543.0990992650607,6187.759859591491,21390.431559134413,-60
11,9,418.06342465765175,9.0,9.0,1667.7331066232073,19509.91730525852,45
11,10,476.30629174926617,30.0,30.0,9549.629673011255,22416.58547884619,150
11,11,inf,18.0,18.0,10631.21414562929,10631.21414562929,90
11,12,inf,inf,inf,20674.826469835418,20674.826469835418,-55
11,13,inf,10.0,10.0,30702.26820704782,30702.26820704782,50
11,14,546.9125052263009,inf,546.9125052263009,17308.03470111481,21385.28894682929,-10
11,15,335.1861214314317,19.0,19.0,10379.331138440912,19382.188806298116,95
11,16,325.52410099415516,40.0,40.0,4530.989470306379,22184.30974890799,200
11,17,inf,inf,inf,10588.234897585506,10588.234897585506,-110
11,18,inf,inf,inf,20534.370778922264,20534.370778922264,-5
11,19,inf,20.0,20.0,30473.91726732225,30473.91726732225,100
11,20,inf,8.0,8.0,21815.512548590836,21815.512548590836,40
11,21,866.3246041747851,29.0,29.0,18460.42606724577,19760.08494622502,145
11,22,561.4439017473252,inf,561.4439017473252,16880.313460015575,22488.668811553714,0
11,23,inf,inf,inf,10148.947018586556,10148.947018586556,-60
11,24,inf,9.0,9.0,20081.29037921718,20081.29037921718,45
11,25,156256.83456303825,30.0,30.0,30030.2646731067,30030.517469377013,150
11,26,inf,18.0,18.0,22082.65227511365,22082.65227511365,90
11,28,7919.754234166497,10.0,10.0,22784.170127387282,22902.606770319922,50
11,29,1127.72783324408,inf,1127.72783324408,9057.800608561336,9913.274375495703,-10
11,30,2674.0309970160556,19.0,19.0,17124.819794286836,19941.75873216094,95
11,31,6794.316677149336,40.0,40.0,23917.749475879595,29987.299957295654,200
11,32,inf,inf,inf,21823.920362542238,21823.920362542238,-110
11,33,393.7333543151811,inf,393.7333543151811,621.1277421804506,19478.960769571742,-5
11,34,333.45302473011645,20.0,20.0,6856.061198687044,22200.856626031848,100
11,35,inf,8.0,8.0,10045.09362487927,10045.09362487927,40
11,36,inf,29.0,29.0,20023.87561981153,20023.87561981153,145
11,37,inf,9.0,9.0,13984.079709250778,13984.079709250778,45
11,38,inf,29.0,29.0,15192.474121149431,15192.474121149431,145
11,39,418.06342465765175,9.0,9.0,1667.7331066232073,19509.91730525852,45
11,40,476.30629174926617,19.0,19.0,9549.629673011255,22416.58547884619,95
11,41,inf,29.0,29.0,10631.21414562929,10631.21414562929,145
11,42,inf,inf,inf,20674.826469835418,20674.826469835418,-55
11,43,inf,inf,inf,30702.26820704782,30702.26820704782,-5
11,44,546.9125052263009,9.0,9.0,17308.03470111481,21385.28894682929,45
11,45,335.1861214314317,19.0,19.0,10379.331138440912,19382.188806298116,95
11,46,325.52410099415516,29.0,29.0,4530.989470306379,22184.30974890799,145
11,47,inf,inf,inf,10588.234897585506,10588.234897585506,-55
11,48,inf,inf,inf,20534.370778922264,20534.370778922264,-5
11,49,inf,9.0,9.0,30473.91726732225,30473.91726732225,45
11,50,inf,19.0,19.0,21815.512548590836,21815.512548590836,95
11,51,866.3246041747851,29.0,29.0,18460.42606724577,19760.08494622502,145
11,52,873.3786456916171,inf,873.3786456916171,5782.19043347991,9887.182509659831,-55
11,53,186.9583783824587,inf,186.9583783824587,6531.367472391057,9440.370588773905,-5
11,54,inf,9.0,9.0,10091.4243714549,10091.4243714549,45
11,55,inf,19.0,19.0,10050.894403903554,10050.894403903554,95
11,56,7323.875940172377,29.0,29.0,9975.802481789566,9979.226333868208,145
11,57,2224.110819262781,inf,2224.110819262781,9954.999337257563,12850.68040678515,-55
11,58,inf,inf,inf,12973.355543193711,12973.355543193711,-5
11,59,inf,9.0,9.0,12972.116485528,12972.116485528,45
11,60,772.6536887535003,19.0,19.0,12139.116825603605,12718.636878887804,95
11,61,303.83612100363155,29.0,29.0,9828.487892333536,12448.240340997823,145
11,62,401.75512070545824,inf,401.75512070545824,3703.677257281643,14617.319371209203,-55
11,63,472.980903226482,9.0,9.0,4834.708208698829,14676.163418590486,45
12,2,inf,inf,inf,21823.908540308512,21823.908540308512,-120
12,3,3611.1663958306226,inf,3611.1663958306226,13079.563974879857,19957.679806818716,-10
12,4,3237.3543562318127,20.0,20.0,19984.081825269175,22851.752966110547,100
12,5,inf,6.0,6.0,10239.726221240799,10239.726221240799,30
12,6,inf,28.0,28.0,20338.999468899896,20338.999468899896,140
12,7,inf,inf,inf,30438.03558822757,30438.03558822757,0
12,8,542.1909356351565,inf,542.1909356351565,6187.981603087965,21350.98604012446,-70
12,9,417.07261329497675,8.0,8.0,1667.591465868547,19463.34776845193,40
12,10,475.5277004065577,30.0,30.0,9549.488176726321,22369.574726232775,150
12,11,inf,16.0,16.0,10687.26600875364,10687.26600875364,80
12,12,inf,inf,inf,20733.867975869754,20733.867975869754,-60
12,13,inf,10.0,10.0,30762.56833890804,30762.56833890804,50
12,14,547.825351595304,inf,547.825351595304,17308.07657878671,21346.198734417907,-20
12,15,334.59263927533027,18.0,18.0,10379.531261601667,19324.412207641253,90
12,16,324.5673115206146,40.0,40.0,4531.071161810438,22116.11371245193,200
12,17,inf,inf,inf,10641.704983639165,10641.704983639165,-120
12,18,inf,inf,inf,20581.485696460062,20581.485696460062,-10
12,19,inf,20.0,20.0,30514.15675271256,30514.15675271256,100
12,20,inf,6.0,6.0,21816.012027844863,21816.012027844863,30
12,21,872.2491137039782,28.0,28.0,18460.477636769767,19737.426216196774,140
12,22,561.7460466940728,inf,561.7460466940728,16880.464842314774,22448.691184163632,0
12,23,inf,inf,inf,10162.88203688952,10162.88203688952,-70
12,24,inf,8.0,8.0,20087.062952728535,20087.062952728535,40
12,25,251725.0450118988,30.0,30.0,30030.4035158306,30030.500923692507,150
12,26,inf,16.0,16.0,22106.407635224023,22106.407635224023,80
12,28,8016.080379837749,10.0,10.0,22784.099888976463,22899.655279601735,50
12,29,1131.7403809892385,inf,1131.7403809892385,9057.795198407995,9904.645411435447,-20
12,30,2675.8037031126014,18.0,18.0,17124.750253327536,19934.343262192124,90
12,31,6795.048682496315,40.0,40.0,23917.721559720856,29982.90623897719,200
12,32,inf,inf,inf,21823.908540308512,21823.908540308512,-120
12,33,392.7344007033411,inf,392.7344007033411,621.0942657654128,19429.490724206553,-10
12,34,332.5582176783604,20.0,20.0,6856.057017350451,22134.24682236607,100
12,35,inf,6.0,6.0,10049.468675801574,10049.468675801574,30
12,36,inf,28.0,28.0,20023.869893148923,20023.869893148923,140
12,37,inf,8.0,8.0,14009.181154261367,14009.181154261367,40
12,38,inf,28.0,28.0,15247.461657613832,15247.461657613832,140
12,39,417.07261329497675,8.0,8.0,1667.591465868547,19463.34776845193,40
12,40,475.5277004065577,18.0,18.0,9549.488176726321,22369.574726232775,90
12,41,inf,28.0,28.0,10687.26600875364,10687.26600875364,140
12,42,inf,inf,inf,20733.867975869754,20733.867975869754,-60
12,43,inf,inf,inf,30762.56833890804,30762.56833890804,-10
12,44,547.825351595304,8.0,8.0,17308.07657878671,21346.198734417907,40
12,45,334.59263927533027,18.0,18.0,10379.531261601667,19324.412207641253,90
12,46,324.5673115206146,28.0,28.0,4531.071161810438,22116.11371245193,140
12,47,inf,inf,inf,10641.704983639165,10641.704983639165,-60
12,48,inf,inf,inf,20581.485696460062,20581.485696460062,-10
12,49,inf,8.0,8.0,30514.15675271256,30514.15675271256,40
12,50,inf,18.0,18.0,21816.012027844863,21816.012027844863,90
12,51,872.2491137039782,28.0,28.0,18460.477636769767,19737.426216196774,140
12,52,872.8841666732275,inf,872.8841666732275,5782.06598978559,9875.738326054274,-60
12,53,186.89451264964273,inf,186.89451264964273,6531.678647957563,9390.1005028842,-10
12,54,inf,8.0,8.0,10099.70910099864,10099.70910099864,40
12,55,inf,18.0,18.0,10055.660168384991,10055.660168384991,90
12,56,9135.901446346405,28.0,28.0,9975.65477077488,9977.854090275967,140
12,57,2224.6260774631587,inf,2224.6260774631587,9955.078855059834,12845.062996426332,-60
12,58,inf,inf,inf,12978.991482998472,12978.991482998472,-10
12,59,inf,8.0,8.0,12977.725478815413,12977.725478815413,40
12,60,782.0480706102817,18.0,18.0,12138.90481754326,12702.015574435653,90
12,61,304.4984344221116,28.0,28.0,9828.358980684672,12407.429369746073,140
12,62,400.82530251638667,inf,400.82530251638667,3703.8880493636198,14580.931865385524,-60
12,63,472.0977554923185,8.0,8.0,4834.378989743674,14645.09461043298,40
13,2,inf,inf,inf,21823.89671802117,21823.89671802117,-130
13,3,3610.928601515981,inf,3610.928601515981,13079.591453206054,19952.22694012852,-15
13,4,3239.66618809606,20.0,20.0,19984.221773198817,22844.752371106548,100
13,5,inf,4.0,4.0,10258.724553745458,10258.724553745458,20
13,6,inf,27.0,27.0,20365.150784890393,20365.150784890393,135
13,7,inf,inf,inf,30471.48619870366,30471.48619870366,0
13,8,541.2835366557321,inf,541.2835366557321,6187.9082364584065,21311.666996815573,-80
13,9,416.077281446342,7.0,7.0,1667.6791791271776,19416.544918563955,35
13,10,474.7514509213673,30.0,30.0,9549.601403263236,22322.48733730624,150
13,11,inf,14.0,14.0,10743.58987975628,10743.58987975628,70
13,12,inf,inf,inf,20792.918268866564,20792.918268866564,-65
13,13,inf,10.0,10.0,30823.383015208587,30823.383015208587,50
13,14,548.7709126184019,inf,548.7709126184019,17308.444505047486,21307.57242732662,-30
13,15,333.99572801137845,17.0,17.0,10379.396089985805,19266.465795130895,85
13,16,323.6108076573594,40.0,40.0,4531.1528620280815,22047.92699889052,200
13,17,inf,inf,inf,10695.366456421274,10695.366456421274,-130
13,18,inf,inf,inf,20628.728424230216,20628.728424230216,-15
13,19,inf,20.0,20.0,30554.726205206098,30554.726205206098,100
13,20,inf,4.0,4.0,21816.388145209847,21816.388145209847,20
13,21,878.3210197445413,27.0,27.0,18460.380794914454,19714.69271947032,135
13,22,562.0468416581404,inf,562.0468416581404,16880.319318721962,22408.695994700567,0
13,23,inf,inf,inf,10177.393942504114,10177.393942504114,-80
13,24,inf,7.0,7.0,20093.195420098007,20093.195420098007,35
13,25,652640.1245580738,30.0,30.0,30030.313004528336,30030.327495289534,150
13,26,inf,14.0,14.0,22130.329450549776,22130.329450549776,70
13,28,8114.5700874149,10.0,10.0,22784.362907729523,22897.08531829024,50
13,29,1135.8467455101866,inf,1135.8467455101866,9057.68387482116,9895.826383753501,-30
13,30,2677.584187421046,17.0,17.0,17124.68071592503,19926.935396639696,85
13,31,6795.782068921912,40.0,40.0,23917.693644474795,29978.51363511833,200
13,32,inf,inf,inf,21823.89671802117,21823.89671802117,-130
13,33,391.73545265622323,inf,391.73545265622323,621.0607592189001,19380.02083143927,-15
13,34,331.6641172107885,20.0,20.0,6856.05283599461,22067.658276834478,100
13,35,inf,4.0,4.0,10054.085473862018,10054.085473862018,20
13,36,inf,27.0,27.0,20023.864166461808,20023.864166461808,135
13,37,inf,7.0,7.0,14033.946911194229,14033.946911194229,35
13,38,inf,27.0,27.0,15302.14399907469,15302.14399907469,135
13,39,416.077281446342,7.0,7.0,1667.6791791271776,19416.544918563955,35
13,40,474.7514509213673,17.0,17.0,9549.601403263236,22322.48733730624,85
13,41,inf,27.0,27.0,10743.58987975628,10743.58987975628,135
13,42,inf,inf,inf,20792.918268866564,20792.918268866564,-65
13,43,inf,inf,inf,30823.383015208587,30823.383015208587,-15
13,44,548.7709126184019,7.0,7.0,17308.444505047486,21307.57242732662,35
13,45,333.99572801137845,17.0,17.0,10379.396089985805,19266.465795130895,85
13,46,323.6108076573594,27.0,27.0,4531.1528620280815,22047.92699889052,135
13,47,inf,inf,inf,10695.366456421274,10695.366456421274,-65
13,48,inf,inf,inf,20628.728424230216,20628.728424230216,-15
13,49,inf,7.0,7.0,30554.726205206098,30554.726205206098,35
13,50,inf,17.0,17.0,21816.388145209847,21816.388145209847,85
13,51,878.3210197445413,27.0,27.0,18460.380794914454,19714.69271947032,135
13,52,872.4354097211636,inf,872.4354097211636,5782.230656597131,9864.801380899476,-65
13,53,186.84054042538872,inf,186.84054042538872,6531.631438244958,9340.085122735753,-15
13,54,inf,7.0,7.0,10107.880703086048,10107.880703086048,35
13,55,inf,17.0,17.0,10060.6229792886,10060.6229792886,85
13,56,12142.188326678373,27.0,27.0,9975.507028361368,9976.751636017269,135
13,57,2225.175563374246,inf,2225.175563374246,9955.203141556774,12839.269502785144,-65
13,58,inf,inf,inf,12984.768110373392,12984.768110373392,-15
13,59,inf,7.0,7.0,12983.562177781,12983.562177781,35
13,60,791.7305439394185,17.0,17.0,12138.917373783954,12685.912722139257,85
13,61,305.20349078129897,27.0,27.0,9828.447286949786,12366.7403813976,135
13,62,399.8912860333514,inf,399.8912860333514,3703.6069583524736,14544.515717212262,-65
13,63,471.22195153204666,7.0,7.0,4834.532793966985,14614.069148127393,35
14,2,inf,inf,inf,21823.884895680603,21823.884895680603,-140
14,3,3610.691530940477,inf,3610.691530940477,13079.618930619868,19946.7752195292,-20
14,4,3241.9168763944544,20.0,20.0,19984.290437555326,22837.859014551803,100
14,5,inf,2.0,2.0,10277.733090256881,10277.733090256881,10
14,6,inf,26.0,26.0,20391.572035512494,20391.572035512494,130
14,7,inf,inf,inf,30504.939961544147,30504.939961544147,0
14,8,540.3765044346862,inf,540.3765044346862,6187.834893635483,21272.354583808363,-90
14,9,415.0865397976251,6.0,6.0,1667.5374817649824,19369.977028171623,30
14,10,473.97514108986394,30.0,30.0,9549.459844083023,22275.520466754228,150
14,11,inf,12.0,12.0,10799.917968085816,10799.917968085816,60
14,12,inf,inf,inf,20851.977274017314,20851.977274017314,-70
14,13,inf,10.0,10.0,30883.94333019476,30883.94333019476,50
14,14,549.7252698883237,inf,549.7252698883237,17308.486430133245,21268.757812536845,-40
14,15,333.4091653673794,16.0,16.0,10379.596246815407,19208.83111542841,80
14,16,322.6545921803964,40.0,40.0,4531.234570959854,21979.749694976617,200
14,17,inf,inf,inf,10749.216449649728,10749.216449649728,-140
14,18,inf,inf,inf,20676.098086123617,20676.098086123617,-20
14,19,inf,20.0,20.0,30595.16738002805,30595.16738002805,100
14,20,inf,2.0,2.0,21817.295331787078,21817.295331787078,10
14,21,884.4654858542787,26.0,26.0,18460.119141707182,19692.152676593574,130
14,22,562.3583661895619,inf,562.3583661895619,16880.173763245115,22368.793322373058,0
14,23,inf,inf,inf,10192.201023393429,10192.201023393429,-90
14,24,inf,6.0,6.0,20099.460110023312,20099.460110023312,30
14,25,inf,30.0,30.0,30030.45684706078,30030.45684706078,150
14,26,inf,12.0,12.0,22154.301434022866,22154.301434022866,60
14,28,8215.876698315518,10.0,10.0,22784.292643452827,22894.204090220785,50
14,29,1140.0087228006737,inf,1140.0087228006737,9057.572558982705,9887.046672584793,-40
14,30,2679.398215822584,16.0,16.0,17124.539902152857,19919.30258489411,80
14,31,6796.516838083593,40.0,40.0,23917.665730139113,29974.122146201076,200
14,32,inf,inf,inf,21823.884895680603,21823.884895680603,-140
14,33,390.73651021187345,inf,390.73651021187345,621.0272225414204,19330.551092208014,-20
14,34,330.7707304295376,20.0,20.0,6856.0486546195225,22001.091182460135,100
14,35,inf,2.0,2.0,10058.94368574979,10058.94368574979,10
14,36,inf,26.0,26.0,20023.858439749347,20023.858439749347,130
14,37,inf,6.0,6.0,14058.719734200238,14058.719734200238,30
14,38,inf,26.0,26.0,15357.23356395429,15357.23356395429,130
14,39,415.0865397976251,6.0,6.0,1667.5374817649824,19369.977028171623,30
14,40,473.97514108986394,16.0,16.0,9549.459844083023,22275.520466754228,80
14,41,inf,26.0,26.0,10799.917968085816,10799.917968085816,130
14,42,inf,inf,inf,20851.977274017314,20851.977274017314,-70
14,43,inf,inf,inf,30883.94333019476,30883.94333019476,-20
14,44,549.7252698883237,6.0,6.0,17308.486430133245,21268.757812536845,30
14,45,333.4091653673794,16.0,16.0,10379.596246815407,19208.83111542841,80
14,46,322.6545921803964,26.0,26.0,4531.234570959854,21979.749694976617,130
14,47,inf,inf,inf,10749.216449649728,10749.216449649728,-70
14,48,inf,inf,inf,20676.098086123617,20676.098086123617,-20
14,49,inf,6.0,6.0,30595.16738002805,30595.16738002805,30
14,50,inf,16.0,16.0,21817.295331787078,21817.295331787078,80
14,51,884.4654858542787,26.0,26.0,18460.119141707182,19692.152676593574,130
14,52,871.9841237794709,inf,871.9841237794709,5782.4636841729125,9853.63924095179,-70
14,53,186.80681844748028,inf,186.80681844748028,6531.6001444875865,9290.076111969638,-20
14,54,inf,6.0,6.0,10116.44639766451,10116.44639766451,30
14,55,inf,16.0,16.0,10065.782725977822,10065.782725977822,80
14,56,18142.552166998936,26.0,26.0,9975.614008583925,9976.1713725632,130
14,57,2225.6976105989565,inf,2225.6976105989565,9955.282656496895,12833.659925386466,-70
14,58,inf,inf,inf,12990.259479914555,12990.259479914555,-20
14,59,inf,6.0,6.0,12989.249898517985,12989.249898517985,30
14,60,801.7372878081521,16.0,16.0,12138.929897389973,12670.029006039169,80
14,61,305.9252089947171,26.0,26.0,9828.20863235213,12326.082411974328,130
14,62,398.96222223914754,inf,398.96222223914754,3703.81770878884,14508.141079154062,-70
14,63,470.3513830778285,6.0,6.0,4834.525647565298,14583.284254178996,30
15,2,inf,inf,inf,21823.872950135417,21823.872950135417,-150
15,3,3610.364832234248,inf,3610.364832234248,13079.319427686869,19940.823993890324,-25
15,4,3244.1692814385515,20.0,20.0,19984.073554688024,22830.523833802137,100
15,5,inf,inf,inf,10297.013782675936,10297.013782675936,0
15,6,inf,25.0,25.0,20417.998908355294,20417.998908355294,125
15,7,inf,inf,inf,30538.632749503166,30538.632749503166,0
15,8,539.4694805600393,inf,539.4694805600393,6188.056633609301,21232.929607822003,-100
15,9,414.08965612887306,5.0,5.0,1667.1247110650024,19323.143300876913,25
15,10,473.1927283148846,30.0,30.0,9549.32893713256,22228.128202665463,150
15,11,inf,10.0,10.0,10856.518521419797,10856.518521419797,50
15,12,inf,inf,inf,20911.813777761017,20911.813777761017,-75
15,13,inf,10.0,10.0,30944.821672163187,30944.821672163187,50
15,14,550.7107527432997,inf,550.7107527432997,17308.640987505114,21229.972878792945,-50
15,15,332.8245237662829,15.0,15.0,10379.872184261767,19151.009765949715,75
15,16,321.6913586011625,40.0,40.0,4531.013454438392,21911.12923625291,200
15,17,inf,inf,inf,10803.815983495262,10803.815983495262,-150
15,18,inf,inf,inf,20723.868963700403,20723.868963700403,-25
15,19,inf,20.0,20.0,30636.20935192313,30636.20935192313,100
15,20,inf,inf,inf,21818.300310512626,21818.300310512626,0
15,21,890.8259489363155,25.0,25.0,18459.87377775314,19669.530604166524,125
15,22,562.6825855396795,inf,562.6825855396795,16879.960195179923,22328.4064727373,0
15,23,inf,inf,inf,10207.587374864206,10207.587374864206,-100
15,24,inf,5.0,5.0,20105.907260710428,20105.907260710428,25
15,25,inf,30.0,30.0,30030.93048495852,30030.93048495852,150
15,26,inf,10.0,10.0,22178.20926290508,22178.20926290508,50
15,28,8318.566847897813,10.0,10.0,22784.082924406106,22891.249564396276,50
15,29,1144.323226656502,inf,1144.323226656502,9057.808192749348,9878.57949498927,-50
15,30,2681.2867617496663,15.0,15.0,17124.827186395112,19912.178225729614,75
15,31,6797.388268772809,40.0,40.0,23918.000611912143,29969.998258107,200
15,32,inf,inf,inf,21823.872950135417,21823.872950135417,-150
15,33,389.73203040058803,inf,389.73203040058803,620.7357582802053,19280.81532079356,-25
15,34,329.8687697483905,20.0,20.0,6856.044429668894,21933.852667400442,100
15,35,inf,inf,inf,10064.326493289727,10064.326493289727,0
15,36,inf,25.0,25.0,20023.852653360438,20023.852653360438,125
15,37,inf,5.0,5.0,14083.499496372806,14083.499496372806,25
15,38,inf,25.0,25.0,15412.38277712515,15412.38277712515,125
15,39,414.08965612887306,5.0,5.0,1667.1247110650024,19323.143300876913,25
15,40,473.1927283148846,15.0,15.0,9549.32893713256,22228.128202665463,75
15,41,inf,25.0,25.0,10856.518521419797,10856.518521419797,125
15,42,inf,inf,inf,20911.813777761017,20911.813777761017,-75
15,43,inf,inf,inf,30944.821672163187,30944.821672163187,-25
15,44,550.7107527432997,5.0,5.0,17308.640987505114,21229.972878792945,25
15,45,332.8245237662829,15.0,15.0,10379.872184261767,19151.009765949715,75
15,46,321.6913586011625,25.0,25.0,4531.013454438392,21911.12923625291,125
15,47,inf,inf,inf,10803.815983495262,10803.815983495262,-75
15,48,inf,inf,inf,20723.868963700403,20723.868963700403,-25
15,49,inf,5.0,5.0,30636.20935192313,30636.20935192313,25
15,50,inf,15.0,15.0,21818.300310512626,21818.300310512626,75
15,51,890.8259489363155,25.0,25.0,18459.87377775314,19669.530604166524,125
15,52,871.4554424711713,inf,871.4554424711713,5781.981761059858,9841.94641761974,-75
15,53,186.79432693724306,inf,186.79432693724306,6531.584723461091,9240.081838142507,-25
15,54,inf,5.0,5.0,10124.900190655113,10124.900190655113,25
15,55,inf,15.0,15.0,10070.892387765914,10070.892387765914,75
15,56,35901.81926703625,25.0,25.0,9975.22206820191,9975.364362767014,125
15,57,2226.1282640833356,inf,2226.1282640833356,9955.000494267348,12827.743437511386,-75
15,58,inf,inf,inf,12995.653844696553,12995.653844696553,-25
15,59,inf,5.0,5.0,12994.672676249515,12994.672676249515,25
15,60,812.1377566012337,15.0,15.0,12138.493157612498,12653.771915614188,75
15,61,306.6921117646831,25.0,25.0,9828.187151904192,12285.556920892484,125
15,62,398.02892667553573,inf,398.02892667553573,3703.5366098358936,14471.737194611136,-75
15,63,469.46530759761293,5.0,5.0,4834.3573423146045,14552.00678525978,25
16,2,inf,inf,inf,21823.86112768745,21823.86112768745,-160
16,3,3610.1292125572963,inf,3610.1292125572963,13079.346903244686,19935.374568894127,-30
16,4,3246.436986454328,20.0,20.0,19984.142211860813,22823.64451422753,100
16,5,inf,inf,inf,10316.304101675276,10316.304101675276,-10
16,6,inf,24.0,24.0,20444.194622541752,20444.194622541752,120
16,7,inf,inf,inf,30572.092865245824,30572.092865245824,0
16,8,538.5628531046947,inf,538.5628531046947,6188.278472457653,21193.5118491329,-110
16,9,413.09443323847324,4.0,4.0,1667.212338912266,19276.343022311226,20
16,10,472.41873023269494,30.0,30.0,9549.187314890509,22181.205669598956,150
16,11,inf,8.0,8.0,10912.586502245678,10912.586502245678,40
16,12,inf,inf,inf,20970.89014044074,20970.89014044074,-80
16,13,inf,10.0,10.0,31005.409337560246,31005.409337560246,50
16,14,551.6980551608417,inf,551.6980551608417,17308.570229433164,21191.545619384582,-60
16,15,332.2381586175241,14.0,14.0,10379.737063749042,19093.27844958636,70
16,16,320.73572402225915,40.0,40.0,4531.095181051207,21842.970874508545,200
16,17,inf,inf,inf,10858.036497886711,10858.036497886711,-160
16,18,inf,inf,inf,20771.26609144247,20771.26609144247,-30
16,19,inf,20.0,20.0,30677.07835946245,30677.07835946245,100
16,20,inf,inf,inf,21819.721474279977,21819.721474279977,-10
16,21,897.2853490904,24.0,24.0,18459.92523104889,19647.601864386743,120
16,22,563.0161079091936,inf,563.0161079091936,16879.81457558668,22288.69147941763,0
16,23,inf,inf,inf,10222.695528424,10222.695528424,-110
16,24,inf,4.0,4.0,20112.43729759639,20112.43729759639,20
16,25,inf,30.0,30.0,30030.97727527279,30030.97727527279,150
16,26,inf,8.0,8.0,22202.16810535609,22202.16810535609,40
16,28,8425.22544845997,10.0,10.0,22784.012634280796,22888.438389516774,50
16,29,1148.696610783382,inf,1148.696610783382,9058.043847157674,9870.152843767308,-60
16,30,2683.117160929932,14.0,14.0,17124.686379887145,19904.56129262138,70
16,31,6798.1480993577925,40.0,40.0,23917.93687910857,29965.375078879017,200
16,32,inf,inf,inf,21823.86112768745,21823.86112768745,-160
16,33,388.7330984616616,inf,388.7330984616616,620.7021611818278,19231.345871411126,-30
16,34,328.9768396535406,20.0,20.0,6856.040248255111,21867.32929214099,100
16,35,inf,inf,inf,10069.667584720675,10069.667584720675,-10
16,36,inf,24.0,24.0,20023.84692659871,20023.84692659871,120
16,37,inf,4.0,4.0,14108.286339283513,14108.286339283513,20
16,38,inf,24.0,24.0,15467.572174142528,15467.572174142528,120
16,39,413.09443323847324,4.0,4.0,1667.212338912266,19276.343022311226,20
16,40,472.41873023269494,14.0,14.0,9549.187314890509,22181.205669598956,70
16,41,inf,24.0,24.0,10912.586502245678,10912.586502245678,120
16,42,inf,inf,inf,20970.89014044074,20970.89014044074,-80
16,43,inf,inf,inf,31005.409337560246,31005.409337560246,-30
16,44,551.6980551608417,4.0,4.0,17308.570229433164,21191.545619384582,20
16,45,332.2381586175241,14.0,14.0,10379.737063749042,19093.27844958636,70
16,46,320.73572402225915,24.0,24.0,4531.095181051207,21842.970874508545,120
16,47,inf,inf,inf,10858.036497886711,10858.036497886711,-80
16,48,inf,inf,inf,20771.26609144247,20771.26609144247,-30
16,49,inf,4.0,4.0,30677.07835946245,30677.07835946245,20
16,50,inf,14.0,14.0,21819.721474279977,21819.721474279977,70
16,51,897.2853490904,24.0,24.0,18459.92523104889,19647.601864386743,120
16,52,871.0078964584341,inf,871.0078964584341,5782.214781954486,9830.79814068929,-80
16,53,186.80296751496658,inf,186.80296751496658,6531.553437203097,9190.601164108277,-30
16,54,inf,4.0,4.0,10133.495091577546,10133.495091577546,20
16,55,inf,14.0,14.0,10076.69990641313,10076.69990641313,70
16,56,1662937.829649508,24.0,24.0,9975.328984992793,9975.329051315384,120
16,57,2226.6882432244724,inf,2226.6882432244724,9955.12477639517,12821.962013693575,-80
16,58,inf,inf,inf,13001.187488779395,13001.187488779395,-30
16,59,inf,4.0,4.0,13000.135167616,13000.135167616,20
16,60,822.8418905806221,14.0,14.0,12138.505615774407,12638.33071998146,70
16,61,307.4775047018586,24.0,24.0,9827.948450689875,12245.36204457006,120
16,62,397.1051747756729,inf,397.1051747756729,3703.5631300215564,14435.607798101702,-80
16,63,468.5959055864825,4.0,4.0,4834.350162775244,14521.238015149742,20
17,2,inf,inf,inf,21823.849305184318,21823.849305184318,-170
17,3,3609.8943197693525,inf,3609.8943197693525,13079.374377888947,19929.926292810916,-35
17,4,3248.713175437634,20.0,20.0,19984.210865471345,22816.77216142277,100
17,5,inf,inf,inf,10335.342410705585,10335.342410705585,-20
17,6,inf,23.0,23.0,20470.369165988042,20470.369165988042,115
17,7,inf,inf,inf,30605.556101881255,30605.556101881255,0
17,8,537.6569561504587,inf,537.6569561504587,6188.205201180625,21154.21993677155,-120
17,9,412.10379478814366,3.0,3.0,1667.070556559265,19229.777569483278,15
17,10,471.6458956933113,30.0,30.0,9549.04566127423,22134.305404431623,150
17,11,inf,6.0,6.0,10968.9268517311,10968.9268517311,30
17,12,inf,inf,inf,21029.974994622182,21029.974994622182,-85
17,13,inf,10.0,10.0,31066.279046536965,31066.279046536965,50
17,14,552.7171909772708,inf,552.7171909772708,17308.61222606297,21153.149686402816,-70
17,15,331.6623476440844,13.0,13.0,10379.93727106543,19035.862239246762,65
17,16,319.7803863538762,40.0,40.0,4531.176916378452,21774.82218846814,200
17,17,inf,inf,inf,10912.437186057892,10912.437186057892,-170
17,18,inf,inf,inf,20819.012571319683,20819.012571319683,-35
17,19,inf,20.0,20.0,30717.81928248768,30717.81928248768,100
17,20,inf,inf,inf,21821.24048891463,21821.24048891463,-20
17,21,903.909762307168,23.0,23.0,18459.828272962648,19625.604036699766,115
17,22,563.3607684770342,inf,563.3607684770342,16879.66892411004,22249.070504464442,0
17,23,inf,inf,inf,10238.380354796398,10238.380354796398,-120
17,24,inf,3.0,3.0,20119.099177091386,20119.099177091386,15
17,25,inf,30.0,30.0,30031.325647076963,30031.325647076963,150
17,26,inf,6.0,6.0,22226.290654067587,22226.290654067587,30
17,28,8534.405972234052,10.0,10.0,22784.27560131689,22886.00822508359,50
17,29,1153.0324252481125,inf,1153.0324252481125,9057.932554598709,9861.49267639709,-70
17,30,2684.929572732779,13.0,13.0,17124.616856819783,19897.184394989476,65
17,31,6798.887147002556,40.0,40.0,23917.908967536616,29960.98703406305,200
17,32,inf,inf,inf,21823.849305184318,21823.849305184318,-170
17,33,387.7341722380004,inf,387.7341722380004,620.6685339486787,19181.87657834205,-35
17,34,328.085645208247,20.0,20.0,6856.03606682208,21800.827963003972,100
17,35,inf,inf,inf,10075.248982073854,10075.248982073854,-20
17,36,inf,23.0,23.0,20023.841199815008,20023.841199815008,115
17,37,inf,3.0,3.0,14133.080136683257,14133.080136683257,15
17,38,inf,23.0,23.0,15522.456762028982,15522.456762028982,115
17,39,412.10379478814366,3.0,3.0,1667.070556559265,19229.777569483278,15
17,40,471.6458956933113,13.0,13.0,9549.04566127423,22134.305404431623,65
17,41,inf,23.0,23.0,10968.9268517311,10968.9268517311,115
17,42,inf,inf,inf,21029.974994622182,21029.974994622182,-85
17,43,inf,inf,inf,31066.279046536965,31066.279046536965,-35
17,44,552.7171909772708,3.0,3.0,17308.61222606297,21153.149686402816,15
17,45,331.6623476440844,13.0,13.0,10379.93727106543,19035.862239246762,65
17,46,319.7803863538762,23.0,23.0,4531.176916378452,21774.82218846814,115
17,47,inf,inf,inf,10912.437186057892,10912.437186057892,-85
17,48,inf,inf,inf,20819.012571319683,20819.012571319683,-35
17,49,inf,3.0,3.0,30717.81928248768,30717.81928248768,15
17,50,inf,13.0,13.0,21821.24048891463,21821.24048891463,65
17,51,903.909762307168,23.0,23.0,18459.828272962648,19625.604036699766,115
17,52,870.5225223967188,inf,870.5225223967188,5782.0903216230845,9819.387737694135,-85
17,53,186.83377781000667,inf,186.83377781000667,6531.5221546880375,9141.39038907196,-35
17,54,inf,3.0,3.0,10142.229849586583,10142.229849586583,15
17,55,inf,13.0,13.0,10082.452285563273,10082.452285563273,65
17,56,inf,23.0,23.0,9975.310219072557,9975.310219072557,115
17,57,2227.125474930159,inf,2227.125474930159,9954.842605718917,12816.053096906215,-85
17,58,inf,inf,inf,13006.93020105754,13006.93020105754,-35
17,59,inf,3.0,3.0,13005.940546214435,13005.940546214435,15
17,60,833.9183242974508,13.0,13.0,12138.5180412981,12623.11112749327,65
17,61,308.29591206465864,23.0,23.0,9827.709726324762,12205.401084512223,115
17,62,396.168068187247,inf,396.168068187247,3703.4661445537695,14398.984267886024,-85
17,63,467.72250255804653,3.0,3.0,4834.503900416865,14490.24573915837,15
18,2,inf,inf,inf,21823.837482628347,21823.837482628347,-180
18,3,3609.747716096344,inf,3609.747716096344,13079.764660399765,19924.746089793345,-40
18,4,3251.068739383019,20.0,20.0,19984.35079527219,22809.80758538399,100
18,5,inf,inf,inf,10354.39070074109,10354.39070074109,-30
18,6,inf,22.0,22.0,20496.813022890616,20496.813022890616,110
18,7,inf,inf,inf,30639.022449072065,30639.022449072065,0
18,8,536.7605443295051,inf,536.7605443295051,6188.333447693687,21115.25901114657,-130
18,9,411.1086481596901,2.0,2.0,1667.158127517497,19182.979088783315,10
18,10,470.8755339766369,30.0,30.0,9549.158729700208,22087.33085383733,150
18,11,inf,4.0,4.0,11025.271162481886,11025.271162481886,20
18,12,inf,inf,inf,21089.06826877375,21089.06826877375,-90
18,13,inf,10.0,10.0,31126.66175305961,31126.66175305961,50
18,14,553.758635802945,inf,553.758635802945,17308.654246497063,21114.894841178928,-80
18,15,331.08321769946707,12.0,12.0,10379.802184630666,18978.27710688569,60
18,16,318.8206083349334,40.0,40.0,4531.296793182016,21706.336415316677,200
18,17,inf,inf,inf,10967.015366807273,10967.015366807273,-180
18,18,inf,inf,inf,20867.159492140963,20867.159492140963,-40
18,19,inf,20.0,20.0,30758.88586993316,30758.88586993316,100
18,20,inf,inf,inf,21822.963368624303,21822.963368624303,-30
18,21,910.6178671514155,22.0,22.0,18459.566504290502,19603.79603266811,110
18,22,563.7167074633925,inf,563.7167074633925,16879.523240749048,22209.544050904606,0
18,23,inf,inf,inf,10254.355111602457,10254.355111602457,-130
18,24,inf,2.0,2.0,20125.66986416197,20125.66986416197,10
18,25,inf,30.0,30.0,30031.519122899466,30031.519122899466,150
18,26,inf,4.0,4.0,22250.13661670475,22250.13661670475,20
18,28,8646.870038400553,10.0,10.0,22784.20528532605,22883.267413834867,50
18,29,1157.4276498111344,inf,1157.4276498111344,9057.821269784354,9852.872243099226,-80
18,30,2686.749931173532,12.0,12.0,17124.54733730594,19889.815144468015,60
18,31,6799.492132982876,40.0,40.0,23917.518248094708,29956.33338613781,200
18,32,inf,inf,inf,21823.837482628347,21823.837482628347,-180
18,33,386.735251769303,inf,386.735251769303,620.6348765853678,19132.40744256725,-40
18,34,327.1951939074987,20.0,20.0,6856.031885369802,21734.34888235855,100
18,35,inf,inf,inf,10081.070285762418,10081.070285762418,-30
18,36,inf,22.0,22.0,20023.83547300342,20023.83547300342,110
18,37,inf,2.0,2.0,14157.880851879456,14157.880851879456,10
18,38,inf,22.0,22.0,15577.379291904388,15577.379291904388,110
18,39,411.1086481596901,2.0,2.0,1667.158127517497,19182.979088783315,10
18,40,470.8755339766369,12.0,12.0,9549.158729700208,22087.33085383733,60
18,41,inf,22.0,22.0,11025.271162481886,11025.271162481886,110
18,42,inf,inf,inf,21089.06826877375,21089.06826877375,-90
18,43,inf,inf,inf,31126.66175305961,31126.66175305961,-40
18,44,553.758635802945,2.0,2.0,17308.654246497063,21114.894841178928,10
18,45,331.08321769946707,12.0,12.0,10379.802184630666,18978.27710688569,60
18,46,318.8206083349334,22.0,22.0,4531.296793182016,21706.336415316677,110
18,47,inf,inf,inf,10967.015366807273,10967.015366807273,-90
18,48,inf,inf,inf,20867.159492140963,20867.159492140963,-40
18,49,inf,2.0,2.0,30758.88586993316,30758.88586993316,10
18,50,inf,12.0,12.0,21822.963368624303,21822.963368624303,60
18,51,910.6178671514155,22.0,22.0,18459.566504290502,19603.79603266811,110
18,52,870.0829111690064,inf,870.0829111690064,5782.254972010178,9808.484662709643,-90
18,53,186.88749499509876,inf,186.88749499509876,6531.490875912372,9092.453895328212,-40
18,54,inf,2.0,2.0,10151.352333807079,10151.352333807079,10
18,55,inf,12.0,12.0,10088.409194987127,10088.409194987127,60
18,56,inf,22.0,22.0,9975.561394881637,9975.561394881637,110
18,57,2227.6609149567616,inf,2227.6609149567616,9954.922114954981,12810.45887835733,-90
18,58,inf,inf,inf,13012.810360883916,13012.810360883916,-40
18,59,inf,2.0,2.0,13011.784807606951,13011.784807606951,10
18,60,845.4169847742214,12.0,12.0,12138.30583724799,12607.819985678248,60
18,61,309.1630359368354,22.0,22.0,9827.797915326872,12165.87968847262,110
18,62,395.24507520660217,inf,395.24507520660217,3703.4926233171486,14362.867788980633,-90
18,63,466.85429728260635,2.0,2.0,4834.496687825634,14459.493484469249,10
19,2,inf,inf,inf,21823.825536866298,21823.825536866298,-190
19,3,3609.4267183620545,inf,3609.4267183620545,13079.429333449107,19919.033132348897,-45
19,4,3253.285041191871,20.0,20.0,19984.062618100463,22802.60009700386,100
19,5,inf,inf,inf,10373.470489550386,10373.470489550386,-40
19,6,inf,21.0,21.0,20523.02514221762,20523.02514221762,105
19,7,inf,inf,inf,30672.75609727697,30672.75609727697,0
19,8,535.8550882675206,inf,535.8550882675206,6188.555283392486,21075.862322204328,-140
19,9,410.1118969213833,1.0,1.0,1666.7452428606355,19136.148492023938,5
19,10,470.0965528536268,30.0,30.0,9548.772942252946,22040.125775852455,150
19,11,inf,2.0,2.0,11081.888282230328,11081.888282230328,10
19,12,inf,inf,inf,21148.670386820006,21148.670386820006,-95
19,13,inf,10.0,10.0,31187.827468132065,31187.827468132065,50
19,14,554.8332137454796,inf,554.8332137454796,17308.808899715565,21076.676335180426,-90
19,15,330.51326765333977,11.0,11.0,10380.078189853968,18920.75257480264,55
19,16,317.861137508011,40.0,40.0,4531.416636252347,21637.860641559804,200
19,17,inf,inf,inf,11022.339658530142,11022.339658530142,-190
19,18,inf,inf,inf,20915.430139058542,20915.430139058542,-45
19,19,inf,20.0,20.0,30800.098794953585,30800.098794953585,100
19,20,inf,inf,inf,21824.788155917668,21824.788155917668,-40
19,21,917.5657330809368,21.0,21.0,18459.321023500994,19581.91784553307,105
19,22,564.0915482220519,inf,564.0915482220519,16879.491950292377,22169.883808075905,0
19,23,inf,inf,inf,10270.90859811832,10270.90859811832,-140
19,24,inf,1.0,1.0,20132.873407040708,20132.873407040708,5
19,25,inf,30.0,30.0,30032.286431146156,30032.286431146156,150
19,26,inf,2.0,2.0,22274.245801627232,22274.245801627232,10
19,28,8761.028918599459,10.0,10.0,22783.995514635433,22880.451748229472,50
19,29,1161.9370955663358,inf,1161.9370955663358,9058.162855397612,9844.791860828958,-90
19,30,2688.6977167705295,11.0,11.0,17124.763356206222,19882.49051964043,55
19,31,6800.369421015845,40.0,40.0,23917.85313356075,29952.21420709393,200
19,32,inf,inf,inf,21823.825536866298,21823.825536866298,-190
19,33,385.7307909303391,inf,385.7307909303391,620.3432910102721,19082.672200707748,-45
19,34,326.29622961213073,20.0,20.0,6856.02766034118,21667.20011734014,100
19,35,inf,inf,inf,10087.419043337255,10087.419043337255,-40
19,36,inf,21.0,21.0,20023.82968651521,20023.82968651521,105
19,37,inf,1.0,1.0,14182.693373816455,14182.693373816455,5
19,38,inf,21.0,21.0,15633.090996667364,15633.090996667364,105
19,39,410.1118969213833,1.0,1.0,1666.7452428606355,19136.148492023938,5
19,40,470.0965528536268,11.0,11.0,9548.772942252946,22040.125775852455,55
19,41,inf,21.0,21.0,11081.888282230328,11081.888282230328,105
19,42,inf,inf,inf,21148.670386820006,21148.670386820006,-95
19,43,inf,inf,inf,31187.827468132065,31187.827468132065,-45
19,44,554.8332137454796,1.0,1.0,17308.808899715565,21076.676335180426,5
19,45,330.51326765333977,11.0,11.0,10380.078189853968,18920.75257480264,55
19,46,317.861137508011,21.0,21.0,4531.416636252347,21637.860641559804,105
19,47,inf,inf,inf,11022.339658530142,11022.339658530142,-95
19,48,inf,inf,inf,20915.430139058542,20915.430139058542,-45
19,49,inf,1.0,1.0,30800.098794953585,30800.098794953585,5
19,50,inf,11.0,11.0,21824.788155917668,21824.788155917668,55
19,51,917.5657330809368,21.0,21.0,18459.321023500994,19581.91784553307,105
19,52,869.6012229387296,inf,869.6012229387296,5782.130513415974,9797.087821772562,-95
19,53,186.96583360893314,inf,186.96583360893314,6531.475469944231,9043.555509809134,-45
19,54,inf,1.0,1.0,10160.118016334407,10160.118016334407,5
19,55,inf,11.0,11.0,10094.310576153362,10094.310576153362,55
19,56,inf,21.0,21.0,9976.100939937853,9976.100939937853,105
19,57,2228.136388547964,inf,2228.136388547964,9954.684716938904,12804.37839636078,-95
19,58,inf,inf,inf,13018.102025945307,13018.102025945307,-45
19,59,inf,1.0,1.0,13017.365327215142,13017.365327215142,5
19,60,857.328658867913,11.0,11.0,12138.093563009923,12592.753844248236,55
19,61,310.05067191336667,21.0,21.0,9827.449404161798,12126.101963045441,105
19,62,394.30873333097946,inf,394.30873333097946,3703.395629253508,14326.257240148676,-95
19,63,465.97060329113225,1.0,1.0,4834.328315648316,14428.24888196829,5
20,2,inf,inf,inf,21823.813714202548,21823.813714202548,-200
20,3,3609.1940125471606,inf,3609.1940125471606,13079.45680534906,19913.588308653136,-50
20,4,3255.6583425080034,20.0,20.0,19984.202540629987,22795.64997583924,100
20,5,inf,inf,inf,10392.53808916587,10392.53808916587,-50
20,6,inf,20.0,20.0,20549.480040827224,20549.480040827224,100
20,7,inf,inf,inf,30706.464926169687,30706.464926169687,0
20,8,534.9503401971583,inf,534.9503401971583,6188.482083539367,21036.59112314791,-150
20,9,409.1168253041581,inf,409.1168253041581,1666.832756780664,19089.35178012592,0
20,10,469.328611406999,30.0,30.0,9548.885947303781,21993.197375504005,150
20,11,inf,inf,inf,11138.240479084976,11138.240479084976,0
20,12,inf,inf,inf,21207.780285204004,21207.780285204004,-100
20,13,inf,10.0,10.0,31248.468550574096,31248.468550574096,50
20,14,555.9205469276542,inf,555.9205469276542,17308.850967887363,21038.70688313371,-100
20,15,329.9415885303619,10.0,10.0,10379.943137586724,18863.31682342473,50
20,16,316.90411753876333,40.0,40.0,4531.157474511221,21569.635034519935,200
20,17,inf,inf,inf,11077.266738869652,11077.266738869652,-200
20,18,inf,inf,inf,20963.545660577536,20963.545660577536,-50
20,19,inf,20.0,20.0,30841.36181353302,30841.36181353302,100
20,20,inf,inf,inf,21826.919685643985,21826.919685643985,-50
20,21,924.624541189982,20.0,20.0,18459.37236056435,19560.72901346821,100
20,22,564.4705867634059,inf,564.4705867634059,16879.34620281438,22130.54884215736,0
20,23,inf,inf,inf,10287.460303680626,10287.460303680626,-150
20,24,inf,inf,inf,20139.709725273624,20139.709725273624,0
20,25,inf,30.0,30.0,30032.85379812689,30032.85379812689,150
20,26,inf,inf,inf,22298.516777868208,22298.516777868208,0
20,28,8879.756911083934,10.0,10.0,22783.925172794206,22877.781091213277,50
20,29,1166.454096473583,inf,1166.454096473583,9058.051586051906,9836.251169185283,-100
20,30,2690.53439539014,10.0,10.0,17124.693843868477,19875.136898814373,50
20,31,6801.11264226452,40.0,40.0,23917.825224725664,29947.829514494504,200
20,32,inf,inf,inf,21823.813714202548,21823.813714202548,-200
20,33,384.73188125972774,inf,384.73188125972774,620.3095732236181,19033.20336200757,-50
20,34,325.4072954369908,20.0,20.0,6856.023478850207,21600.76638761494,100
20,35,inf,inf,inf,10093.71998253169,10093.71998253169,-50
20,36,inf,20.0,20.0,20023.8239596552,20023.8239596552,100
20,37,inf,inf,inf,14207.50806886524,14207.50806886524,0
20,38,inf,20.0,20.0,15688.109214984515,15688.109214984515,100
20,39,409.1168253041581,inf,409.1168253041581,1666.832756780664,19089.35178012592,0
20,40,469.328611406999,10.0,10.0,9548.885947303781,21993.197375504005,50
20,41,inf,20.0,20.0,11138.240479084976,11138.240479084976,100
20,42,inf,inf,inf,21207.780285204004,21207.780285204004,-100
20,43,inf,inf,inf,31248.468550574096,31248.468550574096,-50
20,44,555.9205469276542,inf,555.9205469276542,17308.850967887363,21038.70688313371,0
20,45,329.9415885303619,10.0,10.0,10379.943137586724,18863.31682342473,50
20,46,316.90411753876333,20.0,20.0,4531.157474511221,21569.635034519935,100
20,47,inf,inf,inf,11077.266738869652,11077.266738869652,-100
20,48,inf,inf,inf,20963.545660577536,20963.545660577536,-50
20,49,inf,inf,inf,30841.36181353302,30841.36181353302,0
20,50,inf,10.0,10.0,21826.919685643985,21826.919685643985,50
20,51,924.624541189982,20.0,20.0,18459.37236056435,19560.72901346821,100
20,52,869.1213938633002,inf,869.1213938633002,5782.006043115777,9785.697842689933,-100
20,53,187.07816365527253,inf,187.07816365527253,6531.786673588868,8995.441509809552,-50
20,54,inf,inf,inf,10169.518113379463,10169.518113379463,0
20,55,inf,10.0,10.0,10100.65171661617,10100.65171661617,50
20,56,inf,20.0,20.0,9976.894648903786,9976.894648903786,100
20,57,2228.67866351739,inf,2228.67866351739,9954.764223305332,12798.791968461297,-100
20,58,inf,inf,inf,13023.908395012668,13023.908395012668,-50
20,59,inf,inf,inf,13023.28754845545,13023.28754845545,0
20,60,869.6387688464446,10.0,10.0,12138.105890453544,12578.205682233098,50
20,61,310.9889177905276,20.0,20.0,9827.647242597837,12087.356401268025,100
20,62,393.37728541468005,inf,393.37728541468005,3703.1143931057322,14289.884826401207,-100
20,63,465.09206178130694,inf,465.09206178130694,4833.998964318165,14397.243695146113,0
21,2,inf,inf,inf,21823.80189148518,21823.80189148518,-210
21,3,3608.9593628409143,inf,3608.9593628409143,13079.520096520499,19907.911150604228,-55
21,4,3257.9691786109383,20.0,20.0,19984.271179892556,22788.805858350894,100
21,5,inf,inf,inf,10411.615507282504,10411.615507282504,-60
21,6,inf,19.0,19.0,20575.940492705085,20575.940492705085,95
21,7,inf,inf,inf,30739.676410771564,30739.676410771564,0
21,8,534.0456839958806,inf,534.0456839958806,6188.7040414283665,20997.208901318296,-160
21,9,408.13251870987176,inf,408.13251870987176,1666.9619622405964,19043.056607825918,-5
21,10,468.55202313478884,30.0,30.0,9548.500067541792,21946.03787205155,150
21,11,inf,inf,inf,11194.327228173453,11194.327228173453,-10
21,12,inf,inf,inf,21267.16767917195,21267.16767917195,-105
21,13,inf,10.0,10.0,31309.122632538085,31309.122632538085,50
21,14,557.0313305657286,inf,557.0313305657286,17308.893059867496,21000.880835415872,-110
21,15,329.3807511215188,9.0,9.0,10380.143412328674,18806.20079760395,45
21,16,315.94999506705443,40.0,40.0,4531.239244948321,21501.525906582425,200
21,17,inf,inf,inf,11132.363505837244,11132.363505837244,-210
21,18,inf,inf,inf,21011.782127206756,21011.782127206756,-55
21,19,inf,20.0,20.0,30882.722014926967,30882.722014926967,100
21,20,inf,inf,inf,21829.254919039467,21829.254919039467,-60
21,21,931.8441213241706,19.0,19.0,18459.423668560365,19539.726255220146,95
21,22,564.8563114092592,inf,564.8563114092592,16879.018016565118,22090.966736837752,0
21,23,inf,inf,inf,10304.005330203347,10304.005330203347,-160
21,24,inf,inf,inf,20147.178548865333,20147.178548865333,-5
21,25,inf,30.0,30.0,30032.99357004784,30032.99357004784,150
21,26,inf,inf,inf,22322.725872645886,22322.725872645886,-10
21,28,9001.83273552234,10.0,10.0,22783.854818018925,22875.145731443197,50
21,29,1171.0335654755,inf,1171.0335654755,9057.940324453422,9827.750521826969,-110
21,30,2692.406014875365,9.0,9.0,17124.553055470766,19867.559503269214,45
21,31,6801.857258058971,40.0,40.0,23917.79731680215,29943.44594025471,200
21,32,inf,inf,inf,21823.80189148518,21823.80189148518,-210
21,33,383.73297746121864,inf,383.73297746121864,620.2758253037196,18983.73468349225,-55
21,34,324.5191275930946,20.0,20.0,6856.019297339987,21534.355530309742,100
21,35,inf,inf,inf,10100.259524417439,10100.259524417439,-60
21,36,inf,19.0,19.0,20023.818232772377,20023.818232772377,95
21,37,inf,inf,inf,14232.329572210989,14232.329572210989,-5
21,38,inf,19.0,19.0,15743.552171692896,15743.552171692896,95
21,39,408.13251870987176,inf,408.13251870987176,1666.9619622405964,19043.056607825918,-5
21,40,468.55202313478884,9.0,9.0,9548.500067541792,21946.03787205155,45
21,41,inf,19.0,19.0,11194.327228173453,11194.327228173453,95
21,42,inf,inf,inf,21267.16767917195,21267.16767917195,-105
21,43,inf,inf,inf,31309.122632538085,31309.122632538085,-55
21,44,557.0313305657286,inf,557.0313305657286,17308.893059867496,21000.880835415872,-5
21,45,329.3807511215188,9.0,9.0,10380.143412328674,18806.20079760395,45
21,46,315.94999506705443,19.0,19.0,4531.239244948321,21501.525906582425,95
21,47,inf,inf,inf,11132.363505837244,11132.363505837244,-105
21,48,inf,inf,inf,21011.782127206756,21011.782127206756,-55
21,49,inf,inf,inf,30882.722014926967,30882.722014926967,-5
21,50,inf,9.0,9.0,21829.254919039467,21829.254919039467,45
21,51,931.8441213241706,19.0,19.0,18459.423668560365,19539.726255220146,95
21,52,868.6834264301988,inf,868.6834264301988,5782.239047375353,9774.584844243522,-105
21,53,187.2043964630447,inf,187.2043964630447,6531.739493631164,8947.59517035313,-55
21,54,inf,inf,inf,10179.055462047363,10179.055462047363,-5
21,55,inf,9.0,9.0,10107.202947037684,10107.202947037684,45
21,56,inf,19.0,19.0,9977.981882245354,9977.981882245354,95
21,57,2229.2563858137214,inf,2229.2563858137214,9954.88849814647,12793.030787721995,-105
21,58,inf,inf,inf,13029.546437087052,13029.546437087052,-55
21,59,inf,inf,inf,13029.441020257998,13029.441020257998,-5
21,60,882.43843779213,9.0,9.0,12137.893588318397,12563.591111638205,45
21,61,311.9493511234455,19.0,19.0,9827.408425116111,12048.356782620878,95
21,62,392.45544406160235,inf,392.45544406160235,3703.140809681608,14253.787922690448,-105
21,63,464.2211154181685,inf,464.2211154181685,4834.152635376766,14366.285266456585,-5
22,2,inf,inf,inf,21823.790068714585,21823.790068714585,-220
22,3,3608.728158738957,inf,3608.728158738957,13079.547566571428,19902.46869357337,-60
22,4,3260.360432555364,20.0,20.0,19984.411095169642,22781.870278142927,100
22,5,inf,inf,inf,10430.702689880087,10430.702689880087,-70
22,6,inf,18.0,18.0,20601.905915362207,20601.905915362207,90
22,7,inf,inf,inf,30773.155176070257,30773.155176070257,0
22,8,533.1417149851952,inf,533.1417149851952,6188.630889190639,20957.951728794644,-170
22,9,407.1420617571822,inf,407.1420617571822,1666.8200382866646,18996.495436694622,-10
22,10,467.7865402901042,30.0,30.0,9548.613009379942,21899.15621422897,150
22,11,inf,inf,inf,11250.68678809648,11250.68678809648,-20
22,12,inf,inf,inf,21326.294080956966,21326.294080956966,-110
22,13,inf,10.0,10.0,31369.828176330753,31369.828176330753,50
22,14,558.178479219038,inf,558.178479219038,17309.261198643937,20963.52791921415,-120
22,15,328.82378639579645,8.0,8.0,10380.343703803617,18749.161651436883,40
22,16,314.99618451439454,40.0,40.0,4531.3210241006345,21433.426921441092,200
22,17,inf,inf,inf,11187.627452418767,11187.627452418767,-220
22,18,inf,inf,inf,21059.918110260514,21059.918110260514,-60
22,19,inf,20.0,20.0,30923.954467342395,30923.954467342395,100
22,20,inf,inf,inf,21831.46373906713,21831.46373906713,-70
22,21,939.2099649574744,18.0,18.0,18459.013402106637,19518.410686319876,90
22,22,565.2717837365175,inf,565.2717837365175,16879.169077331084,22051.94157092318,0
22,23,inf,inf,inf,10321.126121001336,10321.126121001336,-170
22,24,inf,inf,inf,20154.5001625919,20154.5001625919,-10
22,25,inf,30.0,30.0,30033.706422018407,30033.706422018407,150
22,26,inf,inf,inf,22347.095271223458,22347.095271223458,-20
22,28,9127.001480598296,10.0,10.0,22784.117720407605,22872.890716818212,50
22,29,1175.676569847772,inf,1175.676569847772,9057.82907060197,9819.290022594663,-120
22,30,2694.258994147222,8.0,8.0,17124.483550290282,19860.221393756983,40
22,31,6802.625866837605,40.0,40.0,23917.733589626998,29938.82980798539,200
22,32,inf,inf,inf,21823.790068714585,21823.790068714585,-220
22,33,382.73407957619304,inf,382.73407957619304,620.2420472496937,18934.2661661853,-60
22,34,323.631733995766,20.0,20.0,6856.015115810519,21467.967757689956,100
22,35,inf,inf,inf,10107.037205399394,10107.037205399394,-70
22,36,inf,18.0,18.0,20023.812505864204,20023.812505864204,90
22,37,inf,inf,inf,14257.157848136407,14257.157848136407,-10
22,38,inf,18.0,18.0,15798.66409393808,15798.66409393808,90
22,39,407.1420617571822,inf,407.1420617571822,1666.8200382866646,18996.495436694622,-10
22,40,467.7865402901042,8.0,8.0,9548.613009379942,21899.15621422897,40
22,41,inf,18.0,18.0,11250.68678809648,11250.68678809648,90
22,42,inf,inf,inf,21326.294080956966,21326.294080956966,-110
22,43,inf,inf,inf,31369.828176330753,31369.828176330753,-60
22,44,558.178479219038,inf,558.178479219038,17309.261198643937,20963.52791921415,-10
22,45,328.82378639579645,8.0,8.0,10380.343703803617,18749.161651436883,40
22,46,314.99618451439454,18.0,18.0,4531.3210241006345,21433.426921441092,90
22,47,inf,inf,inf,11187.627452418767,11187.627452418767,-110
22,48,inf,inf,inf,21059.918110260514,21059.918110260514,-60
22,49,inf,inf,inf,30923.954467342395,30923.954467342395,-10
22,50,inf,8.0,8.0,21831.46373906713,21831.46373906713,40
22,51,939.2099649574744,18.0,18.0,18459.013402106637,19518.410686319876,90
22,52,868.211267570464,inf,868.211267570464,5782.046206733081,9763.438993941998,-110
22,53,187.35791836445532,inf,187.35791836445532,6531.708229629987,8899.802313914875,-60
22,54,inf,inf,inf,10188.485267441007,10188.485267441007,-10
22,55,inf,8.0,8.0,10113.934708759733,10113.934708759733,40
22,56,inf,18.0,18.0,9979.317861472526,9979.317861472526,90
22,57,2229.80563488602,inf,2229.80563488602,9954.96800165188,12787.452276015465,-110
22,58,inf,inf,inf,13035.205133119021,13035.205133119021,-60
22,59,inf,inf,inf,13035.139646219095,13035.139646219095,-10
22,60,895.6784932330658,8.0,8.0,12137.905850485267,12549.494210104715,40
22,61,312.96331699301254,18.0,18.0,9827.49652019921,12009.8110493284,90
22,62,391.52951093724903,inf,391.52951093724903,3703.351393424775,14217.466538376842,-110
22,63,463.3553287012881,inf,463.3553287012881,4834.145356596716,14335.566307572772,-10
23,2,inf,inf,inf,21823.778122735675,21823.778122735675,-230
23,3,3608.4099358483395,inf,3608.4099358483395,13079.212235923073,19896.760111028823,-65
23,4,3262.6113669605797,20.0,20.0,19984.12290357452,22774.69084152837,100
23,5,inf,inf,inf,10450.059625210251,10450.059625210251,-80
23,6,inf,17.0,17.0,20628.64012579557,20628.64012579557,85
23,7,inf,inf,inf,30806.90087939498,30806.90087939498,0
23,8,532.237861720697,inf,532.237861720697,6188.852820741892,20918.58389550384,-180
23,9,406.1409152184187,inf,406.1409152184187,1666.6364206539747,18949.434473591842,-15
23,10,467.0123834323615,30.0,30.0,9548.227095311335,21852.04285414595,150
23,11,inf,inf,inf,11307.319495451258,11307.319495451258,-30
23,12,inf,inf,inf,21385.929032070104,21385.929032070104,-115
23,13,inf,10.0,10.0,31430.77795894625,31430.77795894625,50
23,14,559.3484666910964,inf,559.3484666910964,17309.415947508347,20925.8894208265,-130
23,15,328.2622185704533,7.0,7.0,10380.284467142468,18691.69991500066,35
23,16,314.0379604373106,40.0,40.0,4531.440902464749,21364.991697229387,200
23,17,inf,inf,inf,11243.63435347949,11243.63435347949,-230
23,18,inf,inf,inf,21108.67434189088,21108.67434189088,-65
23,19,inf,20.0,20.0,30965.784312652333,30965.784312652333,100
23,20,inf,inf,inf,21834.108278451567,21834.108278451567,-80
23,21,946.7921392030079,17.0,17.0,18458.91618679247,19497.53411350968,85
23,22,565.6815704810986,inf,565.6815704810986,16878.840785577224,22012.554551400113,0
23,23,inf,inf,inf,10338.824658223795,10338.824658223795,-180
23,24,inf,inf,inf,20162.013363959573,20162.013363959573,-15
23,25,inf,30.0,30.0,30034.766553925736,30034.766553925736,150
23,26,inf,inf,inf,22371.403370583022,22371.403370583022,-30
23,28,9255.05456989763,10.0,10.0,22783.574627976737,22869.869217240037,50
23,29,1180.4861626087252,inf,1180.4861626087252,9058.064766678579,9811.146760171234,-130
23,30,2696.213637732341,7.0,7.0,17124.770863303693,19853.160330894127,35
23,31,6803.509103304719,40.0,40.0,23918.06847878386,29934.71539601873,200
23,32,inf,inf,inf,21823.778122735675,21823.778122735675,-230
23,33,381.7296382586944,inf,381.7296382586944,619.9503403597126,18884.531467438308,-65
23,34,322.73589128045614,20.0,20.0,6856.010890703904,21400.912111367546,100
23,35,inf,inf,inf,10114.34481001378,10114.34481001378,-80
23,36,inf,17.0,17.0,20023.806719275002,20023.806719275002,85
23,37,inf,inf,inf,14281.998804022278,14281.998804022278,-15
23,38,inf,17.0,17.0,15854.550807329882,15854.550807329882,85
23,39,406.1409152184187,inf,406.1409152184187,1666.6364206539747,18949.434473591842,-15
23,40,467.0123834323615,7.0,7.0,9548.227095311335,21852.04285414595,35
23,41,inf,17.0,17.0,11307.319495451258,11307.319495451258,85
23,42,inf,inf,inf,21385.929032070104,21385.929032070104,-115
23,43,inf,inf,inf,31430.77795894625,31430.77795894625,-65
23,44,559.3484666910964,inf,559.3484666910964,17309.415947508347,20925.8894208265,-15
23,45,328.2622185704533,7.0,7.0,10380.284467142468,18691.69991500066,35
23,46,314.0379604373106,17.0,17.0,4531.440902464749,21364.991697229387,85
23,47,inf,inf,inf,11243.63435347949,11243.63435347949,-115
23,48,inf,inf,inf,21108.67434189088,21108.67434189088,-65
23,49,inf,inf,inf,30965.784312652333,30965.784312652333,-15
23,50,inf,7.0,7.0,21834.108278451567,21834.108278451567,35
23,51,946.7921392030079,17.0,17.0,18458.91618679247,19497.53411350968,85
23,52,867.7370716062442,inf,867.7370716062442,5781.921734768849,9752.069622990095,-115
23,53,187.54008373311254,inf,187.54008373311254,6531.692838510453,8852.072433384568,-65
23,54,inf,inf,inf,10198.053504074516,10198.053504074516,-15
23,55,inf,7.0,7.0,10120.880158387377,10120.880158387377,35
23,56,inf,17.0,17.0,9980.95235346759,9980.95235346759,85
23,57,2230.2628413012208,inf,2230.2628413012208,9954.685827926582,12781.566053658042,-115
23,58,inf,inf,inf,13041.074882470157,13041.074882470157,-65
23,59,inf,inf,inf,13040.87757414461,13040.87757414461,-15
23,60,909.4609238573586,7.0,7.0,12137.693444846607,12535.334288630735,35
23,61,314.00190412793205,17.0,17.0,9827.147915430422,11971.017513207787,85
23,62,390.5992129404768,inf,390.5992129404768,3703.0701278169286,14181.1136219902,-115
23,63,462.47407254292614,inf,462.47407254292614,4833.976917491433,14304.355239232678,-15
24,2,inf,inf,inf,21823.766299856128,21823.766299856128,-240
24,3,3608.1801611926794,inf,3608.1801611926794,13079.239704139753,19891.319904417865,-70
24,4,3264.9484205935,20.0,20.0,19984.19153209195,22767.867862586445,100
24,5,inf,inf,inf,10469.165930216472,10469.165930216472,-90
24,6,inf,16.0,16.0,20654.854335738153,20654.854335738153,80
24,7,inf,inf,inf,30840.62236098716,30840.62236098716,0
24,8,531.3346814507968,inf,531.3346814507968,6188.779716247168,20879.34090821151,-190
24,9,405.1505309481094,inf,405.1505309481094,1666.4944399399271,18902.875016813985,-20
24,10,466.2493983393588,30.0,30.0,9548.339973769414,21805.208540943786,150
24,11,inf,inf,inf,11363.686477642403,11363.686477642403,-40
24,12,inf,inf,inf,21445.071507665598,21445.071507665598,-120
24,13,inf,10.0,10.0,31491.740920246768,31491.740920246768,50
24,14,560.5322202970057,inf,560.5322202970057,17309.45811083644,20888.49943164351,-140
24,15,327.71315623616096,6.0,6.0,10380.484792374973,18634.816693294597,30
24,16,313.08478558929824,40.0,40.0,4531.522699090557,21296.913369592356,200
24,17,inf,inf,inf,11299.22698252834,11299.22698252834,-240
24,18,inf,inf,inf,21157.269854565595,21157.269854565595,-70
24,19,inf,20.0,20.0,31007.210979393483,31007.210979393483,100
24,20,inf,inf,inf,21837.055002992533,21837.055002992533,-90
24,21,954.551874138575,16.0,16.0,18458.819025306177,19476.847149199122,80
24,22,566.1085299448399,inf,566.1085299448399,16878.694910209557,21973.608074894943,0
24,23,inf,inf,inf,10356.511160276557,10356.511160276557,-190
24,24,inf,inf,inf,20169.598132349307,20169.598132349307,-20
24,25,inf,30.0,30.0,30035.39998999819,30035.39998999819,150
24,26,inf,inf,inf,22395.87054813739,22395.87054813739,-40
24,28,9387.58853159069,10.0,10.0,22783.83750451326,22867.68416014184,50
24,29,1185.2603282086714,inf,1185.2603282086714,9057.95352836191,9802.76734950068,-140
24,30,2698.110452289423,6.0,6.0,17124.63008576995,19845.606794436982,30
24,31,6804.258034016662,40.0,40.0,23918.040573622824,29930.33527632461,200
24,32,inf,inf,inf,21823.766299856128,21823.766299856128,-240
24,33,380.73075147674734,inf,380.73075147674734,619.9165018805688,18835.06325473378,-70
24,34,321.8500786383111,20.0,20.0,6856.006709135741,21334.57140131322,100
24,35,inf,inf,inf,10121.598369284395,10121.598369284395,-90
24,36,inf,16.0,16.0,20023.80099231925,20023.80099231925,80
24,37,inf,inf,inf,14306.840768737116,14306.840768737116,-20
24,38,inf,16.0,16.0,15909.7690215539,15909.7690215539,80
24,39,405.1505309481094,inf,405.1505309481094,1666.4944399399271,18902.875016813985,-20
24,40,466.2493983393588,6.0,6.0,9548.339973769414,21805.208540943786,30
24,41,inf,16.0,16.0,11363.686477642403,11363.686477642403,80
24,42,inf,inf,inf,21445.071507665598,21445.071507665598,-120
24,43,inf,inf,inf,31491.740920246768,31491.740920246768,-70
24,44,560.5322202970057,inf,560.5322202970057,17309.45811083644,20888.49943164351,-20
24,45,327.71315623616096,6.0,6.0,10380.484792374973,18634.816693294597,30
24,46,313.08478558929824,16.0,16.0,4531.522699090557,21296.913369592356,80
24,47,inf,inf,inf,11299.22698252834,11299.22698252834,-120
24,48,inf,inf,inf,21157.269854565595,21157.269854565595,-70
24,49,inf,inf,inf,31007.210979393483,31007.210979393483,-20
24,50,inf,6.0,6.0,21837.055002992533,21837.055002992533,30
24,51,954.551874138575,16.0,16.0,18458.819025306177,19476.847149199122,80
24,52,867.3049371782993,inf,867.3049371782993,5782.154729055941,9740.97795003162,-120
24,53,187.74898782181492,inf,187.74898782181492,6531.661582009171,8804.880554266405,-70
24,54,inf,inf,inf,10207.746094392061,10207.746094392061,-20
24,55,inf,6.0,6.0,10128.000977853659,10128.000977853659,30
24,56,inf,16.0,16.0,9982.83016204806,9982.83016204806,80
24,57,2230.8513441336695,inf,2230.8513441336695,9954.810098397074,12775.817071800371,-120
24,58,inf,inf,inf,13046.775163261758,13046.775163261758,-70
24,59,inf,inf,inf,13046.955570087843,13046.955570087843,-20
24,60,923.7757100199609,6.0,6.0,12137.481044627246,12521.403366605153,30
24,61,315.0801101077933,16.0,16.0,9826.909028177855,11932.764168263473,80
24,62,389.66483106653936,inf,389.66483106653936,3702.9729964219446,14144.536378918823,-120
24,63,461.6095216824098,inf,461.6095216824098,4833.9696055713575,14273.65325192481,-20
25,2,inf,inf,inf,21823.75447692414,21823.75447692414,-250
25,3,3608.0389496083217,inf,3608.0389496083217,13079.62998022295,19886.148195160833,-75
25,4,3267.3666814492444,20.0,20.0,19984.331436492936,22760.953990027905,100
25,5,inf,inf,inf,10488.2818404864,10488.2818404864,-100
25,6,inf,15.0,15.0,20681.336789912082,20681.336789912082,75
25,7,inf,inf,inf,30874.110272583588,30874.110272583588,0
25,8,530.4316477866053,inf,530.4316477866053,6189.001769492107,20839.987864742245,-200
25,9,404.1556564117914,inf,404.1556564117914,1666.5818115542545,18856.082947068247,-25
25,10,465.48626349706404,30.0,30.0,9548.198068223515,21758.49267146341,150
25,11,inf,inf,inf,11420.057018831021,11420.057018831021,-50
25,12,inf,inf,inf,21504.22192279259,21504.22192279259,-125
25,13,inf,10.0,10.0,31552.21636976073,31552.21636976073,50
25,14,561.7410700950762,inf,561.7410700950762,17309.500297973085,20851.25596982616,-150
25,15,327.16095596997775,5.0,5.0,10380.34982529247,18577.766023254528,25
25,16,312.1272088893868,40.0,40.0,4531.642637193464,21228.49917538171,200
25,17,inf,inf,inf,11354.97949344489,11354.97949344489,-250
25,18,inf,inf,inf,21206.263912947463,21206.263912947463,-75
25,19,inf,20.0,20.0,31048.957353604575,31048.957353604575,100
25,20,inf,inf,inf,21840.20513923727,21840.20513923727,-100
25,21,962.4669196105108,15.0,15.0,18458.87021706625,19456.596453657763,75
25,22,566.5608998536729,inf,566.5608998536729,16878.84587442555,21934.87869156554,0
25,23,inf,inf,inf,10374.47779401318,10374.47779401318,-200
25,24,inf,inf,inf,20177.313623387963,20177.313623387963,-25
25,25,inf,30.0,30.0,30036.331767662534,30036.331767662534,150
25,26,inf,inf,inf,22420.27726517214,22420.27726517214,-50
25,28,9524.501471002917,10.0,10.0,22783.76709801921,22865.18955725486,50
25,29,1190.1013917385042,inf,1190.1013917385042,9057.842297789795,9794.42839733532,-150
25,30,2699.9882277398897,5.0,5.0,17124.560591323774,19838.292091237017,25
25,31,6804.872488260756,40.0,40.0,23917.64986059327,29925.689217117688,200
25,32,inf,inf,inf,21823.75447692414,21823.75447692414,-250
25,33,379.7318707303994,inf,379.7318707303994,619.8826332690355,18785.59520625178,-75
25,34,320.9650647392626,20.0,20.0,6856.002527548331,21268.25443056139,100
25,35,inf,inf,inf,10129.088575553875,10129.088575553875,-100
25,36,inf,15.0,15.0,20023.795265335615,20023.795265335615,75
25,37,inf,inf,inf,14331.68286677177,14331.68286677177,-25
25,38,inf,15.0,15.0,15965.381974691458,15965.381974691458,75
25,39,404.1556564117914,inf,404.1556564117914,1666.5818115542545,18856.082947068247,-25
25,40,465.48626349706404,5.0,5.0,9548.198068223515,21758.49267146341,25
25,41,inf,15.0,15.0,11420.057018831021,11420.057018831021,75
25,42,inf,inf,inf,21504.22192279259,21504.22192279259,-125
25,43,inf,inf,inf,31552.21636976073,31552.21636976073,-75
25,44,561.7410700950762,inf,561.7410700950762,17309.500297973085,20851.25596982616,-25
25,45,327.16095596997775,5.0,5.0,10380.34982529247,18577.766023254528,25
25,46,312.1272088893868,15.0,15.0,4531.642637193464,21228.49917538171,75
25,47,inf,inf,inf,11354.97949344489,11354.97949344489,-125
25,48,inf,inf,inf,21206.263912947463,21206.263912947463,-75
25,49,inf,inf,inf,31048.957353604575,31048.957353604575,-25
25,50,inf,5.0,5.0,21840.20513923727,21840.20513923727,25
25,51,962.4669196105108,15.0,15.0,18458.87021706625,19456.596453657763,75
25,52,866.8346059668784,inf,866.8346059668784,5782.030242120015,9729.622695878363,-125
25,53,187.98700727247723,inf,187.98700727247723,6531.630329248551,8757.99565477092,-75
25,54,inf,inf,inf,10217.58829170593,10217.58829170593,-25
25,55,inf,5.0,5.0,10135.33910210692,10135.33910210692,25
25,56,inf,15.0,15.0,9984.977367844363,9984.977367844363,75
25,57,2231.4109791930955,inf,2231.4109791930955,9954.889597614292,12770.250288337516,-125
25,58,inf,inf,inf,13052.687189647268,13052.687189647268,-75
25,59,inf,inf,inf,13053.072076702429,13053.072076702429,-25
25,60,938.6059486089514,5.0,5.0,12137.493208707792,12507.98957085753,25
25,61,316.21594605172083,15.0,15.0,9826.997052890047,11894.975665404372,75
25,62,388.74458329249234,inf,388.74458329249234,3702.9993300436677,14108.466508161035,-125
25,63,460.74111813159107,inf,460.74111813159107,4834.123210045609,14242.729740802726,-25
26,2,inf,inf,inf,21823.74265393776,21823.74265393776,-260
26,3,3607.8082048717356,inf,3607.8082048717356,13079.69326669135,19880.477180868475,-80
26,4,3269.643816395772,20.0,20.0,19984.04322552584,22753.795567611018,100
26,5,inf,inf,inf,10507.66664875392,10507.66664875392,-110
26,6,inf,14.0,14.0,20707.324143715698,20707.324143715698,70
26,7,inf,inf,inf,30907.337481474304,30907.337481474304,0
26,8,529.5292660909964,inf,529.5292660909964,6188.928712615037,20800.759223377478,-210
26,9,403.16534816921273,inf,403.16534816921273,1666.4397742286988,18809.525281806942,-30
26,10,464.7243779627418,30.0,30.0,9548.056131303762,21711.80039268604,150
26,11,inf,inf,inf,11476.161143452924,11476.161143452924,-60
26,12,inf,inf,inf,21563.650251126375,21563.650251126375,-130
26,13,inf,10.0,10.0,31613.205285803706,31613.205285803706,50
26,14,562.9639045110114,inf,562.9639045110114,17309.4297780227,20814.258750976966,-160
26,15,326.62130633118556,4.0,4.0,10380.474336424657,18521.294078008003,20
26,16,311.1720454236396,40.0,40.0,4531.383529242089,21160.33389526287,200
26,17,inf,inf,inf,11410.889542731584,11410.889542731584,-260
26,18,inf,inf,inf,21255.094457895055,21255.094457895055,-80
26,19,inf,20.0,20.0,31090.298931027337,31090.298931027337,100
26,20,inf,inf,inf,21843.652866123874,21843.652866123874,-110
26,21,970.5502538124,14.0,14.0,18458.45983514231,19436.035789456302,70
26,22,567.0079095231744,inf,567.0079095231744,16878.51752821856,21895.787801358263,0
26,23,inf,inf,inf,10392.425036283501,10392.425036283501,-210
26,24,inf,inf,inf,20184.942161173934,20184.942161173934,-30
26,25,inf,30.0,30.0,30037.33624886939,30037.33624886939,150
26,26,inf,inf,inf,22444.84158188904,22444.84158188904,-60
26,28,9665.09577816314,10.0,10.0,22784.029948688767,22863.07475469607,50
26,29,1195.1148920414234,inf,1195.1148920414234,9058.07802968057,9786.408466523037,-160
26,30,2701.996005381715,4.0,4.0,17124.77665335238,19831.024337229755,20
26,31,6805.624163062686,40.0,40.0,23917.621957256593,29921.31129059471,200
26,32,inf,inf,inf,21823.74265393776,21823.74265393776,-260
26,33,378.73299606263333,inf,378.73299606263333,619.8487345224438,18736.127323052075,-80
26,34,320.0808579488637,20.0,20.0,6855.998345941674,21201.961421866854,100
26,35,inf,inf,inf,10136.814903799956,10136.814903799956,-110
26,36,inf,14.0,14.0,20023.78953833001,20023.78953833001,70
26,37,inf,inf,inf,14356.537880442711,14356.537880442711,-30
26,38,inf,14.0,14.0,16020.691192693024,16020.691192693024,70
26,39,403.16534816921273,inf,403.16534816921273,1666.4397742286988,18809.525281806942,-30
26,40,464.7243779627418,4.0,4.0,9548.056131303762,21711.80039268604,20
26,41,inf,14.0,14.0,11476.161143452924,11476.161143452924,70
26,42,inf,inf,inf,21563.650251126375,21563.650251126375,-130
26,43,inf,inf,inf,31613.205285803706,31613.205285803706,-80
26,44,562.9639045110114,inf,562.9639045110114,17309.4297780227,20814.258750976966,-30
26,45,326.62130633118556,4.0,4.0,10380.474336424657,18521.294078008003,20
26,46,311.1720454236396,14.0,14.0,4531.383529242089,21160.33389526287,70
26,47,inf,inf,inf,11410.889542731584,11410.889542731584,-130
26,48,inf,inf,inf,21255.094457895055,21255.094457895055,-80
26,49,inf,inf,inf,31090.298931027337,31090.298931027337,-30
26,50,inf,4.0,4.0,21843.652866123874,21843.652866123874,20
26,51,970.5502538124,14.0,14.0,18458.45983514231,19436.035789456302,70
26,52,866.4064720435339,inf,866.4064720435339,5782.263229742826,9718.545580079111,-130
26,53,188.25520447070406,inf,188.25520447070406,6531.5990802289225,8711.422691386477,-80
26,54,inf,inf,inf,10227.8081957792,10227.8081957792,-30
26,55,inf,4.0,4.0,10142.847334955673,10142.847334955673,20
26,56,inf,14.0,14.0,9987.660134409563,9987.660134409563,70
26,57,2231.9740828244207,inf,2231.9740828244207,9954.96909541432,12764.687405541044,-130
26,58,inf,inf,inf,13058.42894456617,13058.42894456617,-80
26,59,inf,inf,inf,13059.227039742242,13059.227039742242,-30
26,60,954.0241655455842,4.0,4.0,12137.505340151098,12494.80433293796,20
26,61,317.37860720312136,14.0,14.0,9826.758119138618,11857.23165922471,70
26,62,387.82474199439696,inf,387.82474199439696,3703.025643008317,14072.403522688335,-130
26,63,459.8778352440695,inf,459.8778352440695,4834.115865072341,14212.045136065091,-30
27,2,inf,inf,inf,21823.73083089815,21823.73083089815,-270
27,3,3607.58071645008,inf,3607.58071645008,13079.720732147638,19875.04056678428,-85
27,4,3272.0803154431896,20.0,20.0,19984.183122674134,22746.89624231123,100
27,5,inf,inf,inf,10526.560058615458,10526.560058615458,-120
27,6,inf,13.0,13.0,20733.817474352072,20733.817474352072,65
27,7,inf,inf,inf,30940.831520580774,30940.831520580774,0
27,8,528.6272817734153,inf,528.6272817734153,6188.855679545797,20761.537714938797,-220
27,9,402.1705549768741,inf,402.1705549768741,1666.5270889505878,18762.735126678497,-35
27,10,463.9652138836234,30.0,30.0,9548.16891502032,21665.03823038744,150
27,11,inf,inf,inf,11532.538510795139,11532.538510795139,-70
27,12,inf,inf,inf,21623.04682819619,21623.04682819619,-135
27,13,inf,10.0,10.0,31673.936736344873,31673.936736344873,50
27,14,564.2240950590758,inf,564.2240950590758,17309.472012773935,20777.30976724579,-170
27,15,326.07722328034765,3.0,3.0,10380.339403422475,18464.401598776945,15
27,16,310.21984007275336,40.0,40.0,4531.465352219428,21092.2870359055,200
27,17,inf,inf,inf,11467.247248115063,11467.247248115063,-270
27,18,inf,inf,inf,21304.04103490523,21304.04103490523,-85
27,19,inf,20.0,20.0,31132.23544680551,31132.23544680551,100
27,20,inf,inf,inf,21847.20848064944,21847.20848064944,-120
27,21,978.8458270750792,13.0,13.0,18458.51096895546,19416.16392857764,65
27,22,567.4724738779904,inf,567.4724738779904,16878.37155701106,21857.138211607205,0
27,23,inf,inf,inf,10410.94648104856,10410.94648104856,-220
27,24,inf,inf,inf,20192.919318811735,20192.919318811735,-35
27,25,inf,30.0,30.0,30038.189407928105,30038.189407928105,150
27,26,inf,inf,inf,22469.453974317326,22469.453974317326,-70
27,28,9808.730882752752,10.0,10.0,22783.820094236456,22860.53740287354,50
27,29,1200.0421164620434,inf,1200.0421164620434,9058.072734743144,9778.372147475964,-170
27,30,2703.8906032906043,3.0,3.0,17124.707166062803,19823.725385164485,15
27,31,6806.37724260497,40.0,40.0,23917.594054828187,29916.93448536456,200
27,32,inf,inf,inf,21823.73083089815,21823.73083089815,-270
27,33,377.7341275169613,inf,377.7341275169613,619.8148056429983,18686.65960620916,-85
27,34,319.1974667500174,20.0,20.0,6855.994164315769,21135.692600707007,100
27,35,inf,inf,inf,10144.776814085217,10144.776814085217,-120
27,36,inf,13.0,13.0,20023.517962385464,20023.517962385464,65
27,37,inf,inf,inf,14381.39949165627,14381.39949165627,-35
27,38,inf,13.0,13.0,16076.393006459268,16076.393006459268,65
27,39,402.1705549768741,inf,402.1705549768741,1666.5270889505878,18762.735126678497,-35
27,40,463.9652138836234,3.0,3.0,9548.16891502032,21665.03823038744,15
27,41,inf,13.0,13.0,11532.538510795139,11532.538510795139,65
27,42,inf,inf,inf,21623.04682819619,21623.04682819619,-135
27,43,inf,inf,inf,31673.936736344873,31673.936736344873,-85
27,44,564.2240950590758,inf,564.2240950590758,17309.472012773935,20777.30976724579,-35
27,45,326.07722328034765,3.0,3.0,10380.339403422475,18464.401598776945,15
27,46,310.21984007275336,13.0,13.0,4531.465352219428,21092.2870359055,65
27,47,inf,inf,inf,11467.247248115063,11467.247248115063,-135
27,48,inf,inf,inf,21304.04103490523,21304.04103490523,-85
27,49,inf,inf,inf,31132.23544680551,31132.23544680551,-35
27,50,inf,3.0,3.0,21847.20848064944,21847.20848064944,15
27,51,978.8458270750792,13.0,13.0,18458.51096895546,19416.16392857764,65
27,52,865.9436160445505,inf,865.9436160445505,5782.0703726750835,9707.433615153906,-135
27,53,188.55469412542166,inf,188.55469412542166,6531.567834951096,8665.166693836403,-85
27,54,inf,inf,inf,10238.16298578268,10238.16298578268,-35
27,55,inf,3.0,3.0,10150.547546338505,10150.547546338505,15
27,56,inf,13.0,13.0,9990.3467065384,9990.3467065384,65
27,57,2232.5735738661388,inf,2232.5735738661388,9955.093361525467,12758.950780069144,-135
27,58,inf,inf,inf,13064.191216878378,13064.191216878378,-85
27,59,inf,inf,inf,13065.420404720053,13065.420404720053,-35
27,60,970.0116564376941,3.0,3.0,12137.022712180998,12481.34947134519,15
27,61,318.6018919871598,13.0,13.0,9826.846096952819,11819.959882815732,65
27,62,386.9008775914647,inf,386.9008775914647,3703.2361225776567,14036.117198674046,-135
27,63,459.0107383070917,inf,459.0107383070917,4834.269436297884,14181.139521197803,-35
28,2,inf,inf,inf,21823.718884647427,21823.718884647427,-280
28,3,3607.2660215799674,inf,3607.2660215799674,13079.38539687954,19869.337530341436,-90
28,4,3274.3751598949957,20.0,20.0,19983.894913073244,22739.751883582056,100
28,5,inf,inf,inf,10545.962834404878,10545.962834404878,-130
28,6,inf,12.0,12.0,20760.316146279736,20760.316146279736,60
28,7,inf,inf,inf,30974.82904868464,30974.82904868464,0
28,8,527.7254823498848,inf,527.7254823498848,6189.077730883959,20722.206765320843,-230
28,9,401.17411817529086,inf,401.17411817529086,1666.1139479885298,18715.91195232008,-40
28,10,463.1973071076039,30.0,30.0,9547.782842788409,21618.042887394342,150
28,11,inf,inf,inf,11588.95911864505,11588.95911864505,-80
28,12,inf,inf,inf,21682.490937144074,21682.490937144074,-140
28,13,inf,10.0,10.0,31734.9915181372,31734.9915181372,50
28,14,565.5225889807194,inf,565.5225889807194,17309.626881421744,20740.412503378186,-180
28,15,325.5432558729994,2.0,2.0,10380.615561025734,18407.58531360843,10
28,16,309.2632499393732,40.0,40.0,4531.585274638577,21023.904846306043,200
28,17,inf,inf,inf,11523.759481403706,11523.759481403706,-280
28,18,inf,inf,inf,21353.16844480804,21353.16844480804,-90
28,19,inf,20.0,20.0,31174.544508604886,31174.544508604886,100
28,20,inf,inf,inf,21850.874979353946,21850.874979353946,-130
28,21,987.4016467855135,12.0,12.0,18458.265225262985,19395.995068800537,60
28,22,567.9450690330636,inf,567.9450690330636,16878.043104645945,21818.246991350607,0
28,23,inf,inf,inf,10430.238618299816,10430.238618299816,-230
28,24,inf,inf,inf,20201.093646152116,20201.093646152116,-40
28,25,inf,30.0,30.0,30039.616100993728,30039.616100993728,150
28,26,inf,inf,inf,22494.006833829568,22494.006833829568,-80
28,28,9958.587443717059,10.0,10.0,22783.74962943056,22858.148331944318,50
28,29,1205.1969391060225,inf,1205.1969391060225,9058.308469730131,9770.434526667339,-180
28,30,2705.8878765652003,2.0,2.0,17124.994497061718,19816.704300838843,10
28,31,6807.290764395028,40.0,40.0,23917.8931285397,29912.592536382483,200
28,32,inf,inf,inf,21823.718884647427,21823.718884647427,-280
28,33,376.72971159321355,inf,376.72971159321355,619.522947139334,18636.925610825507,-90
28,34,318.30571070659903,20.0,20.0,6855.989939111712,21068.75827872099,100
28,35,inf,inf,inf,10153.271201094929,10153.271201094929,-130
28,36,inf,12.0,12.0,20023.77802458663,20023.77802458663,60
28,37,inf,inf,inf,14406.27484943188,14406.27484943188,-40
28,38,inf,12.0,12.0,16132.155692419716,16132.155692419716,60
28,39,401.17411817529086,inf,401.17411817529086,1666.1139479885298,18715.91195232008,-40
28,40,463.1973071076039,2.0,2.0,9547.782842788409,21618.042887394342,10
28,41,inf,12.0,12.0,11588.95911864505,11588.95911864505,60
28,42,inf,inf,inf,21682.490937144074,21682.490937144074,-140
28,43,inf,inf,inf,31734.9915181372,31734.9915181372,-90
28,44,565.5225889807194,inf,565.5225889807194,17309.626881421744,20740.412503378186,-40
28,45,325.5432558729994,2.0,2.0,10380.615561025734,18407.58531360843,10
28,46,309.2632499393732,12.0,12.0,4531.585274638577,21023.904846306043,60
28,47,inf,inf,inf,11523.759481403706,11523.759481403706,-140
28,48,inf,inf,inf,21353.16844480804,21353.16844480804,-90
28,49,inf,inf,inf,31174.544508604886,31174.544508604886,-40
28,50,inf,2.0,2.0,21850.874979353946,21850.874979353946,10
28,51,987.4016467855135,12.0,12.0,18458.265225262985,19395.995068800537,60
28,52,865.4790706581789,inf,865.4790706581789,5781.945883986476,9696.09933049764,-140
28,53,188.90029259432146,inf,188.90029259432146,6531.894935896305,8619.276271578745,-90
28,54,inf,inf,inf,10248.175378566444,10248.175378566444,-40
28,55,inf,2.0,2.0,10158.470281903255,10158.470281903255,10
28,56,inf,12.0,12.0,9993.343905719548,9993.343905719548,60
28,57,2233.047847409924,inf,2233.047847409924,9954.811180613247,12753.083751713555,-140
28,58,inf,inf,inf,13070.166200843289,13070.166200843289,-90
28,59,inf,inf,inf,13071.053409231925,13071.053409231925,-40
28,60,986.762314368252,2.0,2.0,12136.810142492797,12468.33883096812,10
28,61,319.8542507520899,12.0,12.0,9826.607071758273,11782.734979904177,60
28,62,385.9632556801335,inf,385.9632556801335,3702.6470794362776,13999.527461865599,-140
28,63,458.1254452218954,inf,458.1254452218954,4833.617875322189,14149.93049167066,-40
29,2,inf,inf,inf,21823.707061500423,21823.707061500423,-290
29,3,3607.0399731901,inf,3607.0399731901,13079.412860502665,19863.90317608567,-95
29,4,3276.8300438421356,20.0,20.0,19984.034802950675,22732.867132129202,100
29,5,inf,inf,inf,10565.115929142738,10565.115929142738,-140
29,6,inf,11.0,11.0,20786.58172661018,20786.58172661018,55
29,7,inf,inf,inf,31008.329094615932,31008.329094615932,0
29,8,526.8243116248115,inf,526.8243116248115,6189.00474555814,20682.999847965824,-240
29,9,400.183922640713,inf,400.183922640713,1665.971825665954,18669.35694314035,-45
29,10,462.4407422854114,30.0,30.0,9547.895563126693,21571.32961654259,150
29,11,inf,inf,inf,11645.343514542448,11645.343514542448,-90
29,12,inf,inf,inf,21741.672602402206,21741.672602402206,-145
29,13,inf,10.0,10.0,31795.748319705734,31795.748319705734,50
29,14,566.836272271157,inf,566.836272271157,17309.669163913673,20703.76304066366,-190
29,15,325.01483844499177,1.0,1.0,10380.815970420408,18351.10352229596,5
29,16,308.3117131368772,40.0,40.0,4531.667115090737,20955.879661632236,200
29,17,inf,inf,inf,11580.130031696142,11580.130031696142,-290
29,18,inf,inf,inf,21402.345843943418,21402.345843943418,-95
29,19,inf,20.0,20.0,31216.448660337384,31216.448660337384,100
29,20,inf,inf,inf,21854.83782525317,21854.83782525317,-140
29,21,996.0545106586904,11.0,11.0,18458.003139058277,19376.25005716561,55
29,22,568.4489195061767,inf,568.4489195061767,16878.193940241905,21779.91932774177,0
29,23,inf,inf,inf,10449.30967990699,10449.30967990699,-240
29,24,inf,inf,inf,20209.332437917215,20209.332437917215,-45
29,25,inf,30.0,30.0,30040.616215040172,30040.616215040172,150
29,26,inf,inf,inf,22518.715411644753,22518.715411644753,-90
29,28,10113.191275739078,10.0,10.0,22783.679171219494,22855.794665490324,50
29,29,1210.3183142820274,inf,1210.3183142820274,9058.19727012242,9762.258860682297,-190
29,30,2707.827534238017,1.0,1.0,17124.853737634687,19809.190812417015,5
29,31,6808.046780345098,40.0,40.0,23917.865227962142,29908.218071890376,200
29,32,inf,inf,inf,21823.707061500423,21823.707061500423,-290
29,33,375.7308545526495,inf,375.7308545526495,619.4889578327742,18587.4582085109,-95
29,34,317.4239853412457,20.0,20.0,6855.985757447114,21002.538778070117,100
29,35,inf,inf,inf,10161.703607638841,10161.703607638841,-140
29,36,inf,11.0,11.0,20023.772297505566,20023.772297505566,55
29,37,inf,inf,inf,14431.149798537363,14431.149798537363,-45
29,38,inf,11.0,11.0,16187.944503614179,16187.944503614179,55
29,39,400.183922640713,inf,400.183922640713,1665.971825665954,18669.35694314035,-45
29,40,462.4407422854114,1.0,1.0,9547.895563126693,21571.32961654259,5
29,41,inf,11.0,11.0,11645.343514542448,11645.343514542448,55
29,42,inf,inf,inf,21741.672602402206,21741.672602402206,-145
29,43,inf,inf,inf,31795.748319705734,31795.748319705734,-95
29,44,566.836272271157,inf,566.836272271157,17309.669163913673,20703.76304066366,-45
29,45,325.01483844499177,1.0,1.0,10380.815970420408,18351.10352229596,5
29,46,308.3117131368772,11.0,11.0,4531.667115090737,20955.879661632236,55
29,47,inf,inf,inf,11580.130031696142,11580.130031696142,-145
29,48,inf,inf,inf,21402.345843943418,21402.345843943418,-95
29,49,inf,inf,inf,31216.448660337384,31216.448660337384,-45
29,50,inf,1.0,1.0,21854.83782525317,21854.83782525317,5
29,51,996.0545106586904,11.0,11.0,18458.003139058277,19376.25005716561,55
29,52,865.056926279198,inf,865.056926279198,5782.178861639653,9685.043906811949,-145
29,53,189.26372614533418,inf,189.26372614533418,6531.8477856940635,8573.896637352453,-95
29,54,inf,inf,inf,10258.800707479544,10258.800707479544,-45
29,55,inf,1.0,1.0,10166.323665571994,10166.323665571994,5
29,56,inf,11.0,11.0,9996.570427404942,9996.570427404942,55
29,57,2233.6214791326724,inf,2233.6214791326724,9954.890674127122,12747.532659480134,-145
29,58,inf,inf,inf,13075.969780931711,13075.969780931711,-95
29,59,inf,inf,inf,13077.520553523744,13077.520553523744,-45
29,60,1004.1578609272271,1.0,1.0,12136.822176010823,12455.844394572494,5
29,61,321.1704655345914,11.0,11.0,9826.695002548304,11745.989793433317,55
29,62,385.04023236033356,inf,385.04023236033356,3702.8575172470073,13963.255363698727,-145
29,63,457.25964532949314,inf,457.25964532949314,4833.771413210247,14119.042612244082,-45
