time,intruder_id,tau_horiz,tau_vert,tau_min,cpa_dist_ft,range_ft,rel_alt_ft
0,46,inf,inf,inf,592.143408407894,592.143408407894,-997.393
0,2,24.843004777558857,0.8875022499550009,0.8875022499550009,583.6485812605574,654.9627498264684,14.792000000000002
0,3,397.9411270061665,17.956860862782744,17.956860862782744,5861.570253876744,14801.034935251506,299.28700000000003
0,4,390.5563539733088,17.056878862422753,17.056878862422753,3316.032760350242,21157.14504073492,284.28700000000003
0,5,inf,29.081838363232734,29.081838363232734,617.6215986186809,617.6215986186809,484.70700000000005
0,6,166.61984415053908,15.287514249715006,15.287514249715006,756.9156405987601,10716.502969764411,254.79700000000003
0,7,inf,inf,inf,352.999440177805,352.999440177805,-977.4730000000001
0,8,inf,0.9689206215875682,0.9689206215875682,1142.4047629416684,1142.4047629416684,16.149
0,9,inf,inf,inf,173.7485100123829,173.7485100123829,-46.45
0,460,inf,inf,inf,676.3928155941993,676.3928155941993,-1014.063
0,461,121.47499399317189,5.585108297834043,5.585108297834043,913.2584565072586,5129.3396423124,93.087
0,462,640.6495434002463,18.579648407031858,18.579648407031858,8827.23855191646,18567.876548205895,309.66700000000003
0,463,939.236004052104,17.615467690646188,17.615467690646188,4980.889540132842,10491.649959446993,293.59700000000004
0,464,534.5296433067197,19.953620927581447,19.953620927581447,8714.767263407843,33795.13178010208,332.567
0,465,1043.2843628150645,15.804103917921642,15.804103917921642,11177.942581069721,38179.921139420374,263.40700000000004
0,466,112.29991997462652,inf,112.29991997462652,278.5425274179138,439.3563568910393,-997.393
0,467,inf,inf,inf,380.10025325307487,380.10025325307487,-997.393
0,468,6.3773024500613555,inf,6.3773024500613555,45.96383014457336,207.28405856488834,-997.393
0,469,110.92092325387232,inf,110.92092325387232,698.8893692375835,731.513652343072,-29.784
0,20,1389.4253404004205,0.7147057058858826,0.7147057058858826,6761.772252557994,19917.25119939367,11.912000000000006
0,21,499.1767710132779,19.681226375472487,19.681226375472487,7056.6309184205575,32655.446400641813,328.027
0,22,479.6017476191912,17.846463070738583,17.846463070738583,67.92068057607068,26537.228141459505,297.447
0,23,220.70431789055044,13.062758744825105,13.062758744825105,3034.4657033229487,7254.054726016457,217.71700000000004
0,24,374.6300681077781,16.747285054298914,16.747285054298914,2722.002738453435,28538.479800044704,279.127
0,25,inf,5.213115737685245,5.213115737685245,25.455163390592794,25.455163390592794,86.88699999999999
0,26,inf,inf,inf,485.04893781788434,485.04893781788434,-466.743
0,27,inf,inf,inf,133.8896952880247,133.8896952880247,-651.383
0,28,108.56974559078027,inf,108.56974559078027,158.4936465678041,551.4848345667646,-997.393
0,29,26.933149414999104,11.030599388012238,11.030599388012238,231.3539238369991,458.0750428286682,183.84699999999998
0,30,496.4898425741432,18.079858402831942,18.079858402831942,7918.675844877964,37772.58577202277,301.337
0,31,402.95625764032565,10.256014879702406,10.256014879702406,790.7011334781728,35313.83306516812,170.937
0,32,546.3535706687715,16.867282654346912,16.867282654346912,8205.821181438332,28374.084772181683,281.127
0,33,18.899608371142843,42.79396412071758,18.899608371142843,312.80308437439135,1128.708183364721,713.247
0,35,inf,inf,inf,327.6264586975286,327.6264586975286,-997.393
0,36,68.71264820648526,inf,68.71264820648526,82.9249710245711,82.97944585356174,-1014.063
0,37,inf,inf,inf,573.2204080160594,573.2204080160594,-997.393
0,38,33.04549973792305,12.907961840763184,12.907961840763184,344.8456956073741,1065.517907697837,215.137
0,39,648.9826881015108,12.29957400851983,12.29957400851983,10148.513323510919,43937.37865957148,204.997
0,40,inf,18.904841903161934,18.904841903161934,869.4800838057756,869.4800838057756,315.087
0,41,207.8328410677333,14.226135477290455,14.226135477290455,3097.4493237599013,13932.63313662989,237.10700000000003
0,42,206.09205429615082,17.22847543049139,17.22847543049139,279.0517630293074,13511.2621098535,287.147
0,43,22.874426425624563,inf,22.874426425624563,372.0319534680723,640.322803380507,-1014.063
0,44,inf,inf,inf,208.69066783760445,208.69066783760445,-997.393
1,45,inf,inf,inf,544.5320127378793,544.5320127378793,-1014.06
1,46,inf,inf,inf,592.1448644048663,592.1448644048663,-1030.73
1,2,27.64342724633165,inf,27.64342724633165,587.7671364234969,642.4973928260563,-18.542
1,3,396.7667804827067,16.950260994780102,16.950260994780102,5844.808835451799,14757.046705638886,282.51
1,4,389.8150808804473,16.05687886242275,16.05687886242275,3309.687652459578,21116.9973908918,267.62
1,5,inf,29.082018359632805,29.082018359632805,653.722122297293,653.722122297293,484.71
1,6,165.87123118248795,14.285714285714283,14.285714285714283,754.80481558743,10668.262255214788,238.09999999999997
1,7,inf,inf,inf,352.9995933809278,352.9995933809278,-1010.8
1,8,inf,inf,inf,1160.5106504659989,1160.5106504659989,-17.183999999999997
1,9,inf,inf,inf,173.74850507192983,173.74850507192983,-46.451
1,460,inf,inf,inf,676.3929046602705,676.3929046602705,-1047.4
1,461,120.83691002875852,4.606107877842443,4.606107877842443,909.3551575287762,5102.231112574748,76.77
1,462,639.7402736311427,17.570048599028016,17.570048599028016,8814.14226894759,18540.920394245477,292.84
1,463,936.9909870580722,16.615467690646184,16.615467690646184,4969.291971628696,10464.530586395247,276.93
1,464,533.5820750390044,18.954820903581926,18.954820903581926,8699.62063922124,33734.19589304039,315.91999999999996
1,465,1041.873354744484,14.79390412191756,14.79390412191756,11162.92432362889,38130.79547895513,246.57
1,466,157.97874184349914,inf,157.97874184349914,329.32518554755194,438.6701266814413,-1030.73
1,467,inf,inf,inf,380.1003124351974,380.1003124351974,-1047.4
1,468,6.377298091195435,inf,6.377298091195435,45.96383014457336,207.2839091607921,-1030.73
1,469,118.02517205924988,inf,118.02517205924988,703.3200101004194,730.3061226914919,-29.784
1,20,1387.307777183153,inf,1387.307777183153,6750.980482403302,19887.11077809722,-4.957000000000008
1,21,497.40138338780883,18.66202675946481,18.66202675946481,7030.99309975155,32539.43172611119,311.03999999999996
1,22,478.2786760309869,16.827863442731143,16.827863442731143,67.92068057607067,26464.826974459127,280.46999999999997
1,23,219.53771920518832,12.053158936821262,12.053158936821262,3017.853514579913,7216.079651610967,200.89
1,24,373.02292171498294,15.706485870282592,15.706485870282592,2711.451270029258,28415.941593327927,261.78
1,25,inf,5.212695746085078,5.212695746085078,25.455098178188795,25.455098178188795,86.88000000000001
1,26,inf,inf,inf,485.04894544169986,485.04894544169986,-483.41
1,27,inf,inf,inf,133.88979195306098,133.88979195306098,-668.05
1,28,132.37293215211164,inf,132.37293215211164,190.00271986436653,551.9196691289293,-1030.73
1,29,25.854475843652516,11.03017939641207,11.03017939641207,223.4610715366274,428.7897430930102,183.83999999999997
1,30,495.50671027525544,17.082258354832902,17.082258354832902,7902.83037004388,37698.66513366504,284.71
1,31,402.141976429574,9.259014819703605,9.259014819703605,790.2440827777725,35242.44640573465,154.32
1,32,545.4687254348022,15.880482390352192,15.880482390352192,8192.7980360812,28328.098294354728,264.68
1,33,18.20191588312194,42.793544129117414,18.20191588312194,307.1848235782479,1085.0711003211457,713.24
1,35,inf,inf,inf,327.62701012062024,327.62701012062024,-1030.73
1,36,68.720168016315,inf,68.720168016315,82.92497212824544,82.97943501063462,-1047.4
1,37,inf,inf,inf,573.2220118358343,573.2220118358343,-1030.73
1,38,40.70549070696781,11.621167576648466,11.621167576648466,284.05001167152597,1057.0191713688641,193.69
1,39,648.0384284313287,11.288774224515507,11.288774224515507,10133.616976288371,43872.44367439062,188.14999999999998
1,40,inf,16.904661906761863,16.904661906761863,932.7503938437133,932.7503938437133,281.75
1,41,206.83005182340236,13.219535609287812,13.219535609287812,3081.2225899939863,13865.724554401917,220.32999999999998
1,42,205.34043223566806,16.224275514489708,16.224275514489708,277.56560637214903,13461.995927602371,270.40999999999997
1,43,23.045718771660397,inf,23.045718771660397,384.82300556878835,633.127336153026,-1047.4
1,44,inf,inf,inf,208.69070696783592,208.69070696783592,-1030.73
2,45,inf,inf,inf,548.545469686604,548.545469686604,-1047.3999999999999
2,46,inf,inf,inf,592.1463529700759,592.1463529700759,-1064.07
2,2,31.5432195623748,inf,31.5432195623748,591.9015072995954,632.2981414756797,-51.879000000000005
2,3,395.592421104788,15.941681166376673,15.941681166376673,5828.047056983725,14713.058029237403,265.70000000000005
2,4,389.07380708118694,15.065698686026277,15.065698686026277,3303.343022014433,21076.84962294885,251.1
2,5,inf,29.08141837163256,29.08141837163256,689.8264278255095,689.8264278255095,484.69999999999993
2,6,165.12262320802958,13.278334433311331,13.278334433311331,752.6939905761013,10620.02170044656,221.30999999999997
2,7,inf,inf,inf,352.9997465840505,352.9997465840505,-1044.1399999999999
2,8,inf,inf,inf,1178.6477516387051,1178.6477516387051,-50.521
2,9,9.625730183762768,inf,9.625730183762768,102.38908882675796,173.74747334818187,-46.454
2,460,inf,inf,inf,676.3929937263645,676.3929937263645,-1064.07
2,461,120.19404733586221,3.6311273774524513,3.6311273774524513,905.4602386559611,5075.122416267292,60.52000000000001
2,462,639.7402758338477,16.569868602627942,16.569868602627942,8814.142394047916,18540.92037588862,276.16999999999996
2,463,934.5934131146358,15.619487610247797,15.619487610247797,4957.137380497629,10437.411240885396,260.33000000000004
2,464,532.619983750314,17.962440751184975,17.962440751184975,8684.305735215865,33673.26001105163,299.38
2,465,1040.5302951150918,13.794924101517967,13.794924101517967,11148.454347952898,38081.670062420584,229.92
2,466,260.7619417546298,inf,260.7619417546298,373.1848100788615,438.7756279040374,-1064.07
2,467,inf,inf,inf,380.1003716173725,380.1003716173725,-1080.73
2,468,6.377293732329872,inf,6.377293732329872,45.963830144573365,207.2837597567014,-1064.07
2,469,127.04151300219127,inf,127.04151300219127,707.2024887263103,729.0789150233114,-29.787000000000006
2,20,1387.3077885462503,inf,1387.3077885462503,6750.980580599648,19887.110922062657,-21.62700000000001
2,21,496.513692871683,17.65944681106378,17.65944681106378,7018.174222694923,32481.42460319387,294.33000000000004
2,22,476.9702400895317,15.814483710325794,15.814483710325794,67.92068057607065,26392.42617356805,263.58000000000004
2,23,218.37113860313437,11.043979120417593,11.043979120417593,3001.2414778044813,7178.105047634285,184.07000000000002
2,24,373.02291996282185,14.70630587388252,14.70630587388252,2711.451319704418,28415.941453786974,245.10999999999999
2,25,1.3774261750733023,6.212875742485148,1.3774261750733023,15.32287360110948,25.454741285416436,103.54999999999998
2,26,inf,inf,inf,485.04895306556375,485.04895306556375,-500.08000000000004
2,27,inf,inf,inf,133.8898886182028,133.8898886182028,-684.72
2,28,169.72299219833775,inf,169.72299219833775,230.62214041186328,552.64220823323,-1064.07
2,29,25.854485436964843,10.029999400011999,10.029999400011999,223.4611599072586,428.78989597210114,167.17
2,30,494.5346440679985,16.077878442431153,16.077878442431153,7887.174074032784,37624.74445046294,267.97
2,31,402.1419746854731,8.258834823303534,8.258834823303534,790.2440871088353,35242.44625271304,137.65
2,32,545.4687252173817,14.880302393952121,14.880302393952121,8192.798157365562,28328.0982398057,248.01000000000002
2,33,18.201914323919905,41.793364132717336,18.201914323919905,307.1848798083658,1085.0709795433108,696.5699999999999
2,35,inf,inf,inf,327.62788442122417,327.62788442122417,-1064.07
2,36,68.72366180192817,inf,68.72366180192817,82.92497212516867,82.97942945735733,-1064.07
2,37,inf,inf,inf,573.2236506878464,573.2236506878464,-1064.07
2,38,39.72695658432431,10.977380452390952,10.977380452390952,292.6482181726935,1048.5439652512523,182.96
2,39,647.0943830541473,10.268794624107517,10.268794624107517,10118.623400302957,43807.50880963091,171.15
2,40,inf,15.904481910361794,15.904481910361794,932.7504723358974,932.7504723358974,265.08000000000004
2,41,205.82727241834712,12.20915581688366,12.20915581688366,3064.995938450861,13798.81647697699,203.48999999999998
2,42,205.3404299185469,15.224095518089635,15.224095518089635,277.5656203254651,13461.99577534072,253.73999999999998
2,43,23.0457182717073,inf,23.0457182717073,384.8230349483975,633.1272346002836,-1064.07
2,44,inf,inf,inf,208.69074609817258,208.69074609817258,-1064.07
3,45,inf,inf,inf,552.2265423055311,552.2265423055311,-1080.73
3,46,inf,inf,inf,592.1504663721907,592.1504663721907,-1097.3899999999999
3,2,inf,inf,inf,624.3688663734054,624.3688663734054,-85.205
3,3,249.5354539796075,14.93190136197276,14.93190136197276,2101.1030504089194,14669.06701023005,248.87
3,4,424.2656268744286,14.074518509629804,14.074518509629804,5644.109653675509,21036.69967206073,234.57999999999998
3,5,inf,28.43883122337553,28.43883122337553,725.9335534731621,725.9335534731621,473.99
3,6,202.31793046823915,12.28415431691366,12.28415431691366,2890.8792943228523,10571.781138617807,204.74
3,7,inf,inf,inf,352.99993664741464,352.99993664741464,-1077.47
3,8,inf,inf,inf,1196.8098947690703,1196.8098947690703,-83.848
3,9,5.270853133289341,inf,5.270853133289341,21.835615811134932,173.74385471142222,-46.447
3,460,inf,inf,inf,676.395202219052,676.395202219052,-1114.06
3,461,145.8027868618989,2.6453470930581386,2.6453470930581386,1881.7213992253708,5048.013211474779,44.09
3,462,424.4374505091937,15.573288534229315,15.573288534229315,812.4346355228527,18513.961676747476,259.56
3,463,499.7451338190704,14.619907601847963,14.619907601847963,6002.884545506617,10410.292419284862,243.67000000000002
3,464,752.9754746258474,16.9622607547849,16.9622607547849,2658.2766436432594,33612.3267156162,282.71
3,465,639.5414421069856,12.783944321113577,12.783944321113577,8182.161316391706,37983.41686076201,213.07
3,466,inf,inf,inf,439.5460913265968,439.5460913265968,-1097.3899999999999
3,467,inf,inf,inf,380.10283336207146,380.10283336207146,-1114.06
3,468,9.92282595856687,inf,9.92282595856687,105.25501213842512,207.28303278936423,-1097.3899999999999
3,469,26.37284085145849,inf,26.37284085145849,409.86488807015724,727.8662187683518,-29.78
3,20,570.9966769172604,inf,570.9966769172604,8055.30804875271,19856.970094697033,-38.275000000000006
3,21,744.7975701690491,16.658666826663463,16.658666826663463,5741.670286985573,32423.419488501495,277.65
3,22,370.78625510033953,14.81610367792644,14.81610367792644,6069.099142517778,26320.025015909512,246.94
3,23,326.6171354890581,10.035999280014398,10.035999280014398,1567.9265704180775,7140.132968641348,167.26999999999998
3,24,412.39307011711674,13.69052618947621,13.69052618947621,5785.653522267804,28354.67073926825,228.18
3,25,inf,6.21287574248515,6.21287574248515,25.4554629447306,25.4554629447306,103.55000000000001
3,26,29.27388978725938,inf,29.27388978725938,52.36893516396876,485.0463592022453,-516.74
3,27,10.889445530615696,inf,10.889445530615696,90.38984968159905,133.88796438637226,-701.38
3,28,inf,inf,inf,555.0254414482993,555.0254414482993,-1114.06
3,29,12.269683464913106,10.03059938801224,10.03059938801224,250.832397988051,399.9358148951875,167.18
3,30,414.33489262779614,15.063898722025558,15.063898722025558,554.4061738067727,37550.817609722246,251.07
3,31,483.07411544802903,7.27185456290874,7.27185456290874,7298.305286230104,35171.0594964854,121.19999999999999
3,32,456.92839181745234,13.899922001559968,13.899922001559968,2231.1609613046444,28282.108388060326,231.67000000000002
3,33,18.108402065560472,41.79396412071758,18.108402065560472,86.41698038112152,1041.4776546067553,696.58
3,35,inf,inf,inf,327.6305406639302,327.6305406639302,-1097.3899999999999
3,36,inf,inf,inf,82.98298771945485,82.98298771945485,-1097.3899999999999
3,37,inf,inf,inf,573.2280020417337,573.2280020417337,-1097.3899999999999
3,38,55.53406936215348,10.977980440391192,10.977980440391192,312.25172095191556,1040.0945558325404,182.97000000000003
3,39,536.2301805620921,9.259614807703844,9.259614807703844,1132.5602951558303,43742.571258479154,154.32999999999998
3,40,inf,13.904721905561887,13.904721905561887,997.0968788884803,997.0968788884803,231.75
3,41,272.7294518733914,11.201175976480469,11.201175976480469,101.04370382209528,13731.9107814933,186.69
3,42,258.83572844312874,14.224515509689803,14.224515509689803,4166.596594202272,13412.72932305314,237.07999999999998
3,43,153.41867222792376,inf,153.41867222792376,614.7251382140785,625.9766625612536,-1097.3899999999999
3,44,inf,inf,inf,208.69330356609524,208.69330356609524,-1097.3899999999999
4,45,inf,inf,inf,555.5676043634904,555.5676043634904,-1114.06
4,46,inf,inf,inf,592.1519549382457,592.1519549382457,-1130.73
4,2,45.62719938321601,inf,45.62719938321601,600.1810569014417,618.6801182569886,-118.54199999999999
4,3,393.2436654843465,13.919121617567649,13.919121617567649,5794.523902257178,14625.078555377713,231.99000000000004
4,4,387.59121287513517,13.080338393232136,13.080338393232136,3290.6513056930767,20996.55190128827,218.01000000000002
4,5,inf,27.443451130977383,27.443451130977383,762.0482501119052,762.0482501119052,457.4000000000001
4,6,163.6254168769596,11.28757424851503,11.28757424851503,748.4696748333349,10523.540906106535,188.13000000000002
4,7,inf,inf,inf,353.0000934982144,353.0000934982144,-1110.8
4,8,inf,inf,inf,1214.9998934564192,1214.9998934564192,-117.18399999999998
4,9,inf,inf,inf,173.7438493908341,173.7438493908341,-46.44999999999999
4,460,inf,inf,inf,676.395293405529,676.395293405529,-1147.3700000000001
4,461,118.92856981963573,1.6499670006599867,1.6499670006599867,897.7493453546134,5020.905246750259,27.5
4,462,637.8475689120655,14.582108357832842,14.582108357832842,8786.981920215281,18487.005604063255,243.04
4,463,929.8115489277521,13.622127557448849,13.622127557448849,4932.57474761077,10383.173190728245,227.04
4,464,530.6958439984061,15.95968080638387,15.95968080638387,8653.67693193354,33551.39084337416,266.0
4,465,1036.5010628665816,11.775364492710146,11.775364492710146,11105.04570062536,37934.291203904046,196.26000000000002
4,466,inf,inf,inf,440.9764150328238,440.9764150328238,-1130.73
4,467,inf,inf,inf,380.1028939530712,380.1028939530712,-1147.3700000000001
4,468,6.377249372207122,inf,6.377249372207122,45.961225430797725,207.2828798276186,-1130.73
4,469,154.31617984597267,inf,154.31617984597267,713.440881826092,726.6434977930807,-29.779999999999987
4,20,1383.078271499221,inf,1383.078271499221,6729.240444033711,19826.829712506,-54.853999999999985
4,21,494.73834473201833,15.662686746265077,15.662686746265077,6992.538162406833,32365.41220678327,261.05000000000007
4,22,474.3533620664097,13.82552348953021,13.82552348953021,67.92328528984629,26247.624221326707,230.43000000000004
4,23,216.03804716460522,9.039419211615767,9.039419211615767,2968.017420175717,7102.158168718395,150.66
4,24,371.415738585141,12.6747465050699,12.6747465050699,2700.897102739876,28293.40077656479,211.25000000000003
4,25,1.4699370314719957,5.569088618227636,1.4699370314719957,4.716366655183068,25.454960613802687,92.82000000000002
4,26,inf,inf,inf,485.046367007771,485.046367007771,-533.41
4,27,inf,inf,inf,133.88806335477628,133.88806335477628,-718.05
4,28,1001.4635981479057,inf,1001.4635981479057,487.4697282916394,556.7262292637453,-1147.3700000000001
4,29,22.707969792730367,11.030179396412072,11.030179396412072,201.63825904435708,343.64160349448815,183.84
4,30,492.59042755337885,14.054718905621888,14.054718905621888,7855.859077067845,37476.896927506066,234.25000000000003
4,31,399.69913974687984,6.278874422511549,6.278874422511549,788.8702073966786,35028.2868740219,104.65
4,32,543.699609613974,12.914741705165897,12.914741705165897,8166.683416949674,28236.122253235095,215.25000000000003
4,33,16.81168794767286,41.79396412071758,16.81168794767286,295.94558384934993,997.937261192338,696.58
4,35,inf,inf,inf,327.63109193703866,327.63109193703866,-1130.73
4,36,68.74439107812373,inf,68.74439107812373,82.92854528181786,82.98297674751406,-1130.73
4,37,inf,inf,inf,573.2296419114057,573.2296419114057,-1130.73
4,38,31.422938290590974,10.97798044039119,10.97798044039119,360.3667850824556,1031.6727846345354,182.97
4,39,645.1577126232254,8.243835123297533,8.243835123297533,10087.726233991254,43677.63633829096,137.4
4,40,inf,12.54814903701926,12.54814903701926,1062.327275424747,1062.327275424747,209.14000000000001
4,41,203.8217550476291,10.194996100077997,10.194996100077997,3032.5430611885095,13665.002625428418,169.92
4,42,203.8371820114455,13.217135657286853,13.217135657286853,274.5907134530506,13363.463166263722,220.29
4,43,23.560808194467455,inf,23.560808194467455,409.2753974718075,619.0102583450317,-1130.73
4,44,inf,inf,inf,208.69334362783974,208.69334362783974,-1130.73
5,45,47.22612512277921,inf,47.22612512277921,516.5314981702629,558.5647097083187,-1147.3999999999999
5,46,inf,inf,inf,592.1511917054943,592.1511917054943,-1164.04
5,2,38.75260428365155,inf,38.75260428365155,553.7335792721935,613.80302598691,-168.546
5,3,513.3160790451833,12.914741705165893,12.914741705165893,2560.7648058181658,14581.092697185004,215.24999999999997
5,4,653.4337293211854,12.0747585048299,12.0747585048299,8626.358568870668,20956.4053124572,201.24999999999997
5,5,inf,26.443871122577548,26.443871122577548,798.1674762483225,798.1674762483225,440.74
5,6,229.64465892180124,10.284994300113995,10.284994300113995,3801.540785651036,10475.301370795698,171.42
5,7,inf,inf,inf,353.0002098411122,353.0002098411122,-1144.1399999999999
5,8,inf,inf,inf,1251.464252272069,1251.464252272069,-167.18800000000002
5,9,inf,inf,inf,173.74643499169625,173.74643499169625,-46.45
5,460,205.93083010214517,inf,205.93083010214517,670.1592229595449,676.3932630454079,-1180.74
5,461,236.42721397230108,0.6605867882642341,0.6605867882642341,3076.2954367775305,4993.798533203025,11.009999999999991
5,462,1743.9423830468625,13.593928121437571,13.593928121437571,3545.0268115468734,18460.05215447004,226.57000000000002
5,463,330.8908807777876,12.635747285054297,12.635747285054297,4918.125611974668,10356.053191456205,210.6
5,464,432.25908176470347,14.9595008099838,14.9595008099838,386.7873911695773,33551.388241488006,249.33
5,465,1019.4837370575634,10.758984820303594,10.758984820303594,11342.279201000867,37885.1675283636,179.32000000000002
5,466,37.05532110696833,inf,37.05532110696833,384.0606004742892,443.1439899192166,-1164.04
5,467,44.54186390980244,inf,44.54186390980244,355.7849211516261,380.10055057331687,-1180.74
5,468,15.342062575430996,inf,15.342062575430996,172.12557596313488,207.28330798722288,-1164.04
5,469,inf,inf,inf,725.3993100868198,725.3993100868198,-29.790000000000006
5,20,846.5449853802556,inf,846.5449853802556,11098.952373934275,19796.690236566476,-71.32600000000001
5,21,440.5841070656442,14.660106797864042,14.660106797864042,3064.0047127690864,32307.402432932064,244.34
5,22,368.2994809311449,12.823543529129415,12.823543529129415,5903.808177603247,26175.22305286968,213.73
5,23,131.96868090691117,8.040439191216176,8.040439191216176,694.8002040163882,7064.181318768012,134.01000000000002
5,24,513.1994546429061,11.655366892662148,11.655366892662148,7874.023864096626,28232.132055466216,194.26000000000002
5,25,8.871802802163105,4.282114357712846,4.282114357712846,24.7036930174765,25.454754101762315,71.37
5,26,inf,inf,inf,485.0489761189694,485.0489761189694,-550.08
5,27,inf,inf,inf,133.8901809158214,133.8901809158214,-734.72
5,28,64.16610154602249,inf,64.16610154602249,518.656404200637,558.7618226142345,-1180.74
5,29,10.28409904983444,11.030179396412072,10.28409904983444,49.094410168258335,316.2868710663948,183.84
5,30,649.2086595872631,13.049139017219654,13.049139017219654,1826.7782976688825,37402.97883078731,217.48999999999998
5,31,491.5362367514193,5.274494510109797,5.274494510109797,8485.962792001133,34956.90049487148,87.91
5,32,913.7867696516146,11.945161096778063,11.945161096778063,6194.003385029084,28144.15213904519,199.09
5,33,25.071448670415517,42.793544129117414,25.071448670415517,474.7272628134559,911.0421071844504,713.24
5,35,inf,inf,inf,327.6301791400144,327.6301791400144,-1164.04
5,36,297.6333958826273,inf,297.6333958826273,82.70816635614896,82.98133265168214,-1164.04
5,37,inf,inf,inf,573.228955650872,573.228955650872,-1164.04
5,38,65.9764407656033,10.977380452390952,10.977380452390952,890.6952019837418,1023.2816488131989,182.96
5,39,894.8079935089745,7.221455570888581,7.221455570888581,2929.762818321248,43612.70399110583,120.35999999999999
5,40,inf,12.765344693106139,12.765344693106139,1194.8477029697929,1194.8477029697929,212.76000000000002
5,41,162.60572351421658,9.199016019679608,9.199016019679608,81.75283136037726,13598.092375742926,153.32000000000002
5,42,276.75241930053187,12.2127557448851,12.2127557448851,4232.528063045297,13314.19696994243,203.54999999999998
5,43,21.81379933947628,inf,21.81379933947628,31.18087877587517,612.3446327953902,-1164.04
5,44,18.019241591682,inf,18.019241591682,183.34834709330693,208.6908644214969,-1164.04
6,45,inf,inf,inf,561.223933932808,561.223933932808,-1180.7
6,46,inf,inf,inf,592.1551016340863,592.1551016340863,-1197.4
6,2,inf,inf,inf,614.45645384986,614.45645384986,-201.872
6,3,247.29591861764808,11.913961720765583,11.913961720765583,2084.347234524306,14537.101935408953,198.57
6,4,421.84979226280484,11.06317873642527,11.06317873642527,5612.439471052266,20916.25748895487,184.39
6,5,inf,25.453890922181554,25.453890922181554,834.2857851359183,834.2857851359183,424.24
6,6,199.52679613211822,9.286014279714404,9.286014279714404,2847.532489105529,10427.061300098972,154.76999999999998
6,7,inf,inf,inf,353.0003999044281,353.0003999044281,-1177.5
6,8,inf,inf,inf,1269.7303531288687,1269.7303531288687,-200.514
6,9,11.650645054842336,inf,11.650645054842336,131.7342682650116,173.74383950978128,-46.45
6,460,inf,inf,inf,676.395471537321,676.395471537321,-1214.1
6,461,143.4270848122205,inf,143.4270848122205,1848.8193104145782,4966.689899174383,-5.6699999999999875
6,462,422.569753166407,12.60634787304254,12.60634787304254,811.4856376531131,18433.093578736884,210.11
6,463,495.76492630043214,11.637967240655188,11.637967240655188,5954.1784531330895,10328.934535872531,193.97000000000003
6,464,750.2468456354671,13.959320813583728,13.959320813583728,2649.4542198091917,33490.454907711595,232.66000000000003
6,465,637.0588371768122,9.7540049199016,9.7540049199016,8150.134807734906,37836.04012914931,162.57
6,466,inf,inf,inf,446.0575666578665,446.0575666578665,-1197.4
6,467,inf,inf,inf,380.1030123170435,380.1030123170435,-1214.1
6,468,9.922809250999341,inf,9.922809250999341,105.25477952343148,207.28258101864384,-1197.4
6,469,26.794934266893122,inf,26.794934266893122,425.62347828535934,724.106112562686,-29.78
6,20,568.3437899589723,inf,568.3437899589723,8016.660553798041,19766.549120233274,-87.651
6,21,740.7966164700399,13.650326993460128,13.650326993460128,5709.979544251238,32249.397652830652,227.51
6,22,367.7281713181799,11.818563628727425,11.818563628727425,6019.558735485926,26102.82226408373,196.98000000000002
6,23,321.4308780433972,7.037859242815144,7.037859242815144,1545.2931295408016,7026.209186246304,117.30000000000001
6,24,408.8217661185301,10.646187076258474,10.646187076258474,5733.400846272956,28109.593221756106,177.44
6,25,19.66290364858466,2.35195296094078,2.35195296094078,18.427623933772743,25.454552766709963,39.19999999999999
6,26,29.273892727730352,inf,29.273892727730352,52.368910181894115,485.0463822559206,-566.74
6,27,10.889486628159618,inf,10.889486628159618,90.39021234200524,133.8882566887219,-751.38
6,28,inf,inf,inf,561.1569234010801,561.1569234010801,-1214.1
6,29,10.164463308908788,11.030779384412313,10.164463308908788,207.7910931927512,289.5412077356828,183.85000000000002
6,30,411.8880657035507,12.047759044819102,12.047759044819102,551.6326806680079,37329.055611729134,200.8
6,31,479.13890676535016,4.277914441711166,4.277914441711166,7234.568866094078,34885.513890957445,71.30000000000001
6,32,453.9438924152536,10.967780644387112,10.967780644387112,2215.9956752575686,28098.162083108917,182.8
6,33,15.053247085244823,42.79414411711765,15.053247085244823,42.818865785097124,867.7022026063942,713.25
6,35,inf,inf,inf,327.63252016905153,327.63252016905153,-1197.4
6,36,inf,inf,inf,82.98392481784995,82.98392481784995,-1197.4
6,37,inf,inf,inf,573.2330957938217,573.2330957938217,-1197.4
6,38,53.923687255813185,10.977980440391192,10.977980440391192,289.0138452963932,1014.9196734038635,182.97000000000003
6,39,533.8537259092128,6.205075898482031,6.205075898482031,1128.501571055575,43547.77010538564,103.42000000000002
6,40,inf,12.765944681106376,12.765944681106376,1261.9175449812094,1261.9175449812094,212.76999999999998
6,41,268.74350985068605,8.205435891282173,8.205435891282173,103.79160927850027,13531.187119075863,136.76
6,42,255.98427473840536,11.198176036479268,11.198176036479268,4121.8698125873925,13264.930564285174,186.64
6,43,716.3749205430445,inf,716.3749205430445,600.0250270246567,600.3812971517006,-1214.1
6,44,inf,inf,inf,208.6934218883097,208.6934218883097,-1197.4
7,45,inf,inf,inf,563.5344940656945,563.5344940656945,-1214.0700000000002
7,46,inf,inf,inf,592.1583400562326,592.1583400562326,-1247.3700000000001
7,2,537.3120139937326,inf,537.3120139937326,616.8864010167794,617.0275301378163,-235.209
7,3,389.7206299559704,10.913781724365512,10.913781724365512,5744.238926896083,14493.113439366067,181.9
7,4,384.62614059610763,10.03419931601368,10.03419931601368,3265.2721607685116,20835.962203097184,167.24000000000004
7,5,inf,24.453710925781486,24.453710925781486,834.2859190493161,834.2859190493161,407.57000000000005
7,6,161.3796606413945,8.282834343313136,8.282834343313136,742.1371888154187,10378.821592087954,138.05000000000004
7,7,inf,inf,inf,353.0005531075349,353.0005531075349,-1210.77
7,8,inf,inf,inf,1288.0211661726,1288.0211661726,-233.851
7,9,inf,inf,inf,173.74383456927413,173.74383456927413,-46.44999999999999
7,460,inf,inf,inf,676.3955606032515,676.3955606032515,-1230.77
7,461,117.01496245349426,inf,117.01496245349426,886.096642061253,4939.582519301623,-22.399999999999977
7,462,634.9348265136797,11.627167456650865,11.627167456650865,8745.353136108535,18406.13763039517,193.79
7,463,925.0253492384594,10.637787244255117,10.637787244255117,4908.097777218048,10328.934681324263,177.30000000000004
7,464,527.809572982746,12.954340913181735,12.954340913181735,8607.732556687653,33368.58321053119,215.91
7,465,1032.471879792203,8.755024899502008,8.755024899502008,11061.635961816923,37786.91471397021,145.92
7,466,inf,inf,inf,449.60303022548817,449.60303022548817,-1230.77
7,467,inf,inf,inf,380.1030714991086,380.1030714991086,-1247.3700000000001
7,468,6.377236295533968,inf,6.377236295533968,45.96122543079773,207.28243161416484,-1230.77
7,469,155.7182496291519,inf,155.7182496291519,711.2856368570045,724.1061922699816,-46.44999999999999
7,20,1376.3932872963671,inf,1376.3932872963671,6695.019438066287,19736.40797844033,-103.99499999999999
7,21,492.0752617403637,12.653746925061498,12.653746925061498,6954.08135671233,32191.390054109987,210.9
7,22,470.4280416365734,10.803383932321355,10.803383932321355,67.92328528984626,26030.421105093978,180.06000000000003
7,23,211.37181635595672,6.044279114417713,6.044279114417713,2901.5685272217324,6950.2605453333335,100.74000000000004
7,24,369.0050163632738,9.646007079858402,9.646007079858402,2685.0700928905344,28109.593082221607,160.77
7,25,1.3117929894223983,1.351772964540709,1.3117929894223983,13.871529965378382,25.45440144539241,22.53
7,26,inf,inf,inf,485.0463898800679,485.0463898800679,-583.41
7,27,inf,inf,inf,133.888353355853,133.888353355853,-768.05
7,28,inf,inf,inf,563.9465773849432,563.9465773849432,-1247.3700000000001
7,29,20.80514982529651,10.030599388012241,10.030599388012241,186.54151710955992,289.5413606242319,167.18000000000004
7,30,490.6462950338859,11.047579048419031,11.047579048419031,7824.546285318455,37329.05559259148,184.13000000000002
7,31,398.07058326048286,3.277734445311095,3.277734445311095,787.9560738609322,34885.513737937115,54.630000000000024
7,32,541.0115936513353,9.967600647987041,9.967600647987041,8126.655155237492,28098.16202856547,166.13000000000002
7,33,14.060326411559695,42.793544129117414,14.060326411559695,273.4721790187278,824.4528034813653,713.24
7,35,inf,inf,inf,327.6333919716237,327.6333919716237,-1230.77
7,36,68.767300971418,inf,68.767300971418,82.92951694592357,82.98391398146526,-1230.77
7,37,inf,inf,inf,573.2347346461128,573.2347346461128,-1230.77
7,38,30.849426044007046,10.97798044039119,10.97798044039119,366.8900033251641,1006.5884595252121,182.97
7,39,643.2536618572933,5.20489590208196,5.20489590208196,10057.34133882194,43547.77008054083,86.75000000000003
7,40,inf,11.765764684706305,11.765764684706305,1261.917639348259,1261.917639348259,196.1
7,41,200.81346068727547,7.209455810883782,7.209455810883782,2983.8629417581355,13464.279408355995,120.16
7,42,201.58231666939562,10.192596148077039,10.192596148077039,270.13238569074525,13215.664470241543,169.88000000000002
7,43,26.25381953613644,inf,26.25381953613644,454.72982575640117,595.0144337611755,-1247.3700000000001
7,44,inf,inf,inf,208.69346101870244,208.69346101870244,-1230.77
8,45,inf,inf,inf,565.4969965835927,565.4969965835927,-1247.4399999999998
8,46,inf,inf,inf,592.1598286230671,592.1598286230671,-1280.74
8,2,inf,inf,inf,621.3919922867126,621.3919922867126,-268.546
8,3,388.54629167271435,9.917801643967119,9.917801643967119,5727.477143695981,14449.125313387298,165.29999999999998
8,4,383.8848668330454,9.022019559608806,9.022019559608806,3258.9275303233653,20795.81443611061,150.36999999999998
8,5,inf,23.457130857382847,23.457130857382847,870.4084227194061,870.4084227194061,390.9599999999999
8,6,160.63099949468477,7.283254334913302,7.283254334913302,739.9995454223957,10330.582028437533,121.39000000000001
8,7,inf,inf,inf,353.0007063106417,353.0007063106417,-1244.1399999999999
8,8,inf,inf,inf,1306.3323261624619,1306.3323261624619,-267.188
8,9,9.625463591897818,inf,9.625463591897818,102.38617782437959,173.74280647380445,-46.45000000000002
8,460,inf,inf,inf,676.3956496692049,676.3956496692049,-1280.74
8,461,116.37692361348573,inf,116.37692361348573,882.1939345057789,4912.475339697243,-39.20000000000002
8,462,633.9515256202795,10.655186896262075,10.655186896262075,8731.363724370165,18379.180624079283,177.59
8,463,922.6278951352405,9.630407391852163,9.630407391852163,4895.942056712851,10301.815605615633,160.51000000000002
8,464,526.8474827457462,11.953560928781423,11.953560928781423,8592.417652682272,33307.64735957542,199.23
8,465,1031.1960276593636,7.749445011099777,7.749445011099777,11047.708793733194,37737.791115976266,129.16
8,466,inf,inf,inf,453.6466146684612,453.6466146684612,-1264.04
8,467,inf,inf,inf,380.10313068122616,380.10313068122616,-1280.74
8,468,6.377231936643637,inf,6.377231936643637,45.96122543079773,207.2822822096914,-1264.04
8,469,156.44387498073067,inf,156.44387498073067,710.1437311449865,722.7688179413692,-46.45000000000002
8,20,1374.450406316631,inf,1374.450406316631,6684.915806324467,19706.267665307,-120.462
8,21,491.18757173697975,11.660166796664067,11.660166796664067,6941.262479655703,32133.38294718146,194.34
8,22,469.11960598706304,9.795404091918162,9.795404091918162,67.92328528984626,25958.020312280005,163.26000000000002
8,23,210.20528261925568,5.0452990940181195,5.0452990940181195,2884.956381778173,6912.286577308074,84.09
8,24,368.2014335705287,8.635627287454248,8.635627287454248,2679.7942749636513,28048.323170156746,143.92999999999998
8,25,1.7631082925532517,inf,1.7631082925532517,20.329208246279613,25.454542420265316,-10.800000000000011
8,26,inf,inf,inf,485.0463975042634,485.0463975042634,-600.08
8,27,inf,inf,inf,133.88845002308972,133.88845002308972,-784.72
8,28,inf,inf,inf,567.099078671202,567.099078671202,-1280.74
8,29,19.983069157060072,10.029999400011999,10.029999400011999,178.8306876955664,263.4926233915717,167.17
8,30,489.6741800686708,10.056998860022798,10.056998860022798,7808.888785089691,37255.131293531085,167.61999999999998
8,31,397.25630721308363,2.2745545089098216,2.2745545089098216,787.4990231605318,34814.12730463855,37.91
8,32,540.1633798773664,8.979420411591768,8.979420411591768,8114.2567796268395,28052.17590194169,149.66
8,33,13.3810539380046,42.793544129117414,13.3810539380046,267.853795870294,781.30710371605,713.24
8,35,inf,inf,inf,327.6339458991293,327.6339458991293,-1264.04
8,36,68.77418594795896,inf,68.77418594795896,82.92951702631335,82.9839031461575,-1264.04
8,37,inf,inf,inf,573.2365847087723,573.2365847087723,-1264.04
8,38,38.20103232942659,10.334193316133675,10.334193316133675,309.5696308713489,998.2893273381687,172.23999999999998
8,39,642.2770922743315,4.198116037679246,4.198116037679246,10041.838041124753,43482.83516746759,69.97
8,40,inf,11.765764684706305,11.765764684706305,1329.4254610981025,1329.4254610981025,196.1
8,41,199.8107090306363,6.21887562248755,6.21887562248755,2967.6362902150095,13397.372215336783,103.65
8,42,200.83069770728775,9.196016079678406,9.196016079678406,268.64622903358713,13166.398389511603,153.27
8,43,27.27004611743017,inf,27.27004611743017,465.13116155513006,590.013198618597,-1280.74
8,44,inf,inf,inf,208.6935001492003,208.6935001492003,-1264.04
9,45,inf,inf,inf,567.1093886959391,567.1093886959391,-1280.7
9,46,inf,inf,inf,592.1613185345396,592.1613185345396,-1314.1
9,2,inf,inf,inf,627.4142513917265,627.4142513917265,-301.872
9,3,387.3719564210823,8.91642167156657,8.91642167156657,5710.715730003065,14405.13704072277,148.61
9,4,383.143617472266,8.008039839203217,8.008039839203217,3252.583149855243,20755.667983835196,133.47000000000003
9,5,inf,22.45395092098158,22.45395092098158,906.5325826393993,906.5325826393993,374.24
9,6,159.8825182299728,6.27287454250915,6.27287454250915,737.9154192853538,10282.343012760351,104.55000000000001
9,7,inf,inf,inf,353.00085951374865,353.00085951374865,-1277.5
9,8,inf,inf,inf,1324.6643246326787,1324.6643246326787,-300.515
9,9,inf,inf,inf,173.74280153329377,173.74280153329377,-46.44999999999999
9,460,inf,inf,inf,676.3957387351813,676.3957387351813,-1314.1
9,461,115.73927296698321,inf,115.73927296698321,878.3281731990118,4885.3683636948945,-55.94999999999999
9,462,633.0424375226203,9.677206455870882,9.677206455870882,8718.196182815738,18352.22475925417,161.29000000000002
9,463,920.0940661711178,8.61402771944561,8.61402771944561,4882.993564472061,10274.69657137562,143.57
9,464,525.8995234743347,10.944981100377992,10.944981100377992,8577.345151930422,33246.71337026629,182.42000000000002
9,465,1029.7857978806735,6.739065218695625,6.739065218695625,11032.696571528162,37688.66518609057,112.32
9,466,inf,inf,inf,457.322450078903,457.322450078903,-1297.4
9,467,inf,inf,inf,380.1031898633962,380.1031898633962,-1314.1
9,468,6.377227577753667,inf,6.377227577753667,45.96122543079773,207.28213280522348,-1297.4
9,469,157.18505603681197,inf,157.18505603681197,708.9515629743349,721.37894822293,-46.44999999999999
9,20,1372.3220634195316,inf,1372.3220634195316,6674.440690070088,19676.127838177224,-136.833
9,21,490.29987627846197,10.670786584268315,10.670786584268315,6928.443373420756,32075.37551633539,177.85000000000002
9,22,467.8111637947372,8.794624107517848,8.794624107517848,67.92328528984625,25885.619156044097,146.57999999999998
9,23,209.03874739755926,4.045119097618048,4.045119097618048,2868.3441930351382,6874.312364047645,67.42000000000002
9,24,367.3978510963326,7.638447231055379,7.638447231055379,2674.5184570367715,27987.053270114116,127.31
9,25,0.7732139739825892,inf,0.7732139739825892,3.995531025729665,25.454218525555632,-60.80000000000001
9,26,inf,inf,inf,485.0464051285072,485.0464051285072,-616.74
9,27,inf,inf,inf,133.88854669043192,133.88854669043192,-801.38
9,28,inf,inf,inf,570.6476282345432,570.6476282345432,-1314.1
9,29,18.90455782633548,11.030779384412313,11.030779384412313,162.99358453558946,214.02284556479606,183.85000000000002
9,30,488.70211398154856,9.067018659626807,9.067018659626807,7793.232489078596,37181.21061469818,151.12
9,31,396.44203613649796,1.271974560508789,1.271974560508789,787.0418892160628,34742.74127047768,21.19999999999999
9,32,539.279174638963,7.991240175196495,7.991240175196495,8101.166967640838,28006.189777065458,133.19
9,33,12.706517206462522,42.79414411711765,12.706517206462522,262.2355011390473,738.2833899341468,713.25
9,35,inf,inf,inf,327.63482020546456,327.63482020546456,-1297.4
9,36,inf,inf,inf,82.98485841324542,82.98485841324542,-1297.4
9,37,inf,inf,inf,573.2382235613082,573.2382235613082,-1297.4
9,38,38.625394846822054,9.047219055618887,9.047219055618887,307.0970428959583,990.0257833918089,150.79000000000002
9,39,641.3168675464544,3.182936341273175,3.182936341273175,10026.541797331685,43417.90019743069,53.05000000000001
9,40,inf,11.765764684706307,11.765764684706307,1397.3046218839331,1397.3046218839331,196.10000000000002
9,41,198.80795679539142,5.228895422091556,5.228895422091556,2951.409556093677,13330.464812717273,87.14999999999998
9,42,199.32745827139084,8.192236155276895,8.192236155276895,265.6739713171316,13067.866074762473,136.54000000000002
9,43,28.48961878149759,inf,28.48961878149759,475.15309549519185,585.3892886197393,-1314.1
9,44,inf,inf,inf,208.69353927980333,208.69353927980333,-1297.4
10,45,inf,inf,inf,568.3701767419582,568.3701767419582,-1314.0700000000002
10,46,inf,inf,inf,592.1629766651201,592.1629766651201,-1347.3700000000001
10,2,inf,inf,inf,634.9501043720713,634.9501043720713,-335.209
10,3,386.1976157055468,7.9174416511669765,7.9174416511669765,5693.953951534992,14361.148656850015,131.96
10,4,382.39220819208157,6.992860142797146,6.992860142797146,3246.4814805094575,20715.520025160124,116.55000000000004
10,5,inf,21.45317093658127,21.45317093658127,942.658696495999,942.658696495999,357.56000000000006
10,6,159.13395292131236,5.269694606107878,5.269694606107878,735.8046304485177,10234.103825402955,87.83000000000001
10,7,inf,inf,inf,353.0010127168555,353.0010127168555,-1310.77
10,8,inf,inf,inf,1343.0173186814066,1343.0173186814066,-333.851
10,9,inf,inf,inf,173.74279659279588,173.74279659279588,-46.44999999999999
10,460,inf,inf,inf,676.3958278011808,676.3958278011808,-1347.3700000000001
10,461,115.10125611713744,inf,115.10125611713744,874.4256708863006,4858.2615947026125,-72.5
10,462,632.059270090305,8.70462590748185,8.70462590748185,8704.20816514856,18325.268198986916,145.08
10,463,917.7057825892387,7.59704805903882,7.59704805903882,4870.674754831464,10247.577994130019,126.62000000000003
10,464,524.9233316717267,9.946601067978639,9.946601067978639,8561.78820913427,33185.777529878775,165.78
10,465,1028.4427383736672,5.729285414291716,5.729285414291716,11018.226595852173,37639.53977160366,95.49000000000004
10,466,inf,inf,inf,460.67554325596313,460.67554325596313,-1330.77
10,467,inf,inf,inf,380.10324904561884,380.10324904561884,-1347.3700000000001
10,468,6.3772232188640565,inf,6.3772232188640565,45.96122543079773,207.28198340076116,-1330.77
10,469,159.00515363952533,inf,159.00515363952533,706.5104487840616,718.5024505097923,-29.78
10,20,1368.081884831982,inf,1368.081884831982,6653.016537150952,19615.846006779197,-152.731
10,21,490.2998756993847,9.670606587868244,9.670606587868244,6928.443492630202,32075.3754481027,161.18000000000004
10,22,466.5027282455994,7.794444111117777,7.794444111117777,67.92328528984623,25813.218366007088,129.91
10,23,207.87222798688293,3.048539029219417,3.048539029219417,2851.7320113688706,6836.3385905735395,50.81000000000003
10,24,366.5942731139411,6.630467390652187,6.630467390652187,2669.2425208357013,27925.783714388483,110.51000000000002
10,25,0.773206835379176,inf,0.773206835379176,3.9955088177734925,25.453981098910216,-94.13
10,26,inf,inf,inf,485.0464127527993,485.0464127527993,-633.41
10,27,inf,inf,inf,133.8886433578797,133.8886433578797,-818.05
10,28,inf,inf,inf,574.6111555927075,574.6111555927075,-1347.3700000000001
10,29,18.94413705788767,11.030179396412072,11.030179396412072,154.88378461295105,191.02113997485418,183.84
10,30,487.73004749402065,8.076438471230574,8.076438471230574,7777.575848710258,37107.28998217809,134.60999999999999
10,31,395.6277618534843,0.26339473210535874,0.26339473210535874,786.5848385156622,34671.354914451695,4.390000000000015
10,32,537.4919226506252,7.036659266814663,7.036659266814663,8074.74215091819,27914.21596377133,117.28
10,33,12.037673855159566,42.793544129117414,12.037673855159566,256.6170367322833,695.4040613456308,713.24
10,35,125.59668540018312,inf,125.59668540018312,331.74853857283625,332.963145738821,-1330.77
10,36,68.78914896233681,inf,68.78914896233681,82.93048340102074,82.98484771232123,-1330.77
10,37,inf,inf,inf,573.2398634317599,573.2398634317599,-1330.77
10,38,31.072741275654003,7.117057658846824,7.117057658846824,367.8286964365689,981.7956552493581,118.62000000000003
10,39,640.340889966061,2.164156716865664,2.164156716865664,10010.850633484482,43352.965288756306,36.07000000000002
10,40,inf,12.122157556848862,12.122157556848862,1533.9795140227488,1533.9795140227488,202.04
10,41,197.80520950305538,4.228715425691485,4.228715425691485,2935.182822363305,13263.557567646205,70.47999999999999
10,42,198.57585204447366,7.178256434871303,7.178256434871303,264.1877845446078,13018.600776495086,119.64000000000001
10,43,27.60174690329752,inf,27.60174690329752,465.56041013972373,580.4690727536866,-1347.3700000000001
10,44,inf,inf,inf,208.69357841051152,208.69357841051152,-1330.77
11,45,inf,inf,inf,569.2775161153745,569.2775161153745,-1347.4399999999998
11,46,inf,inf,inf,592.164466576933,592.164466576933,-1380.74
11,2,inf,inf,inf,643.8552861661757,643.8552861661757,-368.55
11,3,385.02328464430667,6.922661546769065,6.922661546769065,5677.192168334889,14317.16064404917,115.38000000000002
11,4,381.6610655202981,5.982480350392992,5.982480350392992,3239.893552502236,20675.372258592786,99.71000000000001
11,5,inf,20.43499130017399,20.43499130017399,1014.9158671867422,1014.9158671867422,340.5899999999999
11,6,158.38540437539845,4.264714705705886,4.264714705705886,733.6937834693322,10185.865541169329,71.08000000000001
11,7,inf,inf,inf,353.0011659199624,353.0011659199624,-1344.1399999999999
11,8,inf,inf,inf,1361.3887983328116,1361.3887983328116,-367.19
11,9,9.625308369657068,inf,9.625308369657068,102.3856676519649,173.7417648691053,-46.45000000000002
11,460,inf,inf,inf,676.3959168672031,676.3959168672031,-1380.74
11,461,114.46343724860371,inf,114.46343724860371,870.5415036239518,4831.155021358164,-89.03999999999999
11,462,631.1131610044483,7.736845263094739,7.736845263094739,8690.63058124764,18298.31241402888,128.95000000000002
11,463,915.4531375477328,6.595068098638026,6.595068098638026,4859.144094322796,10220.458720676392,109.91999999999999
11,464,523.9471693558083,8.953020939581208,8.953020939581208,8546.23194247786,33124.84019999952,149.22
11,465,1027.0996744920685,4.725505489890203,4.725505489890203,11003.756808395714,37590.414113634615,78.76000000000002
11,466,inf,inf,inf,463.76025711432214,463.76025711432214,-1364.04
11,467,inf,inf,inf,380.10330822789405,380.10330822789405,-1380.74
11,468,6.377218859974808,inf,6.377218859974808,45.96122543079773,207.28183399630444,-1364.04
11,469,159.80723005708006,inf,159.80723005708006,705.2120043385904,717.000501867025,-29.789999999999992
11,20,1365.9701471184133,inf,1365.9701471184133,6642.06937137892,19585.706235170434,-169.098
11,21,488.51320521592305,8.69802603947921,8.69802603947921,6902.311856927437,31959.360827031185,144.97
11,22,465.20850250386206,6.7876642467150665,6.7876642467150665,67.92328528984623,25740.81867178988,113.13000000000002
11,23,206.70538087896526,2.0573588528229427,2.0573588528229427,2835.091097145765,6798.364552942183,34.28999999999999
11,24,364.98711809760175,5.617087658246833,5.617087658246833,2658.6910621333395,27803.24459759347,93.61999999999998
11,25,0.7731996986335906,inf,0.7731996986335906,3.9954869895509617,25.453743672320744,-127.47
11,26,inf,inf,inf,485.04642037713967,485.04642037713967,-650.08
11,27,inf,inf,inf,133.888740025433,133.888740025433,-834.72
11,28,inf,inf,inf,578.9363669263832,578.9363669263832,-1380.74
11,29,19.868327546606157,11.030179396412072,11.030179396412072,146.64202420514604,169.61590252677993,183.84
11,30,486.75798144787495,7.076258474830501,7.076258474830501,7761.919552699159,37033.36930483548,117.93999999999997
11,31,394.81348846089475,inf,394.81348846089475,786.127787815262,34599.96859742237,-12.22999999999999
11,32,536.6096107832208,6.05507889842203,6.05507889842203,8061.4556602803905,27868.229844189864,100.91999999999999
11,33,11.375777199454769,42.793544129117414,11.375777199454769,250.99897954676027,652.6980247751545,713.24
11,35,579.1495663764074,inf,579.1495663764074,339.30785263096845,339.370219039378,-1364.04
11,36,68.80026390916066,inf,68.80026390916066,82.93144909020455,82.98579769850882,-1380.74
11,37,inf,inf,inf,573.2416774448811,573.2416774448811,-1364.04
11,38,38.1353636203962,5.829483410331792,5.829483410331792,312.8801688864139,973.6003523298149,97.16
11,39,639.3964175209863,1.1573768524629502,1.1573768524629502,9995.94863657524,43288.030382297475,19.289999999999992
11,40,inf,10.835183296334073,10.835183296334073,1602.701663650121,1602.701663650121,180.59
11,41,196.79751924279014,3.239935201295972,3.239935201295972,2918.884969148609,13196.65084732477,53.99999999999997
11,42,197.82422974719722,6.176276474470508,6.176276474470508,262.7016611096307,12969.334404726498,102.93999999999997
11,43,26.787756149338907,inf,26.787756149338907,455.61695886597295,575.323040988397,-1380.74
11,44,inf,inf,inf,208.69361754132484,208.69361754132484,-1364.04
12,45,inf,inf,inf,569.8308250214658,569.8308250214658,-1380.7
12,46,inf,inf,inf,592.1659551444216,592.1659551444216,-1414.1
12,2,inf,inf,inf,643.8552694156222,643.8552694156222,-385.21
12,3,383.84895668650404,5.930281394372111,5.930281394372111,5660.430754641972,14273.172485680368,98.83999999999997
12,4,380.91979694266877,4.9853002939941184,4.9853002939941184,3233.548781074289,20635.22480238065,83.08999999999997
12,5,inf,19.43541129177416,19.43541129177416,1014.9160016123986,1014.9160016123986,323.92999999999995
12,6,157.63271415684105,3.249535009299815,3.249535009299815,731.5908911789151,10137.62670374799,54.160000000000025
12,7,inf,inf,inf,353.0013191230693,353.0013191230693,-1377.5
12,8,inf,inf,inf,1379.779767073096,1379.779767073096,-400.51
12,9,inf,inf,inf,173.74175992860384,173.74175992860384,-46.44999999999999
12,460,inf,inf,inf,676.3960059332485,676.3960059332485,-1397.4
12,461,113.82562935975771,inf,113.82562935975771,866.6573718142129,4804.048676911049,-105.57
12,462,630.1301611320721,6.768464630707386,6.768464630707386,8676.644159160382,18271.3555762264,112.81
12,463,912.9204099119448,5.582888342233155,5.582888342233155,4846.201500612676,10193.33985922624,93.05000000000001
12,464,522.9989434879305,7.969640607187855,7.969640607187855,8531.234240275016,33063.90437030088,132.82999999999998
12,465,1027.0996784634312,3.7259254814903713,3.7259254814903713,11003.756939646028,37590.41422764461,62.10000000000002
12,466,inf,inf,inf,466.58016629476447,466.58016629476447,-1397.4
12,467,inf,inf,inf,380.1033674102218,380.1033674102218,-1397.4
12,468,6.377214501085919,inf,6.377214501085919,45.96122543079774,207.28168459185326,-1397.4
12,469,159.80740614875646,inf,159.80740614875646,705.212107230279,717.0005825646305,-46.44999999999999
12,20,1363.6799835350403,inf,1363.6799835350403,6630.598778723,19555.564861372353,-185.38299999999998
12,21,488.51320463674296,7.698446031079378,7.698446031079378,6902.311976138407,31959.36075879596,128.31
12,22,463.8858704857999,5.785084298314034,5.785084298314034,67.92328528984623,25668.417519772287,96.42000000000002
12,23,206.70538434028853,1.057778844423111,1.057778844423111,2835.091249281227,6798.364599858225,17.629999999999995
12,24,364.98711634578626,4.617507649847002,4.617507649847002,2658.691111808499,27803.24445806557,76.95999999999998
12,25,0.7731952181955775,inf,0.7731952181955775,3.9954869905172377,25.453592353431006,-144.13
12,26,inf,inf,inf,485.04642800152834,485.04642800152834,-666.74
12,27,inf,inf,inf,133.88883669309186,133.88883669309186,-851.38
12,28,inf,inf,inf,578.9362990789053,578.9362990789053,-1397.4
12,29,19.86833249525019,10.03059938801224,10.03059938801224,146.64211775057535,169.61604438374567,167.18
12,30,485.78586614413115,6.066478670426592,6.066478670426592,7746.26170811316,36959.44505433836,101.11000000000001
12,31,393.9992159028662,inf,393.9992159028662,785.6706641828464,34528.5823159102,-28.80000000000001
12,32,536.6096105662307,5.055498890022198,5.055498890022198,8061.455781566306,27868.2297896521,84.25999999999999
12,33,11.375776058095981,41.79396412071758,11.375776058095981,250.9990357768781,652.6979148314872,696.58
12,35,inf,inf,inf,346.85791103106806,346.85791103106806,-1397.4
12,36,68.80660958367184,inf,68.80660958367184,82.93144830864641,82.98578686827315,-1414.1
12,37,inf,inf,inf,573.243316297804,573.243316297804,-1397.4
12,38,37.243827552017535,5.186296274074518,5.186296274074518,320.9720265144223,965.4379717447737,86.44
12,39,638.436193000204,0.15659686806263956,0.15659686806263956,9980.652392782178,43223.09541889704,2.6100000000000136
12,40,inf,9.83560328793424,9.83560328793424,1602.7017665713224,1602.7017665713224,163.93
12,41,195.79973548825544,2.249955000899982,2.249955000899982,2902.729436787701,13129.743924592216,37.5
12,42,197.07261360152114,5.1694966100677995,5.1694966100677995,261.21554078146846,12920.068417943183,86.16000000000003
12,43,26.01082352187805,inf,26.01082352187805,445.3852673794586,569.9533496050782,-1414.1
12,44,inf,inf,inf,208.69365667224338,208.69365667224338,-1397.4
13,45,inf,inf,inf,570.0284213815804,570.0284213815804,-1414.0700000000002
13,46,inf,inf,inf,592.1676471883228,592.1676471883228,-1447.3700000000001
13,2,inf,inf,inf,665.1921866172931,665.1921866172931,-435.21000000000004
13,3,382.6746233294233,4.937301253974918,4.937301253974918,5643.668976173899,14229.184217108314,82.28999999999996
13,4,380.1785232062092,3.985120297594045,3.985120297594045,3227.204150629145,20595.07703609694,66.41999999999996
13,5,inf,18.421431571368572,18.421431571368572,1051.0469448335452,1051.0469448335452,307.03000000000003
13,6,156.88410296427637,2.227755444891102,2.227755444891102,729.4539085373634,10089.388059840616,37.129999999999995
13,7,inf,inf,inf,353.00147232617616,353.00147232617616,-1410.77
13,8,inf,inf,inf,1398.1854664979182,1398.1854664979182,-433.85
13,9,9.625340132475282,inf,9.625340132475282,102.38575925411314,173.74073183312692,-46.45000000000002
13,460,inf,inf,inf,676.3960949993168,676.3960949993168,-1447.3700000000001
13,461,113.18801702981257,inf,113.18801702981257,862.7912354745306,4776.942565026385,-122.29000000000002
13,462,629.2945264098373,5.788684226315471,5.788684226315471,8664.29025276963,18244.399880655594,96.47999999999996
13,463,910.6627855836892,4.577308453830921,4.577308453830921,4834.748886263112,10166.22104096267,76.28999999999996
13,464,522.0368545132065,6.990460190796183,6.990460190796183,8515.919195827722,33002.96854599002,116.50999999999999
13,465,1025.7566189842398,2.7215455690886152,2.7215455690886152,10989.286963970038,37541.288813623076,45.35999999999996
13,466,2970.3910789294896,inf,2970.3910789294896,468.2058685917545,469.12140974874035,-1430.77
13,467,inf,inf,inf,380.1034265926021,380.1034265926021,-1447.3700000000001
13,468,6.3772101421973915,inf,6.3772101421973915,45.96122543079774,207.28153518740768,-1430.77
13,469,160.91900774764528,inf,160.91900774764528,703.9558305104708,715.5089646205361,-46.45000000000002
13,20,1361.557515763571,inf,1361.557515763571,6619.965941712711,19525.42500222785,-201.568
13,21,487.619908060005,6.715065698686023,6.715065698686023,6890.104115319825,31901.352031367365,111.91999999999996
13,22,462.5774350904217,4.78670426591468,4.78670426591468,67.92328528984623,25596.016733989276,79.77999999999997
13,23,205.53919722249543,inf,205.53919722249543,2818.507677350049,6760.390702939829,0.9300000000000068
13,24,364.1835351669757,3.60472790544189,3.60472790544189,2653.4152938816173,27741.97460691084,60.079999999999984
13,25,0.7731880729036682,inf,0.7731880729036682,3.9954655956102205,25.453354566650187,-177.47000000000003
13,26,inf,inf,inf,485.0464356259652,485.0464356259652,-683.4100000000001
13,27,inf,inf,inf,133.88893336085627,133.88893336085627,-868.05
13,28,inf,inf,inf,583.6732381123035,583.6732381123035,-1430.77
13,29,22.85873053623622,10.03059938801224,10.03059938801224,138.25591214163242,150.32806295555133,167.18
13,30,484.8138001395123,5.056098878022438,5.056098878022438,7730.605412102061,36885.524378506074,84.26999999999998
13,31,393.1849484601557,inf,393.1849484601557,785.2136031703925,34457.196441929744,-45.22000000000003
13,32,535.742324113201,4.067318653626925,4.067318653626925,8048.807405556533,27822.24367185416,67.78999999999996
13,33,10.722441958175963,41.793964120717575,10.722441958175963,245.38046956480403,610.2008125908147,696.5799999999999
13,35,inf,inf,inf,365.76442438433,365.76442438433,-1447.3700000000001
13,36,inf,inf,inf,82.98674214102698,82.98674214102698,-1447.3700000000001
13,37,inf,inf,inf,573.2449561686473,573.2449561686473,-1430.77
13,38,29.76896726975702,5.186296274074518,5.186296274074518,380.16409609153493,957.3088632337615,86.44
13,39,637.4759681611694,inf,637.4759681611694,9965.355812403954,43158.16051689675,-13.879999999999995
13,40,inf,7.904841903161936,7.904841903161936,1671.638538490862,1671.638538490862,131.75
13,41,194.79209533094317,1.2629747405051905,1.2629747405051905,2886.432137583317,13062.836801944264,21.05000000000001
13,42,196.3209980233953,4.159116817663646,4.159116817663646,259.7294204533067,12870.802449756544,69.32
13,43,25.263983548687698,inf,25.263983548687698,434.84292717386853,564.3574573316204,-1447.3700000000001
13,44,inf,inf,inf,208.693695803267,208.693695803267,-1430.77
14,45,inf,inf,inf,569.8703494634051,569.8703494634051,-1447.4399999999998
14,46,inf,inf,inf,592.1691031879199,592.1691031879199,-1480.74
14,2,inf,inf,inf,665.1921834518249,665.1921834518249,-451.88
14,3,381.50029969389,3.9533209335813306,3.9533209335813306,5626.907192973795,14185.196320654111,65.89000000000004
14,4,379.4372494751547,2.994540109197817,2.994540109197817,3220.859520184001,20554.92926995604,49.910000000000025
14,5,inf,17.40085198296034,17.40085198296034,1087.1794053477386,1087.1794053477386,290.02000000000004
14,6,156.1356741430558,1.2041759164816732,1.2041759164816732,727.369143194539,10041.15033422637,20.07000000000005
14,7,inf,inf,inf,353.0016255292831,353.0016255292831,-1444.1399999999999
14,8,inf,inf,inf,1416.6106148102801,1416.6106148102801,-467.18999999999994
14,9,inf,inf,inf,173.74072689262195,173.74072689262195,-46.44999999999999
14,460,inf,inf,inf,676.3961840654081,676.3961840654081,-1480.74
14,461,112.5502297091067,inf,112.5502297091067,858.9070010434095,4749.836659716671,-138.96999999999997
14,462,628.3483155014967,4.801103977920444,4.801103977920444,8650.711455593702,18217.44422786869,80.02000000000004
14,463,908.1307789818644,3.561528769424612,3.561528769424612,4821.809610096276,10139.10194285948,59.360000000000014
14,464,521.0467986601991,6.018479630407391,6.018479630407391,8500.124325223758,32942.03123228288,100.31
14,465,1024.4135551304837,1.7147657046859086,1.7147657046859086,10974.817176513581,37492.163156119874,28.58000000000004
14,466,442.13998832389717,inf,442.13998832389717,440.6582641309294,471.3697718727542,-1464.04
14,467,inf,inf,inf,380.10348577503487,380.10348577503487,-1480.74
14,468,6.377205783309224,inf,6.377205783309224,45.96122543079774,207.28138578296765,-1464.04
14,469,161.98384167515258,inf,161.98384167515258,702.677197118438,714.003831602703,-46.44999999999999
14,20,1359.6237520183697,inf,1359.6237520183697,6609.542236822814,19495.28494418301,-217.986
14,21,486.74908368842193,5.720885582288355,5.720885582288355,6877.167973840166,31843.34477570289,95.35000000000002
14,22,461.26899315437987,3.7835243295134093,3.7835243295134093,67.92328528984622,25523.61558484386,63.06
14,23,203.20621376519364,inf,203.20621376519364,2785.283306772972,6684.443908136892,-15.859999999999957
14,24,363.3799543173943,2.591348173036539,2.591348173036539,2648.139475954736,27680.704768181044,43.19
14,25,1.1399603524235153,inf,1.1399603524235153,3.995349429674219,25.45317262377246,-200.07999999999998
14,26,inf,inf,inf,485.0464432504504,485.0464432504504,-700.0799999999999
14,27,inf,inf,inf,133.8890300287262,133.8890300287262,-884.72
14,28,inf,inf,inf,588.8069553571528,588.8069553571528,-1464.04
14,29,118.22667178440366,11.030179396412073,11.030179396412073,121.03986052600906,121.28100932843614,183.84000000000003
14,30,483.8417292700519,4.049319013619728,4.049319013619728,7714.9489956692,36811.60334148638,67.49000000000001
14,31,391.55639297722365,inf,391.55639297722365,784.2993563567039,34314.422771119345,-61.639999999999986
14,32,534.8399886838899,3.075538489230218,3.075538489230218,8035.408256809005,27776.255932493605,51.26000000000005
14,33,10.079876120574443,41.793364132717336,10.079876120574443,239.7622970928885,567.9603277885515,696.5699999999999
14,35,inf,inf,inf,377.11448508374656,377.11448508374656,-1480.74
14,36,68.8205905563634,inf,68.8205905563634,82.93241298137535,82.98673131307116,-1480.74
14,37,inf,inf,inf,573.2468052141332,573.2468052141332,-1464.04
14,38,29.429560415461435,6.185876282474351,6.185876282474351,384.61750615758086,941.1603060175313,103.10000000000002
14,39,636.515743779983,inf,636.515743779983,9950.059568610888,43093.22555796981,-30.5
14,40,inf,6.617867642647147,6.617867642647147,1740.7653847181582,1740.7653847181582,110.30000000000001
14,41,193.79427126614394,0.26819463610727945,0.26819463610727945,2870.275886837605,12995.930211532204,4.470000000000027
14,42,195.56938309232606,3.1499370012599743,3.1499370012599743,258.24333645414094,12821.536504434202,52.5
14,43,24.538078953967304,inf,24.538078953967304,423.9708415284466,558.5191134366174,-1480.74
14,44,inf,inf,inf,208.6937349343958,208.6937349343958,-1464.04
15,45,inf,inf,inf,569.3557470588136,569.3557470588136,-1480.7
15,46,inf,inf,inf,592.1705917559083,592.1705917559083,-1514.1
15,2,inf,inf,inf,677.3446366030379,677.3446366030379,-485.21000000000004
15,3,380.30314675650357,2.973540529189416,2.973540529189416,5609.6116163774595,14141.207464804289,49.56
15,4,378.69597574953684,2.006959860802783,2.006959860802783,3214.5148897388535,20514.78150395878,33.44999999999999
15,5,inf,16.386872262554746,16.386872262554746,1123.3135953098922,1123.3135953098922,273.12
15,6,155.39115254637593,0.19079618407631888,0.19079618407631888,725.2245552478972,9992.912070820705,3.180000000000007
15,7,inf,inf,inf,353.00177873239005,353.00177873239005,-1477.5
15,8,inf,inf,inf,1416.6105248214942,1416.6105248214942,-483.85
15,9,inf,inf,inf,173.7407219521298,173.7407219521298,-46.44999999999999
15,460,inf,inf,inf,676.3962731315224,676.3962731315224,-1514.1
15,461,111.90800112182373,inf,111.90800112182373,855.0302854442247,4722.730964772906,-155.8
15,462,626.4920817759186,3.8285234295314092,3.8285234295314092,8624.026268257956,18163.532332384904,63.81
15,463,905.8767946445455,2.5559488810223807,2.5559488810223807,4810.271387650668,10111.98323519298,42.60000000000002
15,464,520.0987074847936,5.047699046019079,5.047699046019079,8485.049520454122,32881.09541883967,84.13
15,465,1023.0704956793408,0.7139857202855928,0.7139857202855928,10960.34720083759,37443.03774256763,11.899999999999977
15,466,238.03203511737783,inf,238.03203511737783,395.4661306091568,473.2997179172443,-1497.4
15,467,inf,inf,inf,380.1035449575202,380.1035449575202,-1514.1
15,468,6.377201424421415,inf,6.377201424421415,45.96122543079774,207.28123637853318,-1497.4
15,469,163.02648097200094,inf,163.02648097200094,701.3632010234229,712.468493731518,-46.44999999999999
15,20,1357.5009456369992,inf,1357.5009456369992,6598.9077123789375,19465.143969643123,-234.475
15,21,485.8613886728983,4.720105597888042,4.720105597888042,6864.348867605224,31785.33735867122,78.67000000000002
15,22,459.96055127090983,2.7887442251154986,2.7887442251154986,67.9232852898462,25451.214437152925,46.48000000000002
15,23,202.03940695072117,inf,202.03940695072117,2768.6430253363756,6646.470310486811,-32.339999999999975
15,24,362.5763952786756,1.5707685846283077,1.5707685846283077,2642.8638751325975,27619.436572265,26.180000000000007
15,25,2.168786859649036,inf,2.168786859649036,3.9950250032591543,25.453046164484736,-211.95999999999998
15,26,inf,inf,inf,485.04645087498386,485.04645087498386,-716.74
15,27,inf,inf,inf,133.8891266967017,133.8891266967017,-901.38
15,28,inf,inf,inf,594.3181968539523,594.3181968539523,-1497.4
15,29,inf,11.030779384412313,11.030779384412313,113.56083041852405,113.56083041852405,183.85000000000002
15,30,481.9083368370537,3.0125397492050143,3.0125397492050143,7683.818864118403,36663.76210394627,50.20999999999998
15,31,390.74212412038855,inf,390.74212412038855,783.8423056563032,34243.03665273472,-78.27000000000001
15,32,533.0896796466916,2.0705585888282227,2.0705585888282227,8009.537534173859,27684.283760425405,34.50999999999999
15,33,9.451069657134877,41.79516409671806,9.451069657134877,234.14393922375749,526.0377252861998,696.6
15,35,inf,inf,inf,389.8928318563994,389.8928318563994,-1514.1
15,36,68.82662596381111,inf,68.82662596381111,82.93241170480776,82.98672048619224,-1514.1
15,37,inf,inf,inf,573.2484100531813,573.2484100531813,-1497.4
15,38,29.264162930710988,6.186476270474591,6.186476270474591,386.8399031386537,933.1444810391886,103.11000000000001
15,39,635.5555190813385,inf,635.5555190813385,9934.762988232666,43028.290660468476,-47.120000000000005
15,40,inf,5.646487070258595,5.646487070258595,1879.4805171037415,1879.4805171037415,94.11000000000001
15,41,192.79154983394247,inf,192.79154983394247,2854.049152965065,12929.023791153035,-12.310000000000002
15,42,194.81776307846437,2.1455570888582223,2.1455570888582223,256.75721301916326,12772.270207485373,35.75999999999999
15,43,24.538081643917533,inf,24.538081643917533,423.9708583641684,558.5190270789897,-1497.4
15,44,inf,inf,inf,208.69377406562973,208.69377406562973,-1497.4
16,45,inf,inf,inf,568.484558598143,568.484558598143,-1514.0700000000002
16,46,inf,inf,inf,592.1722838004423,592.1722838004423,-1547.3700000000001
16,2,inf,inf,inf,690.3042213540435,690.3042213540435,-518.54
16,3,379.1516311223318,1.9907601847963043,1.9907601847963043,5593.383645501705,14097.21931477922,33.18000000000001
16,4,377.9446694811921,1.0259794804103897,1.0259794804103897,3208.4103373506755,20474.632733750463,17.099999999999966
16,5,inf,15.380092398152033,15.380092398152033,1159.4483275649327,1159.4483275649327,256.34
16,6,154.64262793292906,inf,154.64262793292906,723.1137720461107,9944.674351851472,-13.650000000000034
16,7,inf,inf,inf,353.001931935497,353.001931935497,-1510.77
16,8,inf,inf,inf,1435.052512529309,1435.052512529309,-517.1800000000001
16,9,9.62519450384737,inf,9.62519450384737,102.38446457191138,173.739693856641,-46.44999999999999
16,460,inf,inf,inf,676.3963621976596,676.3963621976596,-1547.3700000000001
16,461,111.27468786791735,inf,111.27468786791735,851.1384967285267,4695.62551383919,-172.47000000000003
16,462,625.546265960313,2.8247435051298964,2.8247435051298964,8610.38003669498,18136.576804705168,47.079999999999984
16,463,903.3541715754714,1.5425691486170263,1.5425691486170263,4797.174474015866,10084.86499855687,25.70999999999998
16,464,519.1507503496047,4.061918761624766,4.061918761624766,8469.89833666969,32820.15961087462,67.69999999999999
16,465,1021.7274318536628,inf,1021.7274318536628,10945.877413381138,37393.91208553421,-4.689999999999998
16,466,163.38683454505176,inf,163.38683454505176,353.9403304848454,474.9238024783611,-1530.77
16,467,inf,inf,inf,380.10360414005817,380.10360414005817,-1547.3700000000001
16,468,6.3771970655339665,inf,6.3771970655339665,45.96122543079774,207.28108697410426,-1530.77
16,469,164.01594947196978,inf,164.01594947196978,699.9848513918736,710.8758538566741,-46.44999999999999
16,20,1355.5445110935882,inf,1355.5445110935882,6589.103969003993,19435.003949574308,-251.01500000000001
16,21,484.97369928949604,3.717525649487009,3.717525649487009,6851.529990548595,31727.330271076302,61.95999999999998
16,22,458.63810668955125,1.7945641087178235,1.7945641087178235,67.9232852898462,25378.812561319835,29.909999999999968
16,23,200.8732440211359,inf,200.8732440211359,2752.0587843960648,6608.496849887074,-48.94
16,24,360.9692560780828,0.5201895962080734,0.5201895962080734,2632.312061607671,27496.8985767426,8.669999999999959
16,25,22.248472087380538,inf,22.248472087380538,3.9887118019997096,25.452974828483264,-213.12
16,26,inf,inf,inf,485.04645849956563,485.04645849956563,-733.4100000000001
16,27,inf,inf,inf,133.88922336478274,133.88922336478274,-918.05
16,28,inf,inf,inf,600.1757845821315,600.1757845821315,-1530.77
16,29,inf,11.03017939641207,11.03017939641207,111.543651000559,111.543651000559,183.83999999999997
16,30,480.92538734967206,1.9889602207955825,1.9889602207955825,7668.052289517831,36589.84070729261,33.14999999999998
16,31,389.92785618782233,inf,389.92785618782233,783.3852549559026,34171.65057482844,-95.01000000000002
16,32,532.2235093522862,1.0613787724245514,1.0613787724245514,7996.755605285758,27638.29880243968,17.689999999999998
16,33,8.253621361340278,42.792944141117175,8.253621361340278,222.90716859419,443.50697098598914,713.23
16,35,inf,inf,inf,404.3275265570818,404.3275265570818,-1547.3700000000001
16,36,68.83256324754568,inf,68.83256324754568,82.93241027193734,82.98670966039022,-1547.3700000000001
16,37,inf,inf,inf,573.2500489066292,573.2500489066292,-1530.77
16,38,29.101730067646585,6.1864762704745875,6.1864762704745875,389.0583241102889,925.1677603514194,103.10999999999996
16,39,634.5952944534057,inf,634.5952944534057,9919.466407854448,42963.3557652332,-63.75999999999999
16,40,inf,4.646907061858761,4.646907061858761,1949.0438015092145,1949.0438015092145,77.44999999999999
16,41,191.78883926095486,inf,191.78883926095486,2837.822501244229,12862.117908262064,-29.060000000000002
16,42,194.06614924259222,1.13697726045479,1.13697726045479,255.27109269100148,12723.004296386678,18.94999999999999
16,43,23.191889605254257,inf,23.191889605254257,401.3557874687236,546.1670336848616,-1547.3700000000001
16,44,inf,inf,inf,208.69381319696882,208.69381319696882,-1530.77
17,45,inf,inf,inf,567.2569796277032,567.2569796277032,-1547.4399999999998
17,46,inf,inf,inf,592.1722273327659,592.1722273327659,-1564.04
17,2,inf,inf,inf,703.9486983511148,703.9486983511148,-551.88
17,3,377.9616636003341,1.0139797204055938,1.0139797204055938,5576.629198855806,14053.231687051977,16.900000000000034
17,4,377.94466731226186,inf,377.94466731226186,3208.4103965617724,20474.63260345971,0.4300000000000068
17,5,inf,14.374512509749803,14.374512509749803,1195.5831192961364,1195.5831192961364,239.57999999999998
17,6,153.89022911456806,inf,153.89022911456806,721.0621260986773,9896.436487436478,-30.560000000000002
17,7,inf,inf,inf,353.00208513860395,353.00208513860395,-1544.1399999999999
17,8,inf,inf,inf,1471.9827363894274,1471.9827363894274,-567.1899999999999
17,9,inf,inf,inf,173.74071207118394,173.74071207118394,-46.44999999999999
17,460,inf,inf,inf,676.3964512638199,676.3964512638199,-1564.04
17,461,110.63693473318604,inf,110.63693473318604,847.254297750049,4668.5203109288595,-189.17999999999998
17,462,624.599575724518,1.814363712725746,1.814363712725746,8596.867325113337,18109.621324971904,30.24000000000001
17,463,901.0951991386729,0.5435891282174358,0.5435891282174358,4785.713595002588,10057.746403283185,9.060000000000002
17,464,519.1507506684474,3.061738765224697,3.061738765224697,8469.898478113195,32820.15959046866,51.03000000000003
17,465,1020.3843724307907,inf,1020.3843724307907,10931.407437705153,37344.786672454975,-21.22999999999996
17,466,124.60495756621044,inf,124.60495756621044,320.27002254475315,476.24762314932013,-1564.04
17,467,inf,inf,inf,380.10366332264863,380.10366332264863,-1580.74
17,468,6.37719270664688,inf,6.37719270664688,45.96122543079774,207.28093756968096,-1564.04
17,469,165.0057927251176,inf,165.0057927251176,698.5322567912809,709.2076596205093,-46.44999999999999
17,20,1353.4324546870178,inf,1353.4324546870178,6578.156997300801,19404.863823610027,-267.67699999999996
17,21,484.0860030752449,2.7197456050879003,2.7197456050879003,6838.711168145662,31669.322697199987,45.33000000000004
17,22,457.35762476383235,0.7883842323153563,0.7883842323153563,67.92328528984619,25306.412510988972,13.140000000000043
17,23,200.87324747555604,inf,200.87324747555604,2752.0589365314418,6608.496896708886,-65.60999999999996
17,24,360.96925432644593,inf,360.96925432644593,2632.3121112828308,27496.898437221436,-8.0
17,25,2.1687689379392037,inf,2.1687689379392037,3.994916078500254,25.452848369220366,-224.99999999999997
17,26,inf,inf,inf,485.04646612419566,485.04646612419566,-750.0799999999999
17,27,inf,inf,inf,133.8893200329693,133.8893200329693,-934.72
17,28,inf,inf,inf,606.4092027399387,606.4092027399387,-1564.04
17,29,inf,10.029999400012,10.029999400012,111.5436952341286,111.5436952341286,167.17000000000002
17,30,479.96416124338776,0.966580668386633,0.966580668386633,7652.505188994653,36515.92080478924,16.110000000000014
17,31,389.11358909273673,inf,389.11358909273673,782.9280948574797,34100.26453205018,-111.65999999999997
17,32,532.2235091356092,0.06119877602448182,0.06119877602448182,7996.755726569033,27638.298747907687,1.0200000000000387
17,33,8.253620895179742,41.79276414471711,8.253620895179742,222.9072248243078,443.50687602975336,696.5600000000002
17,35,inf,inf,inf,420.2343712073437,420.2343712073437,-1580.74
17,36,inf,inf,inf,82.98766858376621,82.98766858376621,-1580.74
17,37,inf,inf,inf,573.2534950766673,573.2534950766673,-1580.74
17,38,28.94246390290611,6.185876282474351,6.185876282474351,391.2847518287708,917.2316767057706,103.10000000000002
17,39,633.6350702840333,inf,633.6350702840333,9904.170164061377,42898.42081309411,-80.57999999999998
17,40,inf,3.646727065458692,3.646727065458692,1949.0439096764637,1949.0439096764637,60.78000000000003
17,41,190.7861396312949,inf,190.7861396312949,2821.595931568472,12795.212565568172,-45.879999999999995
17,42,193.31454151873837,0.12059758804824189,0.12059758804824189,253.78493914065837,12673.738767314086,2.0100000000000477
17,43,23.191891935346554,inf,23.191891935346554,401.35581266988066,546.16694970364,-1564.04
17,44,inf,inf,inf,208.69385232841307,208.69385232841307,-1564.04
18,45,inf,inf,inf,565.673541536016,565.673541536016,-1580.7
18,46,inf,inf,inf,592.1737172456466,592.1737172456466,-1597.4
18,2,inf,inf,inf,718.1710775177922,718.1710775177922,-585.21
18,3,376.780378234279,inf,376.780378234279,5559.33130391922,14009.242802936216,0.6000000000000227
18,4,377.21341207736674,inf,377.21341207736674,3201.825156118714,20434.48514796929,-16.129999999999995
18,5,inf,13.372532549349012,13.372532549349012,1231.7187091749656,1231.7187091749656,222.88
18,6,153.14166077391735,inf,153.14166077391735,718.9255858604339,9848.199537859546,-47.55000000000001
18,7,inf,inf,inf,353.00223834171095,353.00223834171095,-1577.5
18,8,inf,inf,inf,1490.4697105694652,1490.4697105694652,-600.51
18,9,9.625197768374653,inf,9.625197768374653,102.38453496252114,173.73968397566256,-46.44999999999999
18,460,inf,inf,inf,676.3965403300033,676.3965403300033,-1614.1
18,461,109.99919222772563,inf,109.99919222772563,843.3700278662859,4641.415315455527,-205.87
18,462,623.6537661637778,0.8117837643247118,0.8117837643247118,8583.221258722859,18082.665888984942,13.529999999999973
18,463,898.5689294969314,inf,898.5689294969314,4772.701686586636,10030.627518487252,-7.75
18,464,518.1745596991299,2.0855582888342226,2.0855582888342226,8454.420237625829,32759.222293206836,34.75999999999999
18,465,1019.0413086334128,inf,1019.0413086334128,10916.937650248696,37295.66101589506,-37.89999999999998
18,466,100.79649530155332,inf,100.79649530155332,293.8697681410974,477.2761711128851,-1597.4
18,467,inf,inf,inf,380.10372250529167,380.10372250529167,-1614.1
18,468,6.377188347760154,inf,6.377188347760154,45.96122543079774,207.28078816526317,-1597.4
18,469,166.46448541277346,inf,166.46448541277346,697.1463478296424,707.5631616314405,-46.44999999999999
18,20,1351.3094808028684,inf,1351.3094808028684,6567.52042869461,19374.72371684101,-284.18399999999997
18,21,483.19831387335074,1.7159656806863874,1.7159656806863874,6825.892291089036,31611.315615265397,28.600000000000023
18,22,456.0352391260341,inf,456.0352391260341,67.92328528984618,25234.01173254127,-3.660000000000025
18,23,199.7067860594575,inf,199.7067860594575,2735.446791087884,6570.523911328115,-82.08999999999997
18,24,360.15841064799076,inf,360.15841064799076,2627.231912543005,27435.6287997962,-25.100000000000023
18,25,1.546338967691779,inf,1.546338967691779,3.9956455202260934,25.452697050465098,-241.66
18,26,inf,inf,inf,485.046473748874,485.046473748874,-766.74
18,27,inf,inf,inf,133.88941670126144,133.88941670126144,-951.38
18,28,inf,inf,inf,612.9794920635284,612.9794920635284,-1597.4
18,29,inf,10.030599388012236,10.030599388012236,115.32814660543302,115.32814660543302,167.17999999999995
18,30,478.97071347888203,inf,478.97071347888203,7636.483918894634,36441.99940970031,-0.9700000000000273
18,31,388.2993271784698,inf,388.2993271784698,782.4710338450261,34028.87890018812,-128.12
18,32,531.3206781263285,inf,531.3206781263285,7983.423455118525,27592.312639157375,-15.910000000000025
18,33,7.700504112464637,41.795164096718054,7.700504112464637,217.28887034868717,403.16778137184434,696.5999999999999
18,35,inf,inf,inf,437.78738669133605,437.78738669133605,-1614.1
18,36,68.84575646561511,inf,68.84575646561511,82.93337732709153,82.98765776024447,-1614.1
18,37,inf,inf,inf,573.255344122591,573.255344122591,-1614.1
18,38,35.68211854613129,5.543289134217314,5.543289134217314,340.72716549639574,909.337920548907,92.38999999999999
18,39,632.6748457984082,inf,632.6748457984082,9888.873583683164,42833.48592241931,-97.48000000000002
18,40,inf,2.655546889062218,2.655546889062218,2018.724966187135,2018.724966187135,44.25999999999999
18,41,189.783434696226,inf,189.783434696226,2805.3691978025586,12728.306671430573,-62.670000000000016
18,42,192.55794711984987,inf,192.55794711984987,252.29601576390303,12624.472891345882,-15.050000000000011
18,43,22.562455873083145,inf,22.562455873083145,389.6217274092899,539.6735388244089,-1597.4
18,44,inf,inf,inf,208.69389145996252,208.69389145996252,-1597.4
19,45,inf,inf,inf,563.7347473805218,563.7347473805218,-1614.0700000000002
19,46,inf,inf,inf,592.1754092907172,592.1754092907172,-1630.77
19,2,inf,inf,inf,732.8810222840872,732.8810222840872,-618.54
19,3,375.6286692704364,inf,375.6286692704364,5543.0983100974845,13965.25510776107,-15.960000000000036
19,4,375.7308668338052,inf,375.7308668338052,3189.1358360156446,20354.18974728719,-32.44
19,5,inf,12.36395272094558,12.36395272094558,1267.8548620354475,1267.8548620354475,206.07
19,6,152.3930885136423,inf,152.3930885136423,716.7893902292418,9799.96207670639,-64.66000000000003
19,7,inf,inf,inf,353.0023915448179,353.0023915448179,-1610.77
19,8,inf,inf,inf,1508.972371451853,1508.972371451853,-633.85
19,9,inf,inf,inf,173.73967903519255,173.73967903519255,-46.44999999999999
19,460,inf,inf,inf,676.3966293962094,676.3966293962094,-1647.3700000000001
19,461,109.36146255276441,inf,109.36146255276441,839.4858288878081,4614.310591175752,-222.57000000000002
19,462,622.7075221258189,inf,622.7075221258189,8569.641869736799,18055.71049694019,-3.080000000000041
19,463,896.3050390304772,inf,896.3050390304772,4761.316796241531,10003.50904887215,-24.54000000000002
19,464,517.226550731532,1.097378052438949,1.097378052438949,8439.268445886284,32698.286496294193,18.289999999999964
19,465,1017.6982397836645,inf,1017.6982397836645,10902.467362071957,37246.53533184448,-54.53000000000003
19,466,84.62268518749106,inf,84.62268518749106,272.5614708075972,478.00842610029525,-1630.77
19,467,inf,inf,inf,380.10378168798724,380.10378168798724,-1647.3700000000001
19,468,6.377183988873787,inf,6.377183988873787,45.96122543079774,207.280638760851,-1630.77
19,469,167.74445100228715,inf,167.74445100228715,695.7111324326705,705.8927539840965,-46.44999999999999
19,20,1349.197441347307,inf,1349.197441347307,6556.573889359272,19344.584097107258,-300.836
19,21,482.3217851717446,0.7055858882822338,0.7055858882822338,6813.56110139032,31553.30984102187,11.759999999999991
19,22,454.7267974574021,inf,454.7267974574021,67.92328528984618,25161.61059079416,-20.29000000000002
19,23,198.54032436946744,inf,198.54032436946744,2718.8346023448476,6532.550697343862,-98.63
19,24,359.3621022149209,inf,359.3621022149209,2621.7607022556253,27374.359356635592,-41.98000000000002
19,25,1.5463300068459334,inf,1.5463300068459334,3.9956455199552656,25.452545731732563,-258.33000000000004
19,26,inf,inf,inf,485.04648137360056,485.04648137360056,-783.4100000000001
19,27,inf,inf,inf,133.8895133696591,133.8895133696591,-968.05
19,28,inf,inf,inf,619.9212858198877,619.9212858198877,-1630.77
19,29,inf,9.100017999640007,9.100017999640007,137.01873330982903,137.01873330982903,151.67000000000002
19,30,477.99865910810223,inf,477.99865910810223,7620.827407042891,36368.07806098775,-18.090000000000032
19,31,387.48510038419334,inf,387.48510038419334,782.079395390534,33957.492948987696,-144.64000000000001
19,32,530.4370882256546,inf,530.4370882256546,7970.268599491602,27546.326532243467,-32.80000000000001
19,33,7.195813022583072,41.79096418071638,7.195813022583072,211.67066991984413,363.72148762038415,696.53
19,35,inf,inf,inf,456.9953300142647,456.9953300142647,-1647.3700000000001
19,36,inf,inf,inf,82.98861317247095,82.98861317247095,-1647.3700000000001
19,37,inf,inf,inf,573.2569489622265,573.2569489622265,-1647.3700000000001
19,38,36.082066704271234,4.255714885702286,4.255714885702286,338.83233534521537,901.4894097386122,70.93
19,39,631.7306727141056,inf,631.7306727141056,9873.78002591099,42768.55103404163,-114.42000000000002
19,40,inf,1.6577668446631062,1.6577668446631062,2088.512059389202,2088.512059389202,27.629999999999995
19,41,188.77599036774893,inf,188.77599036774893,2789.074217971144,12661.401323081178,-79.62
19,42,192.55794480245888,inf,192.55794480245888,252.2960297172524,12624.472739073426,-31.720000000000027
19,43,21.960515272290724,inf,21.960515272290724,377.60818735576476,532.9804285262148,-1630.77
19,44,inf,inf,inf,208.69393059161706,208.69393059161706,-1630.77
20,45,inf,inf,inf,561.4415441237514,561.4415441237514,-1647.4399999999998
20,46,inf,inf,inf,592.1768639467246,592.1768639467246,-1664.04
20,2,inf,inf,inf,747.9628824497174,747.9628824497174,-651.88
20,3,374.4543617929909,inf,374.4543617929909,5526.336896404568,13921.267270202346,-32.47999999999996
20,4,374.9895983002777,inf,374.9895983002777,3182.791064587694,20314.04229224027,-49.06999999999999
20,5,inf,11.354772904541912,11.354772904541912,1303.9920211573676,1303.9920211573676,189.25000000000006
20,6,151.64460314718625,inf,151.64460314718625,714.6785800118258,9751.724799623551,-81.73999999999995
20,7,inf,inf,inf,353.0025447479249,353.0025447479249,-1644.1399999999999
20,8,inf,inf,inf,1527.4867141799316,1527.4867141799316,-667.19
20,9,9.625139802977916,inf,9.625139802977916,102.38391337970614,173.73864731146628,-46.44999999999999
20,460,inf,inf,inf,676.3967184624386,676.3967184624386,-1680.74
20,461,108.72374392323691,inf,108.72374392323691,835.6015590040453,4587.206082762015,-239.25999999999996
20,462,621.7613075906756,inf,621.7613075906756,8556.062842431615,18028.75588211842,-19.869999999999948
20,463,893.9121344822371,inf,893.9121344822371,4749.078192178498,9976.390625631722,-41.11999999999995
20,464,516.2644625149819,0.09599808003840059,0.09599808003840059,8423.953541880906,32637.350704952125,1.6000000000000227
20,465,1016.3551760148475,inf,1016.3551760148475,10887.997574615494,37197.40967576243,-71.08999999999997
20,466,72.90881833714216,inf,72.90881833714216,254.26542711121323,478.4408733965056,-1664.04
20,467,inf,inf,inf,380.1038408707353,380.1038408707353,-1680.74
20,468,6.37717962998778,inf,6.37717962998778,45.96122543079774,207.28048935644435,-1664.04
20,469,169.1695110350489,inf,169.1695110350489,694.2785338711478,704.2155718563293,-46.44999999999999
20,20,1347.0799256744394,inf,1347.0799256744394,6545.782358508563,19314.44402900538,-317.55699999999996
20,21,481.4229482079732,inf,481.4229482079732,6800.254711500389,31495.302275704104,-4.939999999999998
20,22,453.41836243643235,inf,453.41836243643235,67.92328528984616,25089.20981536973,-37.039999999999964
20,23,197.37325277037803,inf,197.37325277037803,2702.167674816491,6494.577593060026,-115.00999999999999
20,24,358.5585406967553,inf,358.5585406967553,2616.485219707674,27313.090892346572,-58.95999999999998
20,25,1.5463210460038788,inf,1.5463210460038788,3.995645519695896,25.45239441302277,-275.0
20,26,inf,inf,inf,485.0464889983754,485.0464889983754,-800.0799999999999
20,27,inf,inf,inf,133.8896100381623,133.8896100381623,-984.72
20,28,inf,inf,inf,634.6888956300714,634.6888956300714,-1680.74
20,29,inf,7.169256614867706,7.169256614867706,152.64234017714685,152.64234017714685,119.49000000000007
20,30,477.0478880333339,inf,477.0478880333339,7605.534263283666,36294.15816085676,-35.10999999999996
20,31,386.67079784565857,inf,386.67079784565857,781.5568959782175,33886.10702994049,-161.35999999999999
20,32,528.6686948650839,inf,528.6686948650839,7944.089011305394,27454.35519016135,-50.14999999999998
20,33,6.764797430584947,41.79276414471711,6.764797430584947,206.05216479095617,325.4922986486097,696.5600000000002
20,35,inf,inf,inf,477.80150199339755,477.80150199339755,-1680.74
20,36,68.85849643436197,inf,68.85849643436197,82.93434015509209,82.9886023512158,-1680.74
20,37,inf,inf,inf,573.2587980083457,573.2587980083457,-1680.74
20,38,29.195655056059724,2.3249535009299813,2.3249535009299813,392.80621209677344,893.6855449445396,38.75
20,39,629.7941726103,inf,629.7941726103,9842.983701182731,42638.68128907975,-131.39999999999998
20,40,inf,0.6509869802603961,0.6509869802603961,2228.3638955649244,2228.3638955649244,10.850000000000023
20,41,187.77332223217783,inf,187.77332223217783,2772.847843405535,12594.495793798616,-96.58999999999997
20,42,191.80636361584894,inf,191.80636361584894,250.8100353842211,12575.207632428232,-48.89999999999998
20,43,21.38434550760995,inf,21.38434550760995,365.3162191326334,526.0972134361441,-1664.04
20,44,inf,inf,inf,208.69396972337674,208.69396972337674,-1664.04
21,45,inf,inf,inf,558.7953596686797,558.7953596686797,-1680.7
21,46,inf,inf,inf,592.1785573366933,592.1785573366933,-1697.4
21,2,inf,inf,inf,763.3295099901642,763.3295099901642,-685.21
21,3,373.2800491012361,inf,373.2800491012361,5509.575117936493,13877.279325315323,-48.920000000000016
21,4,374.24832460802486,inf,374.24832460802486,3176.4464341425487,20273.89452712455,-65.74000000000001
21,5,inf,10.335393292134155,10.335393292134155,1340.129869733984,1340.129869733984,172.26
21,6,150.89613604241617,inf,150.89613604241617,712.5678563486814,9703.488483124931,-98.86000000000001
21,7,inf,inf,inf,353.0026979510319,353.0026979510319,-1677.5
21,8,inf,inf,inf,1546.014571056642,1546.014571056642,-700.51
21,9,inf,inf,inf,173.73864237099266,173.73864237099266,-46.44999999999999
21,460,inf,inf,inf,676.3968075286908,676.3968075286908,-1714.1
21,461,108.0860380533054,inf,108.0860380533054,831.7173245729251,4560.101839311457,-255.88
21,462,620.778766298982,inf,620.778766298982,8542.08101265622,18001.80057854981,-36.69999999999999
21,463,891.5234313047856,inf,891.5234313047856,4736.759481274686,9949.271925677382,-57.69999999999999
21,464,515.3023744883026,inf,515.3023744883026,8408.638637875527,32576.41491921188,-15.120000000000005
21,465,1015.0121166492256,inf,1015.0121166492256,10873.527598939507,37148.28426364108,-87.69
21,466,64.01388990754165,inf,64.01388990754165,237.50405084980832,478.5709079320958,-1697.4
21,467,inf,inf,inf,380.103900053536,380.103900053536,-1714.1
21,468,6.377175271102134,inf,6.377175271102134,45.96122543079774,207.28033995204328,-1697.4
21,469,171.97295985954045,inf,171.97295985954045,691.309591444967,700.7757215532888,-29.779999999999973
21,20,1344.9569853536193,inf,1344.9569853536193,6535.145071994785,19284.303980369634,-334.341
21,21,480.5352592821858,inf,480.5352592821858,6787.4358344437605,31437.295202380046,-21.569999999999993
21,22,452.10992087802435,inf,452.10992087802435,67.92328528984616,25016.808676672135,-53.56999999999999
21,23,196.2074359852891,inf,196.2074359852891,2685.610231935544,6456.604970296788,-131.52999999999997
21,24,356.9513900009573,inf,356.9513900009573,2605.9334159045643,27190.551878356728,-75.99000000000001
21,25,1.546312085165601,inf,1.546312085165601,3.9956455194484946,25.452243094335692,-291.65999999999997
21,26,inf,inf,inf,485.0464966231986,485.0464966231986,-816.74
21,27,inf,inf,inf,133.88970670677105,133.88970670677105,-1001.38
21,28,inf,inf,inf,642.4958001745541,642.4958001745541,-1714.1
21,29,inf,5.1694966100677995,5.1694966100677995,170.17369996171803,170.17369996171803,86.16000000000003
21,30,476.06518034749917,inf,476.06518034749917,7589.696279477119,36220.23676815216,-52.0
21,31,385.856534591409,inf,385.856534591409,781.0998088118093,33814.72115640311,-178.23
21,32,527.7672397131639,inf,527.7672397131639,7930.629667081756,27408.36908881031,-67.14999999999998
21,33,6.4540195909598115,41.795164096718054,6.4540195909598115,200.43437024454184,288.96473204173867,696.5999999999999
21,35,inf,inf,inf,500.29286640264786,500.29286640264786,-1714.1
21,36,68.86397726211693,inf,68.86397726211693,82.93433799598735,82.98859153103754,-1714.1
21,37,inf,inf,inf,573.2602276881762,573.2602276881762,-1714.1
21,38,28.345963567762006,0.3257934841303178,0.3257934841303178,400.31945923309394,885.9297855583308,5.430000000000007
21,39,628.8339488005121,inf,628.8339488005121,9827.68745738966,42573.74634846427,-148.29000000000002
21,40,inf,inf,inf,2298.4122710332867,2298.4122710332867,-5.7900000000000205
21,41,186.7753708792193,inf,186.7753708792193,2756.6863195253077,12527.591180936544,-113.57999999999998
21,42,191.04982344466015,inf,191.04982344466015,249.32114142670443,12525.941429961098,-66.07
21,43,20.83689217295972,inf,20.83689217295972,352.7851862254359,519.0435346900201,-1697.4
21,44,inf,inf,inf,208.6940088552416,208.6940088552416,-1697.4
22,45,inf,inf,inf,555.7977705588834,555.7977705588834,-1714.0700000000002
22,46,inf,inf,inf,592.1798410847086,592.1798410847086,-1730.77
22,2,inf,inf,inf,778.9158706121709,778.9158706121709,-718.54
22,3,372.1057542894911,inf,372.1057542894911,5492.8137031593005,13833.291906212844,-65.50999999999999
22,4,373.5070464179329,inf,373.5070464179329,3170.101468644519,20233.746567099675,-82.54000000000002
22,5,inf,9.317813643727126,9.317813643727126,1376.2694079598148,1376.2694079598148,155.3
22,6,150.1477436738804,inf,150.1477436738804,710.4821123305418,9655.251638690752,-115.81
22,7,inf,inf,inf,353.00285480183203,353.00285480183203,-1710.77
22,8,inf,inf,inf,1564.555792130447,1564.555792130447,-733.85
22,9,inf,inf,inf,173.73863705049695,173.73863705049695,-46.44999999999999
22,460,inf,inf,inf,676.3968987155919,676.3968987155919,-1730.77
22,461,107.44834459292535,inf,107.44834459292535,827.833091001707,4532.997847075549,-272.54
22,462,619.832590502123,inf,619.832590502123,8528.502218458942,17974.845319077518,-53.58000000000004
22,463,889.1305420951988,inf,889.1305420951988,4724.521100739499,9922.153622941534,-74.34000000000003
22,464,514.3402866601633,inf,514.3402866601633,8393.32373723785,32515.479138619343,-31.670000000000016
22,465,1013.6690530037127,inf,1013.6690530037127,10859.057814608055,37099.158610754544,-104.47000000000003
22,466,51.42728414412503,inf,51.42728414412503,209.75158030359586,477.9283403494715,-1747.3700000000001
22,467,inf,inf,inf,380.10396064550537,380.10396064550537,-1730.77
22,468,6.3771708084338705,inf,6.3771708084338705,45.96122543079774,207.28018699040038,-1730.77
22,469,173.4193007724253,inf,173.4193007724253,689.7611670553399,698.9931088614753,-29.78000000000003
22,20,1344.9569969820352,inf,1344.9569969820352,6535.145172529138,19284.304127729632,-351.011
22,21,479.6475635140245,inf,479.6475635140245,6774.6170148791525,31379.28764122066,-38.22000000000003
22,22,450.80148603416393,inf,450.80148603416393,67.92328528984615,24944.407907971756,-70.23000000000002
22,23,195.0410105106336,inf,195.0410105106336,2668.998090114256,6418.6324738259855,-148.17000000000002
22,24,356.9513882078021,inf,356.9513882078021,2605.933466762465,27190.551735520698,-92.66000000000003
22,25,1.546302910977568,inf,1.546302910977568,3.995645519213569,25.45208817284628,-308.33000000000004
22,26,inf,inf,inf,485.0465044296152,485.0465044296152,-833.4100000000001
22,27,inf,inf,inf,133.8898056771227,133.8898056771227,-1018.05
22,28,inf,inf,inf,650.5773788897993,650.5773788897993,-1747.3700000000001
22,29,inf,4.169316613667727,4.169316613667727,170.173621063558,170.173621063558,69.49000000000001
22,30,475.09309990509786,inf,475.09309990509786,7574.039625644295,36146.31501384969,-68.73000000000002
22,31,385.04227228643913,inf,385.04227228643913,780.6427582145292,33743.33532313053,-194.87
22,32,527.7672394915162,inf,527.7672394915162,7930.6297912551945,27408.369032985942,-83.82
22,33,6.359339432473002,41.79096418071638,6.359339432473002,194.81152846069227,254.86962845863738,696.53
22,35,inf,inf,inf,500.292791471235,500.292791471235,-1730.77
22,36,68.86756847029596,inf,68.86756847029596,82.93433799352593,82.98858585747205,-1730.77
22,37,inf,inf,inf,573.2602714534838,573.2602714534838,-1730.77
22,38,28.345959172274426,inf,28.345959172274426,400.3194183629948,885.9296319851117,-11.240000000000009
22,39,627.8737246803964,inf,627.8737246803964,9812.390880377296,42508.81146878703,-165.07
22,40,inf,inf,inf,2298.4123853748806,2298.4123853748806,-22.460000000000036
22,41,185.77268893554566,inf,185.77268893554566,2740.4625115397803,12460.686028275872,-130.35000000000002
22,42,190.3032289503034,inf,190.3032289503034,247.8697870202529,12476.675618966863,-82.97000000000003
22,43,20.312409797193855,inf,20.312409797193855,339.983311123934,511.82902080544545,-1730.77
22,44,inf,inf,inf,208.69404891892646,208.69404891892646,-1730.77
23,45,inf,inf,inf,552.4504833281168,552.4504833281168,-1747.4399999999998
23,46,inf,inf,inf,592.1815331306112,592.1815331306112,-1764.04
23,2,inf,inf,inf,794.6446934898904,794.6446934898904,-751.88
23,3,370.9314470145767,inf,370.9314470145767,5476.051924691227,13789.30404614125,-82.04999999999995
23,4,372.7657727370781,inf,372.7657727370781,3163.7568381993733,20193.598802285112,-99.34999999999997
23,5,inf,8.293634127317457,8.293634127317457,1412.4091665680305,1412.4091665680305,138.23000000000008
23,6,149.4031981376823,inf,149.4031981376823,708.3637345684838,9607.015020730538,-132.60999999999996
23,7,inf,inf,inf,353.00300800493903,353.00300800493903,-1744.1399999999999
23,8,inf,inf,inf,1583.1085582709125,1583.1085582709125,-767.19
23,9,inf,inf,inf,173.73863211004996,173.73863211004996,-46.44999999999999
23,460,inf,inf,inf,676.3969877818906,676.3969877818906,-1780.74
23,461,106.81066441451036,inf,106.81066441451036,823.9488920232291,4505.894132242179,-289.09999999999997
23,462,618.9221761926315,inf,618.9221761926315,8515.39080077003,17947.890100374236,-70.38999999999999
23,463,886.7376655940976,inf,886.7376655940976,4712.282692527021,9895.0353874154,-90.94999999999999
23,464,513.3781990164442,inf,513.3781990164442,8378.008833232472,32454.543364177527,-48.31
23,465,1012.325993667039,inf,1012.325993667039,10844.587838932073,37050.03319911755,-121.19999999999999
23,466,46.79575916455386,inf,46.79575916455386,198.69938028253506,477.15491195501704,-1780.74
23,467,inf,inf,inf,380.1040198284124,380.1040198284124,-1764.04
23,468,6.377166449548954,inf,6.377166449548954,45.96122543079775,207.2800375860106,-1764.04
23,469,175.12862873413246,inf,175.12862873413246,688.2233001942745,697.2042900993264,-29.789999999999964
23,20,1342.8395768343862,inf,1342.8395768343862,6524.3538237403445,19254.165251808136,-367.95799999999997
23,21,477.87218116776535,inf,477.87218116776535,6748.978912378136,31263.27325078142,-55.19
23,22,449.4793146093998,inf,449.4793146093998,67.92328528984615,24872.005677963534,-86.82999999999998
23,23,193.87458448283007,inf,193.87458448283007,2652.385865148511,6380.659745090999,-164.94
23,24,356.1478104223797,inf,356.1478104223797,2600.6576488355877,27129.282012427015,-109.63
23,25,1.5462939501467783,inf,1.5462939501467783,3.9956455189921383,25.451936854205215,-325.0
23,26,inf,inf,inf,485.0465120545361,485.0465120545361,-850.0799999999999
23,27,inf,inf,inf,133.88990234594505,133.88990234594505,-1034.72
23,28,inf,inf,inf,658.8650300416606,658.8650300416606,-1780.74
23,29,inf,2.8127437451251005,2.8127437451251005,188.96728441929068,188.96728441929068,46.88000000000005
23,30,474.121023946255,inf,474.121023946255,7558.382744432425,36072.39366835173,-85.46999999999997
23,31,384.2280151102137,inf,384.2280151102137,780.1856607360683,33671.94989825199,-211.61999999999998
23,32,526.899699289614,inf,526.899699289614,7917.974392322869,27362.384086105514,-100.94
23,33,6.7172010993130025,41.79276414471711,6.7172010993130025,189.19339643297906,224.31955707111916,696.5600000000002
23,35,inf,inf,inf,524.4417927910297,524.4417927910297,-1764.04
23,36,68.87638700842379,inf,68.87638700842379,82.93530003313406,82.98953586520801,-1780.74
23,37,inf,inf,inf,573.2621204998756,573.2621204998756,-1764.04
23,38,28.200407719360726,inf,28.200407719360726,402.4410935858698,878.2166909419386,-44.579999999999984
23,39,626.9135010166896,inf,626.9135010166896,9797.094636584226,42443.87653285309,-181.71999999999997
23,40,inf,inf,inf,2368.5321978720076,2368.5321978720076,-38.95999999999998
23,41,184.76536967311273,inf,184.76536967311273,2724.1689688591064,12393.78143333217,-147.28999999999996
23,42,189.5564877639581,inf,189.5564877639581,246.35439122119723,12427.409824162392,-99.67999999999995
23,43,19.808626966678414,inf,19.808626966678414,326.93209567031715,504.45788601197387,-1764.04
23,44,inf,inf,inf,208.69408805100414,208.69408805100414,-1764.04
24,45,inf,inf,inf,548.7561518669014,548.7561518669014,-1780.7
24,46,inf,inf,inf,592.183023044489,592.183023044489,-1797.4
24,2,inf,inf,inf,810.4434966035403,810.4434966035403,-785.21
24,3,369.7571424870704,inf,369.7571424870704,5459.290146223152,13745.316229083184,-98.52999999999997
24,4,372.0245042264148,inf,372.0245042264148,3157.412066771427,20153.451347842292,-116.22000000000003
24,5,inf,7.279654406911863,7.279654406911863,1448.5506043941095,1448.5506043941095,121.33000000000004
24,6,147.90625596773526,inf,147.90625596773526,704.1419452318825,9510.542922337703,-149.41000000000003
24,7,inf,inf,inf,353.0031612080461,353.0031612080461,-1777.5
24,8,inf,inf,inf,1601.674922731721,1601.674922731721,-800.52
24,9,22.80277547512812,inf,22.80277547512812,156.38463206317678,173.73759717388336,-57.170000000000016
24,460,inf,inf,inf,676.3970768482124,676.3970768482124,-1814.1
24,461,106.16877305681082,inf,106.16877305681082,820.0717834547689,4478.790651376202,-305.53
24,462,617.9763873772495,inf,617.9763873772495,8501.745319251848,17920.934931018015,-87.17000000000002
24,463,884.2051510954744,inf,884.2051510954744,4699.441638750969,9867.916473008596,-107.36000000000001
24,464,512.4161115658287,inf,512.4161115658287,8362.693929227094,32393.607595432735,-65.12
24,465,1010.9829299559538,inf,1010.9829299559538,10830.118051475612,37000.90754400144,-137.76999999999998
24,466,42.90258742090255,inf,42.90258742090255,188.67749461685392,476.0778581510496,-1814.1
24,467,inf,inf,inf,380.10407901137194,380.10407901137194,-1797.4
24,468,6.377162090664398,inf,6.377162090664398,45.96122543079775,207.27988818162638,-1797.4
24,469,176.77215357631243,inf,176.77215357631243,686.6385437730725,695.3789102057782,-29.779999999999973
24,20,1340.55761411953,inf,1340.55761411953,6512.739377790111,19224.025367465034,-384.968
24,21,476.98449123711066,inf,476.98449123711066,6736.160319153514,31205.266026658734,-71.91000000000003
24,22,448.1845900128893,inf,448.1845900128893,67.92328528984615,24799.60490874511,-103.49000000000001
24,23,191.5417683902132,inf,191.5417683902132,2619.1613788265395,6304.715002046787,-181.60000000000002
24,24,355.35142371201994,inf,355.35142371201994,2595.189384707897,27068.013932937392,-126.52999999999997
24,25,1.5462849893196597,inf,1.5462849893196597,3.995645518784455,25.451785535586875,-341.65999999999997
24,26,inf,inf,inf,485.0465196795052,485.0465196795052,-866.74
24,27,inf,inf,inf,133.88999901487293,133.88999901487293,-1051.38
24,28,inf,inf,inf,667.3373503214141,667.3373503214141,-1814.1
24,29,inf,3.030539389212215,3.030539389212215,228.70942717655205,228.70942717655205,50.50999999999999
24,30,473.1489435443192,inf,473.1489435443192,7542.72608715603,35998.4719161298,-102.10000000000002
24,31,384.2280133662463,inf,384.2280133662463,780.1856650671307,33671.94974523623,-228.28
24,32,525.9989113727937,inf,525.9989113727937,7904.451789117893,27316.39798851278,-117.95999999999998
24,33,8.303282837921444,41.795164096718054,8.303282837921444,183.57880109167994,198.95681955359183,696.5999999999999
24,35,inf,inf,inf,550.0891641116423,550.0891641116423,-1797.4
24,36,68.8816371881494,inf,68.8816371881494,82.9352975076644,82.98952504839941,-1814.1
24,37,inf,inf,inf,573.265531639028,573.265531639028,-1814.1
24,38,28.063854765089587,inf,28.063854765089587,404.6656075889932,870.5525830136155,-77.91000000000003
24,39,625.9532770396221,inf,625.9532770396221,9781.798056206006,42378.94165847622,-198.23000000000002
24,40,inf,inf,inf,2438.717652161225,2438.717652161225,-55.54000000000002
24,41,183.767349215915,inf,183.767349215915,2708.009125875322,12326.876669630501,-164.0
24,42,188.80487823834147,inf,188.80487823834147,244.868270893035,12378.144054298331,-116.30000000000001
24,43,19.326292375521014,inf,19.326292375521014,313.6331207866975,496.9395531209753,-1797.4
24,44,inf,inf,inf,208.69412718318696,208.69412718318696,-1797.4
25,45,inf,inf,inf,544.7183488697617,544.7183488697617,-1814.0700000000002
25,46,inf,inf,inf,592.1871059437103,592.1871059437103,-1830.77
25,2,inf,inf,inf,826.2498154140478,826.2498154140478,-818.54
25,3,233.10629233180094,inf,233.10629233180094,1978.3333419444627,13701.325742464524,-114.94
25,4,405.6621251861699,inf,405.6621251861699,5398.0445493580555,20113.303023256067,-133.2
25,5,inf,6.274674506509868,6.274674506509868,1484.6896870679664,1484.6896870679664,104.57999999999998
25,6,180.92194938786838,inf,180.92194938786838,2558.3425736595987,9462.3067999071,-166.33000000000004
25,7,inf,inf,inf,353.0033513419223,353.0033513419223,-1810.77
25,8,inf,inf,inf,1620.2506487210603,1620.2506487210603,-833.85
25,9,10.131884284530464,inf,10.131884284530464,39.38633653266773,173.7349836222875,-78.62
25,460,inf,inf,inf,676.3992883067467,676.3992883067467,-1847.3700000000001
25,461,128.33239191708049,inf,128.33239191708049,1639.582306991351,4451.686007342189,-321.93
25,462,410.8617542633665,inf,410.8617542633665,805.5946292584842,17920.932323267843,-103.84000000000003
25,463,471.80573814520966,inf,471.80573814520966,5661.329755432896,9840.799162594603,-123.65000000000003
25,464,724.3247827950157,inf,724.3247827950157,2565.68310332914,32332.67441757917,-81.94
25,465,622.1632437571102,inf,622.1632437571102,7957.977852952154,36951.7803902277,-154.34000000000003
25,466,inf,inf,inf,474.7044742360868,474.7044742360868,-1847.3700000000001
25,467,inf,inf,inf,380.10654411619834,380.10654411619834,-1830.77
25,468,9.922745941818816,inf,9.922745941818816,105.25518865301513,207.27916042707974,-1830.77
25,469,26.259835853052024,inf,26.259835853052024,426.65245256585786,693.5068099355198,-29.78000000000003
25,20,551.7603038679748,inf,551.7603038679748,7774.28444580906,19193.88448332666,-401.741
25,21,715.4572245104634,inf,715.4572245104634,5509.27800674259,31147.26097665899,-88.78000000000003
25,22,348.36036728925393,inf,348.36036728925393,5705.80599589265,24727.20378347288,-120.11000000000001
25,23,286.8584715413415,inf,286.8584715413415,1394.39919502891,6266.745154060684,-198.36
25,24,392.7510395920758,inf,392.7510395920758,5498.270776368868,27006.743158100173,-143.57
25,25,inf,inf,inf,25.45204383340653,25.45204383340653,-358.33000000000004
25,26,29.27375528344819,inf,29.27375528344819,52.36874281745954,485.04392217469007,-883.4100000000001
25,27,10.889705840988677,inf,10.889705840988677,90.39237083260183,133.88807200886737,-1068.05
25,28,inf,inf,inf,676.0201113660127,676.0201113660127,-1847.3700000000001
25,29,inf,3.0305393892122114,3.0305393892122114,249.14761390848454,249.14761390848454,50.509999999999934
25,30,396.3913259592541,inf,396.3913259592541,534.065420581933,35924.5479387653,-118.55000000000001
25,31,461.43080093983906,inf,461.43080093983906,6947.759420581574,33600.563864388285,-245.07000000000002
25,32,439.8479722057296,inf,439.8479722057296,2142.953390583301,27224.42456849732,-135.18
25,33,5.907282268429767,41.79096418071638,5.907282268429767,153.3698888962922,180.96942634109652,696.53
25,35,inf,inf,inf,577.1888192491373,577.1888192491373,-1830.77
25,36,inf,inf,inf,82.99308699279304,82.99308699279304,-1847.3700000000001
25,37,inf,inf,inf,573.269675281774,573.269675281774,-1847.3700000000001
25,38,44.57295828645949,inf,44.57295828645949,142.0070635779166,862.9362570922311,-111.24000000000001
25,39,518.7093869933133,inf,518.7093869933133,1102.5056341273637,42314.00421268792,-214.59000000000003
25,40,inf,inf,inf,2579.261994352256,2579.261994352256,-72.27000000000004
25,41,243.50063536911966,inf,243.50063536911966,121.19055138579633,12259.974713493637,-180.8
25,42,237.98598277819195,inf,237.98598277819195,3839.789030827317,12328.87764617191,-132.86
25,43,133.35051323651405,inf,133.35051323651405,475.06688544346144,489.3059602590666,-1830.77
25,44,inf,inf,inf,208.69668817173851,208.69668817173851,-1830.77
26,45,35.299035414425404,inf,35.299035414425404,501.4416460940341,540.3352699800772,-1847.4399999999998
26,46,inf,inf,inf,592.1861697478071,592.1861697478071,-1864.04
26,2,inf,inf,inf,842.0113910206799,842.0113910206799,-851.88
26,3,480.6996436451958,inf,480.6996436451958,2383.5113968589626,13657.34039279657,-131.46999999999997
26,4,625.850594794086,inf,625.850594794086,8261.818121594191,20073.156941592548,-150.13
26,5,inf,5.2810943781124395,5.2810943781124395,1520.8309901594218,1520.8309901594218,88.02000000000004
26,6,206.6236906602643,inf,206.6236906602643,3443.5753491694736,9414.071962750257,-183.25
26,7,inf,inf,inf,353.0034676142602,353.0034676142602,-1844.1399999999999
26,8,inf,inf,inf,1638.8402027394193,1638.8402027394193,-867.19
26,9,inf,inf,inf,173.73857472579584,173.73857472579584,-110.79999999999995
26,460,205.9308197423555,inf,205.9308197423555,670.1630654901494,676.3972549809245,-1880.74
26,461,210.26447173721706,inf,210.26447173721706,2741.945395537023,4424.584137876009,-338.47999999999996
26,462,1690.3963087511418,inf,1690.3963087511418,3419.012962802549,17893.97978827025,-120.65999999999997
26,463,313.814137739179,inf,313.814137739179,4673.454242588156,9813.680291159513,-140.07
26,464,415.771481674468,inf,415.771481674468,363.34194649723395,32271.736075163324,-98.54999999999995
26,465,992.9944383939792,inf,992.9944383939792,11049.181326591932,36902.65466127704,-170.83999999999997
26,466,26.835150990980114,inf,26.835150990980114,397.41426119348995,473.0329097048337,-1880.74
26,467,44.54269958088324,inf,44.54269958088324,355.78864290982136,380.10419737744866,-1864.04
26,468,15.341698100581322,inf,15.341698100581322,172.12180184341838,207.27958937287463,-1864.04
26,469,inf,inf,inf,691.5994047289129,691.5994047289129,-29.789999999999964
26,20,819.8397433038275,inf,819.8397433038275,10754.479894579625,19163.745407943632,-418.572
26,21,423.980165951175,inf,423.980165951175,2954.658616427706,31089.25158572708,-105.63999999999999
26,22,346.8929974886605,inf,346.8929974886605,5557.024309499032,24654.80264547012,-136.63
26,23,116.3291128320164,inf,116.3291128320164,594.6297814044684,6228.770832387067,-214.91999999999996
26,24,488.76494605017956,inf,488.76494605017956,7510.262465454818,26884.206653971512,-161.15999999999997
26,25,7.124027203905658,inf,7.124027203905658,24.859869885714392,25.45148289841841,-375.0
26,26,inf,inf,inf,485.0465349295883,485.0465349295883,-900.0799999999999
26,27,inf,inf,inf,133.8901923530453,133.8901923530453,-1084.72
26,28,inf,inf,inf,684.8818408415414,684.8818408415414,-1880.74
26,29,inf,3.0305393892122185,3.0305393892122185,269.7422371832036,269.7422371832036,50.51000000000005
26,30,622.2614982187247,inf,622.2614982187247,1747.4297716615151,35850.628821692306,-134.92999999999995
26,31,471.5538885306443,inf,471.5538885306443,8161.900618613384,33529.18012205998,-261.89
26,32,882.5138829174508,inf,882.5138829174508,5986.583073325229,27178.440914246246,-152.06
26,33,inf,41.79276414471711,41.79276414471711,172.6877392338789,172.6877392338789,696.5600000000002
26,35,inf,inf,inf,605.7832969274448,605.7832969274448,-1864.04
26,36,4.80695488423908,inf,4.80695488423908,58.273724160269325,82.99046952162217,-1880.74
26,37,inf,inf,inf,573.2690205581958,573.2690205581958,-1880.74
26,38,73.55393387519835,inf,73.55393387519835,794.9677416419335,855.3710183554217,-144.57999999999998
26,39,866.8516371936655,inf,866.8516371936655,2831.8112990391323,42249.07185764202,-231.10999999999996
26,40,inf,inf,inf,2649.615513922197,2649.615513922197,-89.07
26,41,145.80411044335034,inf,145.80411044335034,103.15321976344332,12193.068108054895,-197.69
26,42,255.1692765432382,inf,255.1692765432382,3894.0490941913026,12279.612211665619,-149.32999999999998
26,43,14.700416603271183,inf,14.700416603271183,37.573600923410055,481.57660490034004,-1864.04
26,44,18.01987883009024,inf,18.01987883009024,183.35216654461968,208.69420544786806,-1864.04
27,45,inf,inf,inf,535.6526191269558,535.6526191269558,-1880.7
27,46,inf,inf,inf,592.1902879058222,592.1902879058222,-1897.4
27,2,inf,inf,inf,857.7123133666873,857.7123133666873,-885.21
27,3,231.61945788862252,inf,231.61945788862252,1967.0602403780117,13613.35080945381,-148.13
27,4,404.8409881753538,inf,404.8409881753538,5386.857160141635,20073.15543883399,-166.79000000000002
27,5,inf,4.292914141717162,4.292914141717162,1556.9700366182224,1556.9700366182224,71.54999999999995
27,6,179.0616025275197,inf,179.0616025275197,2529.425240768117,9365.835928980676,-199.95999999999998
27,7,inf,inf,inf,353.00365774810444,353.00365774810444,-1877.5
27,8,inf,inf,inf,1638.8380526888818,1638.8380526888818,-883.85
27,9,9.449750574459335,inf,9.449750574459335,113.27750148540373,173.73595357345926,-144.13
27,460,inf,inf,inf,676.3994664389459,676.3994664389459,-1897.4
27,461,126.74508432347255,inf,126.74508432347255,1617.540046637203,4397.480452456542,-354.9
27,462,409.01040595438985,inf,409.01040595438985,804.5865328626932,17840.067101031487,-137.5
27,463,469.19173170339326,inf,469.19173170339326,5629.118464037218,9786.562375097565,-156.47000000000003
27,464,721.5961255253525,inf,721.5961255253525,2556.873138993557,32210.80286033725,-115.25999999999999
27,465,620.5082362170266,inf,620.5082362170266,7936.631932693526,36853.527507985804,-187.33999999999997
27,466,inf,inf,inf,473.0349675115577,473.0349675115577,-1897.4
27,467,inf,inf,inf,380.1066624816309,380.1066624816309,-1897.4
27,468,9.922729720162824,inf,9.922729720162824,105.25497838673753,207.2788616175054,-1897.4
27,469,26.192822477260513,inf,26.192822477260513,426.78573977802455,689.6309487927679,-29.779999999999973
27,20,550.0117536925084,inf,550.0117536925084,7748.740385287078,19133.60503121051,-435.298
27,21,712.7898733116355,inf,712.7898733116355,5488.157876522568,31031.24801063718,-122.55000000000001
27,22,346.32170658889646,inf,346.32170658889646,5672.779975185975,24582.401888257875,-153.04000000000002
27,23,283.4001958728141,inf,283.4001958728141,1379.3853437228524,6190.801238747692,-231.33999999999997
27,24,390.96536264114064,inf,390.96536264114064,5472.142499691197,26884.20543595059,-177.82
27,25,inf,inf,inf,25.451741201154125,25.451741201154125,-391.65999999999997
27,26,29.273758209878963,inf,29.273758209878963,52.369048732118905,485.04393742495165,-916.74
27,27,10.889739263307604,inf,10.889739263307604,90.39267674726119,133.88826535017313,-1101.38
27,28,inf,inf,inf,693.9161872933043,693.9161872933043,-1914.1
27,29,inf,2.030959380812385,2.030959380812385,269.7439142130363,269.7439142130363,33.85000000000002
27,30,395.5757022022195,inf,395.5757022022195,533.138735717969,35850.626214635544,-151.58999999999997
27,31,459.4632081246919,inf,459.4632081246919,6915.8904741749075,33457.79432698467,-278.53
27,32,439.10428557202573,inf,439.10428557202573,2139.035362346546,27178.438422082516,-168.72000000000003
27,33,inf,42.79114417711646,42.79114417711646,188.86589004915012,188.86589004915012,713.2
27,35,inf,inf,inf,635.8181139869612,635.8181139869612,-1897.4
27,36,inf,inf,inf,82.99403511495558,82.99403511495558,-1914.1
27,37,inf,inf,inf,573.2715680936581,573.2715680936581,-1897.4
27,38,43.68606611332715,inf,43.68606611332715,126.56728093942134,847.8566229751866,-177.91000000000003
27,39,517.1281288241212,inf,517.1281288241212,1099.637234886152,42184.13441663389,-247.75
27,40,inf,inf,inf,2649.6138889898066,2649.6138889898066,-105.73000000000002
27,41,240.84364093449008,inf,240.84364093449008,123.01915387916637,12126.166560322603,-214.35000000000002
27,42,236.0827886410765,inf,236.0827886410765,3809.96158011163,12230.346205353655,-165.64
27,43,124.19380185264126,inf,124.19380185264126,457.13657966306386,473.85709775677964,-1897.4
27,44,inf,inf,inf,208.69676643568414,208.69676643568414,-1897.4
28,45,inf,inf,inf,530.6313479070068,530.6313479070068,-1914.0700000000002
28,46,inf,inf,inf,592.1917764764331,592.1917764764331,-1930.77
28,2,inf,inf,inf,873.3106543568379,873.3106543568379,-918.54
28,3,365.05990869287655,inf,365.05990869287655,5392.243430960025,13569.363168726994,-164.94999999999993
28,4,369.7908717588859,inf,369.7908717588859,3138.611025828899,20033.00767463812,-183.76999999999998
28,5,inf,3.3083338333233323,3.3083338333233323,1593.1112283238963,1593.1112283238963,55.139999999999986
28,6,144.91244212249848,inf,144.91244212249848,695.6960005679882,9317.600667283341,-216.55999999999995
28,7,inf,inf,inf,353.00381095119553,353.00381095119553,-1910.77
28,8,inf,inf,inf,1657.4358493063094,1657.4358493063094,-906.46
28,9,50.03461048573236,inf,50.03461048573236,172.79072176349334,173.73592659203518,-177.46999999999997
28,460,inf,inf,inf,676.39955550508,676.39955550508,-1947.37
28,461,103.62241480486425,inf,103.62241480486425,804.525129183343,4370.3780757166205,-371.47999999999996
28,462,614.1914613043947,inf,614.1914613043947,8447.426619010308,17813.112850986723,-154.39
28,463,874.6352107104906,inf,874.6352107104906,4650.492557650708,9759.44443159767,-172.84999999999997
28,464,508.56780683849155,inf,508.56780683849155,8301.435652739021,32149.86711471466,-131.85999999999996
28,465,1005.6106016659658,inf,1005.6106016659658,10772.239185635917,36804.40185384653,-203.75999999999993
28,466,34.25008273432461,inf,34.25008273432461,160.42054889984465,471.0705437887205,-1930.77
28,467,inf,inf,inf,380.10672166442606,380.10672166442606,-1930.77
28,468,6.3771090681157325,inf,6.3771090681157325,45.9586170689636,207.27871221272662,-1947.37
28,469,184.1266549607591,inf,184.1266549607591,679.8619414304314,687.6294868750633,-29.779999999999973
28,20,1332.2521430232994,inf,1332.2521430232994,6470.396648956076,19103.46510124746,-452.09099999999995
28,21,473.4337900757052,inf,473.4337900757052,6684.886624076544,30973.240960974206,-139.22999999999996
28,22,442.9508318873759,inf,442.9508318873759,67.92589365168024,24510.00076068322,-169.44999999999993
28,23,186.87631521877904,inf,186.87631521877904,2552.7128318543,6152.829335670853,-247.98999999999995
28,24,352.1196226160696,inf,352.1196226160696,2573.9104020957343,26822.935780148127,-195.04999999999995
28,25,1.5462989186247615,inf,1.5462989186247615,3.9982538799375678,25.451589885062063,-408.3299999999999
28,26,inf,inf,inf,485.0439450501549,485.0439450501549,-933.41
28,27,inf,inf,inf,133.8883620209843,133.8883620209843,-1118.05
28,28,inf,inf,inf,703.1337688311007,703.1337688311007,-1947.37
28,29,inf,2.0303593928121453,2.0303593928121453,290.39710120271803,290.39710120271803,33.84000000000003
28,30,470.21169374359386,inf,470.21169374359386,7495.397337241973,35776.702971509214,-167.86999999999995
28,31,380.96365236893195,inf,380.96365236893195,778.3729010273502,33386.40724856717,-295.0799999999999
28,32,522.4621812739715,inf,522.4621812739715,7852.09381100959,27132.452332110617,-185.69999999999993
28,33,inf,42.79294414111718,42.79294414111718,210.83096111850156,210.83096111850156,713.2300000000001
28,35,inf,inf,inf,667.1739757763802,667.1739757763802,-1930.77
28,36,68.90954255316427,inf,68.90954255316427,82.9398318722971,82.99402430304623,-1947.37
28,37,inf,inf,inf,573.2732069482612,573.2732069482612,-1930.77
28,38,27.553317790172652,inf,27.553317790172652,413.52630671713337,840.3949381212723,-211.23999999999995
28,39,622.1123431493291,inf,622.1123431493291,9720.611401928212,42119.19949259839,-264.47999999999996
28,40,inf,inf,inf,2720.012398027582,2720.012398027582,-122.60999999999996
28,41,179.75225676255025,inf,179.75225676255025,2643.0377647090745,12059.262613587734,-230.83999999999997
28,42,185.78886430135665,inf,185.78886430135665,238.94695006550714,12181.079788533587,-181.92999999999995
28,43,17.7364551012563,inf,17.7364551012563,277.76650824748344,458.42813971474646,-1947.37
28,44,inf,inf,inf,208.6968055678147,208.6968055678147,-1930.77
29,45,inf,inf,inf,525.2751925507288,525.2751925507288,-1947.44
29,46,inf,inf,inf,592.1932650471996,592.1932650471996,-1964.04
29,2,inf,inf,inf,888.7607039758335,888.7607039758335,-951.8800000000001
29,3,363.8856406402533,inf,363.8856406402533,5375.482007803052,13525.376388152785,-181.88000000000005
29,4,369.0593955308109,inf,369.0593955308109,3132.0311120095193,19992.859910597468,-200.65000000000003
29,5,inf,2.309353812923742,2.309353812923742,1629.2529856485987,1629.2529856485987,38.49000000000001
29,6,144.16401261236854,inf,144.16401261236854,693.5851283982388,9269.36600260514,-233.32000000000005
29,7,inf,inf,inf,353.0039641542866,353.0039641542866,-1944.1399999999999
29,8,inf,inf,inf,1676.0398123781442,1676.0398123781442,-939.8
29,9,140.34998086911216,inf,140.34998086911216,172.7907217634934,173.73590987134438,-195.29000000000002
29,460,inf,inf,inf,676.3996445712372,676.3996445712372,-1980.7400000000002
29,461,102.98055004365501,inf,102.98055004365501,800.6315203307009,4343.276003093211,-387.91
29,462,613.1735528384771,inf,613.1735528384771,8433.051847670487,17786.157909414695,-171.42000000000002
29,463,872.2427538690725,inf,872.2427538690725,4638.255564429916,9732.326215263136,-189.22000000000003
29,464,507.6057203702942,inf,507.6057203702942,8286.120748733645,32088.931374952645,-148.40000000000003
29,465,1004.2675424172552,inf,1004.2675424172552,10757.769209959935,36755.27644368131,-220.18
29,466,30.096282712393084,inf,30.096282712393084,144.31122022304717,466.2531260615932,-1980.7400000000002
29,467,inf,inf,inf,380.1067808472738,380.1067808472738,-1964.04
29,468,6.377104709206003,inf,6.377104709206003,45.9586170689636,207.2785628079534,-1980.7400000000002
29,469,186.36702318418182,inf,186.36702318418182,678.08842250955,685.5989563832649,-29.790000000000077
29,20,1330.1400311975115,inf,1330.1400311975115,6459.452309590052,19073.32519140244,-468.74600000000004
29,21,472.5460950838635,inf,472.5460950838635,6672.067801673614,30915.233425220362,-156.10000000000002
29,22,441.6289068609772,inf,441.6289068609772,67.92589365168025,24437.598905142306,-185.74
29,23,185.70996863509566,inf,185.70996863509566,2536.100650188033,6114.857913692396,-264.78000000000003
29,24,351.3263984608445,inf,351.3263984608445,2569.000925118183,26761.667768416773,-212.12
29,25,1.5462899581186815,inf,1.5462899581186815,3.9982538798070237,25.451438568992753,-425.0
29,26,inf,inf,inf,485.0439526754064,485.0439526754064,-950.08
29,27,inf,inf,inf,133.888458691901,133.888458691901,-1134.72
29,28,inf,inf,inf,712.516264595199,712.516264595199,-1980.7400000000002
29,29,inf,3.030539389212215,3.030539389212215,331.5890495251462,331.5890495251462,50.50999999999999
29,30,469.2501190000036,inf,469.2501190000036,7479.919671915137,35702.78163014282,-184.07000000000005
29,31,380.15672338279705,inf,380.15672338279705,777.8976480695067,33315.02167486577,-311.56000000000006
29,32,521.5950481632123,inf,521.5950481632123,7839.3695827642705,27086.465903138702,-202.60000000000002
29,33,inf,42.794744105117886,42.794744105117886,239.02503242069855,239.02503242069855,713.2599999999999
29,35,inf,inf,inf,699.7701350739342,699.7701350739342,-1964.04
29,36,68.91441431513068,inf,68.91441431513068,82.93982887849273,82.99401362404663,-1980.7400000000002
29,37,inf,inf,inf,573.2748468208057,573.2748468208057,-1964.04
29,38,27.43683359602048,inf,27.43683359602048,415.7307975847511,832.9874653014014,-244.58000000000004
29,39,621.1521195456635,inf,621.1521195456635,9705.314821549988,42054.26463018842,-281.35
29,40,inf,inf,inf,2790.4545166476837,2790.4545166476837,-139.42000000000002
29,41,178.74965031314173,inf,178.74965031314173,2626.8114720088674,11992.359244462488,-247.32000000000005
29,42,185.04208379339377,inf,185.04208379339377,237.46342087246683,12131.814131142644,-198.29000000000002
29,43,17.507705049276165,inf,17.507705049276165,274.89273939465875,450.73420690542713,-1980.7400000000002
29,44,inf,inf,inf,208.69684470005043,208.69684470005043,-1964.04
30,45,240.08427037800394,inf,240.08427037800394,517.9551399500419,519.5895290492609,-1969.98
30,46,inf,inf,inf,592.1949608266642,592.1949608266642,-1986.68
30,2,inf,inf,inf,904.0328869393227,904.0328869393227,-974.49
30,3,324.38199102966485,inf,324.38199102966485,2025.626489490164,13481.388797828327,-188.21999999999997
30,4,441.98752218606126,inf,441.98752218606126,1300.7347591763983,19912.565719659895,-207.02999999999997
30,5,inf,5.488328256222969,5.488328256222969,1665.3943749580533,1665.3943749580533,32.610000000000014
30,6,171.41044780518385,inf,171.41044780518385,454.55880469574504,9221.131313319154,-239.21999999999997
30,7,inf,inf,inf,353.0040188696763,353.0040188696763,-1966.78
30,8,inf,inf,inf,1694.66058094417,1694.66058094417,-951.68
30,9,inf,inf,inf,173.73591443151824,173.73591443151824,-185.72999999999996
30,460,inf,inf,inf,676.3996763805847,676.3996763805847,-2003.3799999999999
30,461,133.22169365707595,inf,133.22169365707595,465.2835735279702,4316.174299858698,-393.5
30,462,640.9925586763823,inf,640.9925586763823,3137.7112184777393,17759.203021536967,-177.57
30,463,454.7332615398627,inf,454.7332615398627,1216.3693791982087,9705.20831464085,-195.07999999999998
30,464,518.3404303253726,inf,518.3404303253726,3232.518261384692,32027.99565418591,-154.32999999999998
30,465,823.3925918759592,inf,823.3925918759592,3310.6944796178514,36706.150445308354,-226.03999999999996
30,466,48.23159613555183,inf,48.23159613555183,376.4509203844391,463.40697119304224,-2003.3799999999999
30,467,inf,inf,inf,380.10680198401786,380.10680198401786,-1986.68
30,468,9.402241192603837,inf,9.402241192603837,45.95861706896359,207.27850944910713,-2003.3799999999999
30,469,412.1280585422386,inf,412.1280585422386,672.5039818491329,683.585318964126,-29.779999999999973
30,20,780.0283247763188,inf,780.0283247763188,1153.3674662690976,19043.185209251315,-474.649
30,21,508.8189865058258,inf,508.8189865058258,2463.8543562103396,30857.226425523262,-162.25
30,22,368.83462831145226,inf,368.83462831145226,67.92589365168024,24365.197682370366,-191.19
30,23,167.9347882486076,inf,167.9347882486076,796.5210231451725,6076.886272677599,-270.65999999999997
30,24,402.0643872937715,inf,402.0643872937715,1169.9858505986488,26700.398229883012,-218.26999999999998
30,25,4.337324691923611,inf,4.337324691923611,3.998253868505883,25.45138452754495,-430.93999999999994
30,26,inf,inf,inf,485.0439553987222,485.0439553987222,-956.02
30,27,inf,inf,inf,133.88849321725397,133.88849321725397,-1140.6599999999999
30,28,inf,inf,inf,722.0806934747455,722.0806934747455,-2003.3799999999999
30,29,inf,10.305131528013872,10.305131528013872,352.029109128377,352.029109128377,61.23000000000002
30,30,476.6776235648221,inf,476.6776235648221,2690.7718939911388,35628.858446607235,-189.67999999999995
30,31,432.1601293047043,inf,432.1601293047043,646.4807112460484,33243.63624725101,-317.40999999999997
30,32,561.0343514735773,inf,561.0343514735773,3164.242062126412,26994.494975048798,-209.21999999999997
30,33,inf,121.83718464412543,121.83718464412543,271.5012750443373,271.5012750443373,723.9200000000001
30,35,inf,inf,inf,733.6329784267781,733.6329784267781,-1986.68
30,36,101.61968756634333,inf,101.61968756634333,82.9398365767911,82.994006373473,-2003.3799999999999
30,37,inf,inf,inf,573.2766333548572,573.2766333548572,-1986.68
30,38,41.54994248315056,inf,41.54994248315056,495.3759740238876,825.6372058010751,-267.19
30,39,637.5451942860007,inf,637.5451942860007,3478.948822779143,42054.26462130617,-287.28999999999996
30,40,inf,inf,inf,2931.4550246052568,2931.4550246052568,-145.16999999999996
30,41,177.94038076250237,inf,177.94038076250237,768.4474745957542,11925.455727585982,-253.26
30,42,219.17204521347537,inf,219.17204521347537,20.399835113980632,12033.28202632434,-203.51999999999998
30,43,21.567533202790656,inf,21.567533202790656,201.80598829703345,443.05076120275015,-2003.3799999999999
30,44,inf,inf,inf,208.69685867587438,208.69685867587438,-1986.68
31,45,43.51120467601221,414.3373821420359,43.51120467601221,450.66743451206395,513.5793456829388,-1981.9
31,46,inf,417.8286956703531,417.8286956703531,592.1965219973407,592.1965219973407,-1998.6
31,2,inf,206.21119310935967,206.21119310935967,919.0549858953556,919.0549858953556,-986.37
31,3,292.4398958852981,38.39608638387725,38.39608638387725,1010.9982577323241,13437.401695382916,-183.66000000000003
31,4,553.0565981264219,42.305521292831315,42.305521292831315,1485.797317367265,19872.418123612606,-202.36
31,5,inf,inf,inf,1701.5357927134835,1701.5357927134835,37.26999999999998
31,6,211.87233676622512,49.04145673489014,49.04145673489014,102.1259202528656,9172.896967875588,-234.57999999999998
31,7,inf,413.64748186398515,413.64748186398515,353.0039750973646,353.0039750973646,-1978.6
31,8,inf,196.9602575627705,196.9602575627705,1713.2830864825978,1713.2830864825978,-942.12
31,9,inf,34.34449020550665,34.34449020550665,173.7359300121946,173.7359300121946,-164.27999999999997
31,460,inf,421.2991031296386,421.2991031296386,676.3996509331065,676.3996509331065,-2015.2
31,461,189.61553098661068,81.22844061631092,81.22844061631092,168.56762550598125,4289.073001547893,-388.53999999999996
31,462,671.580978541431,36.117324859406686,36.117324859406686,3725.454387752621,17732.24819642146,-172.76
31,463,306.94937359918015,39.77797754688186,39.77797754688186,200.96006987428382,9678.090372351951,-190.26999999999998
31,464,529.5802677813721,31.302657161373954,31.302657161373954,2303.2903630208148,31967.060314009228,-149.73000000000002
31,465,697.440994422257,46.2128655948822,46.2128655948822,2177.9405653999997,36657.02488906608,-221.05
31,466,134.82423584712862,421.2991031296386,134.82423584712862,454.5554180874499,460.2672507453915,-2015.2
31,467,inf,417.8286956703531,417.8286956703531,380.10678507462205,380.10678507462205,-1998.6
31,468,17.887992045535793,421.2991031296386,17.887992045535793,45.95861706896335,207.2785521361841,-2015.2
31,469,99.15981025231112,6.227917964585112,6.227917964585112,42.21706095036156,681.5422343273935,-29.789999999999964
31,20,551.2754927296407,98.18577132941694,98.18577132941694,1210.0758887899776,19013.045280059545,-469.652
31,21,551.2988044795703,32.96678025630841,32.96678025630841,2606.316959473095,30799.219146178464,-157.69
31,22,316.38150036647676,38.893650826835035,38.893650826835035,67.92589365168445,24292.79672757775,-186.04000000000002
31,23,153.10913180246806,55.566240879727395,55.566240879727395,825.1787435084373,6038.915099504231,-265.79
31,24,469.21387717104125,44.61355131394644,44.61355131394644,712.9183557277789,26577.859666357857,-213.39999999999998
31,25,inf,89.0933037860891,89.0933037860891,25.451427760702952,25.451427760702952,-426.15999999999997
31,26,2037.5723396092499,198.8668910584743,198.8668910584743,484.4429046369161,485.04395322006906,-951.24
31,27,44.36441311851805,237.4678569188636,44.36441311851805,103.87538709069182,133.88846559697052,-1135.88
31,28,inf,421.2991031296386,421.2991031296386,731.8263579042203,731.8263579042203,-2015.2
31,29,inf,inf,inf,372.3188768817955,372.3188768817955,82.67999999999995
31,30,484.3775620012046,38.56333493613196,38.56333493613196,2406.8598045825834,35554.937085952355,-184.45999999999998
31,31,500.9884710676498,65.34191875901575,65.34191875901575,473.3015230776891,33172.25095470375,-312.55
31,32,608.3458441696208,42.792632701273185,42.792632701273185,2629.5626677224072,26948.508962948483,-204.69
31,33,inf,inf,inf,306.9319247024279,306.9319247024279,745.4000000000001
31,35,inf,417.8286956703531,417.8286956703531,768.6251435854953,768.6251435854953,-1998.6
31,36,inf,421.2991031296386,421.2991031296386,82.99496878663984,82.99496878663984,-2015.2
31,37,inf,417.8286956703531,417.8286956703531,573.27821826604,573.27821826604,-1998.6
31,38,87.01870161591053,61.82760855476345,61.82760855476345,645.0989702715295,811.1064401179739,-295.74
31,39,653.816570655512,59.07218865636695,59.07218865636695,3329.0004497407476,41989.32979330058,-282.56
31,40,inf,29.31658060334916,29.31658060334916,3002.0083865035026,3002.0083865035026,-140.23000000000002
31,41,177.13263439119288,51.98503125457321,51.98503125457321,1129.6168065055529,11858.552431457103,-248.66000000000003
31,42,270.87284792029595,41.529906131750046,41.529906131750046,296.1118681778959,11984.016620856697,-198.64999999999998
31,43,28.212162318839074,421.2991031296386,28.212162318839074,32.55259138789916,435.38711878112434,-2015.2
31,44,inf,417.8286956703531,417.8286956703531,208.69684749521414,208.69684749521414,-1998.6
32,45,31.670331265738245,127.87529017281403,31.670331265738245,465.7938812958009,507.2475863920326,-1983.09
32,46,inf,128.94570544235233,128.94570544235233,592.195694699393,592.195694699393,-1999.69
32,2,inf,63.67874645344339,63.67874645344339,933.8062520234452,933.8062520234452,-987.53
32,3,443.37326254738906,10.861490843435647,10.861490843435647,2696.781176847334,13393.41649656573,-168.44
32,4,638.2594096824605,12.048620067062163,12.048620067062163,7428.366147292569,19872.419617034466,-186.85000000000002
32,5,inf,inf,inf,1737.6789024309403,1737.6789024309403,52.700000000000045
32,6,208.46146216320716,14.126257415527471,14.126257415527471,3211.2945886894713,9172.897637783863,-219.07
32,7,inf,127.66249677585763,127.66249677585763,353.00379590663266,353.00379590663266,-1979.79
32,8,inf,59.75754449316482,59.75754449316482,1731.9152444927397,1731.9152444927397,-926.72
32,9,inf,8.518184163012641,8.518184163012641,173.7385500244965,173.7385500244965,-132.10000000000002
32,460,198.84645308659591,128.94570544235233,128.94570544235233,668.3669124075714,676.3974458375039,-1999.69
32,461,214.84685649339482,24.04629868454991,24.04629868454991,2554.205154287297,4261.972839852136,-372.90999999999997
32,462,1537.9657755869355,10.126386381222597,10.126386381222597,177.18716859983536,17705.296018970108,-157.04000000000002
32,463,295.8048963268967,11.272891410884705,11.272891410884705,4095.251082537146,9650.971596538371,-174.82
32,464,418.52270443117453,8.661980913077121,8.661980913077121,1051.242412033027,31906.122046128265,-134.32999999999998
32,465,931.8916682482347,13.242197575444933,13.242197575444933,10709.156327505165,36607.89921321334,-205.36
32,466,25.838972684463414,128.94570544235233,25.838972684463414,389.89711072532555,460.26534321822845,-1999.69
32,467,46.5175279875615,128.94570544235233,46.5175279875615,353.2712782784915,380.10432419847837,-1999.69
32,468,17.278007398285837,130.0225689966469,17.278007398285837,174.2143612170421,207.27926922066536,-2016.39
32,469,inf,0.920815063193189,0.920815063193189,681.5443135775979,681.5443135775979,-14.279999999999973
32,20,745.1888870521934,29.26302553520764,29.26302553520764,9817.687920645034,18982.906391281216,-453.81100000000004
32,21,430.84170864366376,9.168171266443126,9.168171266443126,3474.164502704798,30799.21687436936,-142.18
32,22,332.29870408016296,10.96530822801135,10.96530822801135,4969.854278719534,24220.394209442344,-170.05
32,23,113.22259210266299,16.13812225947898,16.13812225947898,339.80797854916267,6000.941205376751,-250.26999999999998
32,24,493.7655773375805,12.760510704152695,12.760510704152695,6783.538178759402,26577.860874677925,-197.89
32,25,15.914420458920617,26.479881351560486,15.914420458920617,25.315471893858767,25.451158644410224,-410.65
32,26,inf,60.33853494970338,60.33853494970338,485.04655126917737,485.04655126917737,-935.73
32,27,inf,72.24464792365231,72.24464792365231,133.89039950155566,133.89039950155566,-1120.37
32,28,inf,128.94570544235233,128.94570544235233,731.8241842694307,731.8241842694307,-1999.69
32,29,inf,inf,inf,372.31744723897964,372.31744723897964,98.18999999999994
32,30,606.181174189042,10.867939128191903,10.867939128191903,524.4548288156426,35481.01796441674,-168.54000000000002
32,31,477.31193426039795,19.16172298168687,19.16172298168687,7712.638020802543,33100.86594746189,-297.15999999999997
32,32,862.9604077021935,12.1988651018829,12.1988651018829,4135.360452543107,26948.511451251612,-189.18
32,33,inf,inf,inf,344.38149161994016,344.38149161994016,777.6099999999999
32,35,inf,128.94570544235233,128.94570544235233,804.6515919386152,804.6515919386152,-1999.69
32,36,inf,128.94570544235233,128.94570544235233,82.99236726941308,82.99236726941308,-1999.69
32,37,inf,128.94570544235233,128.94570544235233,573.2772698920203,573.2772698920203,-1999.69
32,38,94.38938538813295,19.14495744132061,19.14495744132061,769.7645354538512,803.9307791015171,-296.9
32,39,844.2553648950542,17.222078927005416,17.222078927005416,1092.0231020606363,41859.46266804604,-267.08
32,40,inf,8.042300748001034,8.042300748001034,3002.009981494859,3002.009981494859,-124.72000000000003
32,41,143.00049369100802,15.041269022440032,15.041269022440032,369.0229565533898,11791.647116365315,-233.26
32,42,256.93779989947933,11.81325767345886,11.81325767345886,3607.7258719754313,11934.75162447441,-183.2
32,43,13.812365423280397,130.0225689966469,13.812365423280397,34.2415599380167,427.72650806983376,-2016.39
32,44,19.09318794987895,128.94570544235233,19.09318794987895,181.49022570617106,208.69428930335025,-1999.69
33,45,233.77592391170023,118.97882042359151,118.97882042359151,484.62693888272037,500.602985922262,-1983.02
33,46,inf,119.98080038399232,119.98080038399232,592.1997223161121,592.1997223161121,-1999.7200000000003
33,2,inf,59.25061498770024,59.25061498770024,948.2716090478074,948.2716090478074,-987.53
33,3,224.09726849736464,9.13121737565249,9.13121737565249,1520.4792704400197,13349.427395849872,-152.19000000000005
33,4,413.80217059034624,10.2069958600828,10.2069958600828,5865.342693899163,19832.27074177986,-170.12000000000006
33,5,inf,inf,inf,1773.8196932514356,1773.8196932514356,69.50999999999999
33,6,180.99990000191693,12.142557148857025,12.142557148857025,2606.165136023736,9124.663127624453,-202.38000000000005
33,7,inf,118.78682426351473,118.78682426351473,353.0036796342604,353.0036796342604,-1979.8200000000002
33,8,inf,54.60490790184196,54.60490790184196,1750.556573224239,1750.556573224239,-910.1
33,9,5.30315483640135,5.926081478370435,5.30315483640135,31.854779342121056,173.73495968019552,-98.77000000000004
33,460,inf,120.9827803443931,120.9827803443931,676.3994791626781,676.3994791626781,-2016.42
33,461,128.55193758766987,21.364372712545748,21.364372712545748,1703.1920270997243,4234.8711704084,-356.08000000000004
33,462,407.49828251966346,8.403431931361375,8.403431931361375,1588.3398777821953,17678.338711499244,-140.06000000000006
33,463,423.711921647252,9.500809983800325,9.500809983800325,5368.1050586595575,9623.854147141212,-158.35000000000002
33,464,717.5682179632968,7.064858702825946,7.064858702825946,1169.0191519192465,31845.188956080096,-117.75000000000006
33,465,600.8994019171781,11.30737385252295,11.30737385252295,6959.362170271081,36558.77156194511,-188.46000000000004
33,466,inf,119.98080038399232,119.98080038399232,456.84735562946395,456.84735562946395,-1999.7200000000003
33,467,inf,119.98080038399232,119.98080038399232,380.10667093631275,380.10667093631275,-1999.7200000000003
33,468,10.913740704796433,120.9827803443931,10.913740704796433,115.49629640031468,207.27884027396524,-2016.42
33,469,24.97848879240414,1.7867642647147073,1.7867642647147073,396.324519792149,677.4132107320958,-29.78000000000003
33,20,517.5597076914572,26.213835723285534,26.213835723285534,7074.471303609886,18952.765380037294,-436.90600000000006
33,21,720.4637878778213,7.535849283014341,7.535849283014341,4336.037751044584,30741.212146140988,-125.60000000000002
33,22,331.12327021907686,9.177416451670968,9.177416451670968,5434.207327609344,24147.992791108343,-152.96000000000004
33,23,265.8514710566754,14.01811963760725,14.01811963760725,1745.5658666312315,5962.972793503902,-233.64000000000004
33,24,395.8022343033392,10.867582648347035,10.867582648347035,5827.0126218259065,26516.5904887661,-181.13000000000005
33,25,inf,23.63832723345533,23.63832723345533,25.45171958456815,25.45171958456815,-393.98
33,26,29.103714551628663,55.142497150057,29.103714551628663,4.172730627879888,485.04393851426346,-919.0600000000001
33,27,9.90134945413892,66.22067558648827,9.90134945413892,78.26887726839173,133.88827916028254,-1103.7
33,28,inf,119.98080038399232,119.98080038399232,741.7693505883825,741.7693505883825,-1999.7200000000003
33,29,inf,inf,inf,392.433058653891,392.433058653891,131.52999999999997
33,30,391.72570635908517,9.091618167636648,9.091618167636648,1284.1789927348038,35407.09222153981,-151.53000000000003
33,31,465.99134499864346,16.833263334733306,16.833263334733306,7042.6869157443,33029.4810867528,-280.56000000000006
33,32,439.5597485228538,10.36419271614568,10.36419271614568,2928.137218848511,26902.52304237302,-172.74000000000007
33,33,inf,inf,inf,383.2663395312287,383.2663395312287,810.88
33,35,inf,119.98080038399232,119.98080038399232,841.7424336963455,841.7424336963455,-1999.7200000000003
33,36,inf,119.98080038399232,119.98080038399232,82.99497419132018,82.99497419132018,-1999.7200000000003
33,37,inf,119.98080038399232,119.98080038399232,573.2813280378531,573.2813280378531,-1999.7200000000003
33,38,45.04238350671752,17.81304373912522,17.81304373912522,105.40510674279672,796.8147657578606,-296.89000000000004
33,39,514.3438561442279,15.021899562008763,15.021899562008763,2080.6780989063095,41794.52523217751,-250.37000000000006
33,40,inf,6.465470690586191,6.465470690586191,3072.5938557813806,3072.5938557813806,-107.76000000000005
33,41,232.93634792787157,13.01193976120478,13.01193976120478,580.9427219651016,11724.747245672266,-216.87000000000006
33,42,238.34491478351063,10.00659986800264,10.00659986800264,3878.2081387968456,11885.486094869346,-166.78000000000003
33,43,174.10761841949252,120.9827803443931,120.9827803443931,412.33104957192165,420.08521414204193,-2016.42
33,44,inf,119.98080038399232,119.98080038399232,208.69677202598209,208.69677202598209,-1999.7200000000003
34,45,20.40761717489826,118.98062038759225,20.40761717489826,283.33787854996456,493.592326962657,-1983.0500000000002
34,46,inf,120.33659326813464,120.33659326813464,592.2030397661553,592.2030397661553,-2005.65
34,2,inf,59.2500149997,59.2500149997,962.4122554777097,962.4122554777097,-987.52
34,3,261.8303497872202,8.140037199256012,8.140037199256012,3604.112280647448,13305.4399071633,-135.66999999999996
34,4,766.3482621164732,9.197816043679122,9.197816043679122,6478.66632021763,19792.123549345753,-153.29999999999995
34,5,inf,inf,inf,1809.9619476587493,1809.9619476587493,86.45000000000005
34,6,286.6828418255661,11.150176996460068,11.150176996460068,550.7278676301395,9076.429767992391,-185.83999999999997
34,7,5.024840895553125e+17,118.78262434751304,118.78262434751304,353.0035264311693,353.0035264311693,-1979.75
34,8,inf,53.61012779744404,53.61012779744404,1769.2070109457295,1769.2070109457295,-893.52
34,9,inf,3.925721485570285,3.925721485570285,173.73498666257467,173.73498666257467,-65.42999999999995
34,460,108.4952118223153,120.33659326813464,108.4952118223153,550.378286235816,676.3993900965636,-2005.65
34,461,356.85469526114895,20.368392632147355,20.368392632147355,1849.0349680445186,4207.770907174207,-339.48
34,462,707.1393304265445,7.388252234955299,7.388252234955299,10122.458676870092,17651.382940573323,-123.13999999999999
34,463,224.1154807304249,8.51382972340553,8.51382972340553,971.979541479718,9596.736293992952,-141.89999999999998
34,464,540.7028404750394,6.06407871842563,6.06407871842563,8413.548026502998,31784.25328685908,-101.07
34,465,594.6073354052965,10.301193976120476,10.301193976120476,6476.781063795134,36509.64568130197,-171.69
34,466,inf,119.98260034799303,119.98260034799303,453.1413918991485,453.1413918991485,-1999.75
34,467,8307463570909324.0,119.98260034799303,119.98260034799303,380.1066117535626,380.1066117535626,-1999.75
34,468,inf,120.33659326813464,120.33659326813464,207.27898967874887,207.27898967874887,-2005.65
34,469,30.308209551135146,1.786764264714704,1.786764264714704,82.07928157085199,675.3314674238505,-29.779999999999973
34,20,414.5099966750572,25.20783584328313,25.20783584328313,2579.3331331202576,18922.624599121806,-420.139
34,21,606.7221880123104,6.534469310613785,6.534469310613785,8930.040389761662,30683.2049217572,-108.90999999999997
34,22,271.5244024391232,8.149037019259614,8.149037019259614,67.92589365166617,24075.590637568177,-135.82
34,23,138.5345512917919,13.017939641207173,13.017939641207173,2165.5358992423926,5962.972747047582,-216.96999999999997
34,24,577.3208602006265,9.859602807943839,9.859602807943839,3677.626267561448,26455.321195860797,-164.32999999999998
34,25,inf,22.638147237055254,22.638147237055254,25.451870900679722,25.451870900679722,-377.30999999999995
34,26,584.7860508408712,54.14231715365692,54.14231715365692,484.4429046369162,485.0439308891016,-902.39
34,27,12.732425578085252,65.22049559008819,12.732425578085252,103.8753870906923,133.88818248956184,-1087.03
34,28,inf,119.98260034799303,119.98260034799303,751.8990259316345,751.8990259316345,-1999.75
34,29,inf,inf,inf,432.05864350294024,432.05864350294024,181.52999999999997
34,30,491.3130081929052,8.077638447231054,8.077638447231054,8024.750091815638,35333.17087714168,-134.63
34,31,606.4484954611195,15.84508309833803,15.84508309833803,204.2458133655476,32958.09604170469,-264.09
34,32,670.2667191545281,9.372412551748964,9.372412551748964,9661.299940692124,26856.538225753964,-156.20999999999998
34,33,inf,inf,inf,423.19101002403966,423.19101002403966,844.2500000000001
34,35,inf,119.98260034799303,119.98260034799303,879.8615082418625,879.8615082418625,-1999.75
34,36,inf,119.98260034799303,119.98260034799303,82.99594055910063,82.99594055910063,-1999.75
34,37,inf,120.33659326813464,120.33659326813464,573.2846536818541,573.2846536818541,-2005.65
34,38,inf,17.813043739125217,17.813043739125217,789.7236857839547,789.7236857839547,-296.89
34,39,669.8988479429864,14.009719805603886,14.009719805603886,10887.391815523013,41729.59043177042,-233.5
34,40,inf,5.456890862182755,5.456890862182755,3143.209597241348,3143.209597241348,-90.94999999999999
34,41,174.36435920768835,12.01355972880542,12.01355972880542,3080.4018494088336,11657.84499831057,-200.22999999999996
34,42,364.9452621559856,9.028019439611205,9.028019439611205,876.9983934308622,11836.221251682775,-150.46999999999997
34,43,218.10806583476847,120.33659326813464,120.33659326813464,407.231983208679,412.45209973122354,-2005.65
34,44,4351509396822082.5,119.98260034799303,119.98260034799303,208.69673289394166,208.69673289394166,-1999.75
35,45,19.60190253645876,118.9830203395932,19.60190253645876,278.7504299711823,486.28163669613866,-1983.09
35,46,inf,119.33701325973479,119.33701325973479,592.2026774801843,592.2026774801843,-1988.99
35,2,inf,58.606827863442724,58.606827863442724,976.252821899151,976.252821899151,-976.8
35,3,260.9603289011837,7.140457190856182,7.140457190856182,3591.4288485156703,13261.452615757898,-119.00999999999999
35,4,764.7519794168794,8.179036419271613,8.179036419271613,6464.684203621178,19751.97504250522,-136.32
35,5,inf,inf,inf,1846.1052494497308,1846.1052494497308,103.38
35,6,285.15642535842863,10.151796964060717,10.151796964060717,546.2696092471698,9028.196295753312,-169.2
35,7,32.91782579486831,118.1430371392572,32.91782579486831,4.999339509778198,353.0033732280782,-1969.09
35,8,inf,52.62614747705045,52.62614747705045,1787.866112955892,1787.866112955892,-877.12
35,9,inf,1.9259614807703858,1.9259614807703858,173.73501364533578,173.73501364533578,-32.10000000000002
35,460,69.8159145795665,119.33701325973479,69.8159145795665,550.3782862358189,676.3993010304722,-1988.99
35,461,354.4575755625148,19.382612347753042,19.382612347753042,1835.7670867448849,4180.670967850067,-323.05
35,462,706.0856878088755,6.37307253854923,6.37307253854923,10107.820040940242,17624.428312100034,-106.22000000000003
35,463,223.48058262387437,7.52504949901002,7.52504949901002,968.4809464934233,9569.618517701714,-125.42000000000002
35,464,539.6797626495571,5.071098578028438,5.071098578028438,8397.19252251759,31723.319069965633,-84.51999999999998
35,465,593.8075439945218,9.304013919721605,9.304013919721605,6468.1613662087175,36460.52004464427,-155.07
35,466,inf,119.33701325973479,119.33701325973479,449.58632738917794,449.58632738917794,-1988.99
35,467,91.7551834276496,119.33701325973479,91.7551834276496,350.605932752127,380.1065525708651,-1988.99
35,468,inf,119.33701325973479,119.33701325973479,207.27913908353798,207.27913908353798,-1988.99
35,469,30.19768194452352,1.7873642527149467,1.7873642527149467,79.92331127317111,673.2285556315139,-29.79000000000002
35,20,413.86654685310714,24.20195596088078,24.20195596088078,2575.7665678126855,18892.484524219886,-403.374
35,21,604.4318735158993,5.537289254214916,5.537289254214916,8896.867951034137,30567.190578183618,-92.29000000000002
35,22,270.7078660362678,7.115857682846344,7.115857682846344,67.92589365169276,24003.189215370003,-118.60000000000002
35,23,137.66120836049367,12.012959740805185,12.012959740805185,2152.653290008921,5925.001661112166,-200.22000000000003
35,24,575.9819368490482,8.850422991540167,8.850422991540167,3668.4993971255917,26394.052400311066,-147.51
35,25,inf,21.638567228655422,21.638567228655422,25.452022216814065,25.452022216814065,-360.65
35,26,584.7897443279801,53.142737145257094,53.142737145257094,484.44290463691607,485.0439232639881,-885.73
35,27,12.732430285691741,64.22091558168836,12.732430285691741,103.8753870906918,133.88808581894665,-1070.37
35,28,inf,119.33701325973479,119.33701325973479,762.2000935672648,762.2000935672648,-1988.99
35,29,inf,inf,inf,451.54181833439736,451.54181833439736,214.86
35,30,490.2856859967659,7.062458750824985,7.062458750824985,8008.132282512159,35259.2492172829,-117.71000000000004
35,31,603.8217551715339,14.8785024299514,14.8785024299514,205.80736799756838,32815.32776232888,-247.98000000000002
35,32,667.9375888610997,8.390832183356334,8.390832183356334,9627.484047204482,26764.56576805387,-139.85000000000002
35,33,inf,inf,inf,463.88703801684517,463.88703801684517,877.6099999999999
35,35,inf,119.33701325973479,119.33701325973479,916.8493935259828,916.8493935259828,-1988.99
35,36,inf,119.33701325973479,119.33701325973479,82.99594425022256,82.99594425022256,-1988.99
35,37,123.27557791603596,119.33701325973479,119.33701325973479,550.5157404020354,573.2841797808658,-1988.99
35,38,inf,17.813643727125456,17.813643727125456,782.7670065621704,782.7670065621704,-296.9
35,39,668.8578265306497,13.004139917201655,13.004139917201655,10870.761221336763,41664.65563385229,-216.74
35,40,inf,4.445311093778126,4.445311093778126,3284.52335261648,3284.52335261648,-74.09000000000003
35,41,173.37050577831636,11.02177956440871,11.02177956440871,3064.3224442167425,11590.942621802262,-183.7
35,42,363.4462971407337,8.038039239215216,8.038039239215216,873.9937970448696,11786.956054013617,-133.97000000000003
35,43,3091.7681845760126,119.3010139797204,119.3010139797204,404.79786067935174,404.8205523254411,-1988.39
35,44,76.19116967313369,119.33701325973479,76.19116967313369,201.77540756162227,208.69669376200636,-1988.99
36,45,36.533556959095044,118.33683326333473,36.533556959095044,447.6269456535758,479.6092068465478,-1972.32
36,46,39.19478881704837,118.33683326333473,39.19478881704837,249.9969413408672,592.1998484464605,-1972.32
36,2,740.2985959655946,57.83044339113217,57.83044339113217,986.9603805870072,989.7454391401164,-963.86
36,3,452.4781296154589,6.151676966460669,6.151676966460669,2994.0160166128526,13217.467933969252,-102.52999999999997
36,4,647.9989451803307,7.159056818863622,7.159056818863622,7976.3159111851455,19711.828915683305,-119.32
36,5,inf,inf,inf,1882.249595395985,1882.249595395985,120.32999999999998
36,6,205.82640671224016,9.152216955660887,9.152216955660887,3355.7600254179715,8979.96363790468,-152.54000000000002
36,7,292.20906512046184,117.14285714285712,117.14285714285712,352.0746567526287,353.00317944651124,-1952.4199999999998
36,8,inf,51.644567108657824,51.644567108657824,1806.5367461914088,1806.5367461914088,-860.76
36,9,inf,0.5693886122277559,0.5693886122277559,173.7366051820056,173.7366051820056,-9.490000000000009
36,460,47.95871474131785,118.33683326333473,47.95871474131785,360.40263439861593,676.3970874513474,-1972.32
36,461,216.03505265983534,18.388432231355374,18.388432231355374,2644.0180214522484,4153.572438202,-306.48
36,462,1700.1717489636017,5.371692566148675,5.371692566148675,210.11463543426257,17597.476325020707,-89.52999999999997
36,463,288.251077081136,6.532069358612827,6.532069358612827,4226.552144389416,9542.500035144187,-108.87
36,464,409.2837610816672,4.082318353632928,4.082318353632928,1141.7157546537467,31662.380828166624,-68.04000000000002
36,465,943.1120604518944,8.315233695326091,8.315233695326091,11589.64817891251,36411.39590447856,-138.58999999999997
36,466,28.214687606144683,118.69082618347632,28.214687606144683,362.4472446818094,445.74535165788456,-1978.22
36,467,24.17561538945096,118.33683326333473,24.17561538945096,126.11031229234908,380.10408605696585,-1972.32
36,468,inf,118.33683326333473,118.33683326333473,207.2798703953905,207.2798703953905,-1972.32
36,469,inf,1.786764264714704,1.786764264714704,671.1056454131168,671.1056454131168,-29.779999999999973
36,20,748.5987301668785,23.193496130077396,23.193496130077396,10343.981153099014,18862.34536204004,-386.566
36,21,421.0503732421636,4.540709185816284,4.540709185816284,3657.369160174771,30509.18102972657,-75.68
36,22,327.7222966844418,6.0976780464390705,6.0976780464390705,5253.471791259798,23930.78668945602,-101.63
36,23,108.73543719833555,11.01037979240415,11.01037979240415,347.8749198938866,5887.028586906858,-183.51
36,24,493.55016989242586,7.829843403131937,7.829843403131937,7218.379694736852,26271.5135311947,-130.5
36,25,15.411780472325686,20.638387232255354,15.411780472325686,25.32651379601407,25.45176752146716,-343.98
36,26,inf,52.142557148857016,52.142557148857016,485.0465205872428,485.0465205872428,-869.06
36,27,inf,63.22073558528829,63.22073558528829,133.89001052308564,133.89001052308564,-1053.7
36,28,239.0948286322459,118.27083458330833,118.27083458330833,740.7177055515859,772.6815796052969,-1971.22
36,29,inf,inf,inf,470.78920706999435,470.78920706999435,248.19
36,30,613.3018319938884,6.059878802423951,6.059878802423951,539.0213379543668,35185.33046297673,-101.0
36,31,473.48334927116366,13.889722205555888,13.889722205555888,8150.436271425352,32743.94299336374,-231.5
36,32,887.4947273395,7.408051838963218,7.408051838963218,4495.4175670714485,26718.58224384905,-123.46999999999997
36,33,inf,inf,inf,505.16768355967366,505.16768355967366,910.8800000000001
36,35,inf,118.69082618347632,118.69082618347632,953.3351934815374,953.3351934815374,-1978.22
36,36,4.938062701099061,118.69082618347632,4.938062701099061,20.8607312112767,82.9933414152576,-1978.22
36,37,35.280129729003335,118.33683326333473,35.280129729003335,127.5397995587185,573.2811538472056,-1972.32
36,38,111.0502892492628,17.813043739125217,17.813043739125217,755.1214976875476,775.8494559014936,-296.89
36,39,859.0916043570685,11.990160196796062,11.990160196796062,1160.1469790956278,41599.72335354041,-199.83999999999997
36,40,inf,3.453530929381412,3.453530929381412,3355.2194799996623,3355.2194799996623,-57.56
36,41,137.83238770185503,10.029999400012,10.029999400012,381.26859231523315,11524.037876786779,-167.17000000000002
36,42,254.08430325247878,7.034859302813943,7.034859302813943,3810.0211094904216,11737.690821352217,-117.25
36,43,17.985630475206783,118.27083458330833,17.985630475206783,99.32786549169367,397.2035214351938,-1971.22
36,44,12.775991875823697,118.33683326333473,12.775991875823697,41.43491920655412,208.69413184178717,-1972.32
37,45,163.4456823214385,117.69064618707625,117.69064618707625,308.67098915505164,472.6592214969479,-1961.5500000000002
37,46,inf,117.33665326693466,117.33665326693466,592.2023296811997,592.2023296811997,-1955.65
37,2,inf,57.049859002819936,57.049859002819936,1002.908750597151,1002.908750597151,-950.8499999999999
37,3,221.15542313144948,5.165896682066356,5.165896682066356,1503.4842186165972,13173.478210852378,-86.09999999999997
37,4,410.44072429178044,6.13907721845563,6.13907721845563,5817.592706076218,19671.680041104853,-102.32
37,5,inf,inf,inf,1918.3923674881535,1918.3923674881535,137.26999999999998
37,6,177.136715866274,8.158636827263452,8.158636827263452,2545.2341774314864,8931.730507009424,-135.97999999999996
37,7,479.0376482870398,116.14267714645706,116.14267714645706,352.65785503683725,353.0030631742035,-1935.75
37,8,inf,50.64738705225895,50.64738705225895,1825.2120303680547,1825.2120303680547,-844.14
37,9,7.780539217538292,inf,7.780539217538292,27.159001249646426,173.7340269750355,7.180000000000007
37,460,inf,117.33665326693466,117.33665326693466,676.3991207777384,676.3991207777384,-1955.65
37,461,125.19335146926278,17.403251934961297,17.403251934961297,1655.2399136856452,4126.472089781284,-290.05999999999995
37,462,405.6558592959125,4.371512569748602,4.371512569748602,1583.8529020454798,17597.47375461094,-72.85999999999996
37,463,418.84342492432296,5.540889182216353,5.540889182216353,5305.022366241211,9515.383205815542,-92.34999999999997
37,464,712.0774804055022,3.0923381532369327,3.0923381532369327,1161.8103936153896,31601.44776243753,-51.539999999999964
37,465,597.6805831383306,7.334253314933698,7.334253314933698,6922.344874306718,36362.27007116144,-122.23999999999995
37,466,inf,118.05063898722025,118.05063898722025,441.6283915908193,441.6283915908193,-1967.5500000000002
37,467,inf,117.33665326693466,117.33665326693466,380.10643279651896,380.10643279651896,-1955.65
37,468,75.63121055584247,117.33665326693466,75.63121055584247,204.45777824544692,207.27944145039024,-1955.65
37,469,34.93464230768947,1.142977140457188,1.142977140457188,377.50932645992,668.9530232314962,-19.049999999999955
37,20,514.2636462510374,22.18857622847543,22.18857622847543,7027.533646842701,18832.20455874364,-369.817
37,21,713.6613542219712,3.54472910541789,3.54472910541789,4293.588529845233,30451.176317143567,-59.079999999999984
37,22,327.16218135189405,5.074098518029638,5.074098518029638,5369.943924430531,23858.385642979494,-84.57
37,23,260.81267987303016,10.002399952000959,10.002399952000959,1715.0160679771961,5849.060314093908,-166.70999999999998
37,24,392.13589013994624,6.829663406731863,6.829663406731863,5770.764273021859,26271.512591626022,-113.82999999999998
37,25,inf,19.638207235855276,19.638207235855276,25.452328451917488,25.452328451917488,-327.30999999999995
37,26,29.103711561738535,51.142377152456945,29.103711561738535,4.1738364409800175,485.0439078323584,-852.39
37,27,9.901287403702378,62.22055558888822,9.901287403702378,78.268151978559,133.88789017635793,-1037.03
37,28,inf,117.21065578688426,117.21065578688426,783.3305854489909,783.3305854489909,-1953.5500000000002
37,29,inf,inf,inf,470.7907406457233,470.7907406457233,264.86
37,30,388.4620622796458,5.052498950020998,5.052498950020998,1274.2331755585863,35111.406578930095,-84.20999999999998
37,31,460.9480602075033,12.908741825163494,12.908741825163494,6960.817794452881,32672.55945736757,-215.14999999999998
37,32,436.5410181905,6.407871842563146,6.407871842563146,2907.3193050581463,26718.579860634076,-106.79999999999995
37,33,inf,inf,inf,505.1679353118585,505.1679353118585,927.5500000000001
37,35,inf,118.05063898722025,118.05063898722025,989.2884228029194,989.2884228029194,-1967.5500000000002
37,36,inf,118.05063898722025,118.05063898722025,82.99595163284303,82.99595163284303,-1967.5500000000002
37,37,inf,117.33665326693466,117.33665326693466,573.2836158865499,573.2836158865499,-1955.65
37,38,43.289190707432525,17.813043739125217,17.813043739125217,73.48705508491201,768.9995868592197,-296.89
37,39,511.12688762461795,10.97378052438951,10.97378052438951,2069.064230298024,41534.78592764754,-182.89999999999998
37,40,inf,2.453350932981339,2.453350932981339,3355.217688837923,3355.217688837923,-40.889999999999986
37,41,227.62629129678916,9.038819223615526,9.038819223615526,574.2706904680374,11457.13895707172,-150.64999999999998
37,42,234.40792006505012,6.022079558408832,6.022079558408832,3815.9558776544554,11688.42537754134,-100.37
37,43,inf,117.27065458690826,117.27065458690826,397.2059260724738,397.2059260724738,-1954.5500000000002
37,44,inf,117.33665326693466,117.33665326693466,208.69661456674484,208.69661456674484,-1955.65
38,45,37.14744301338861,117.05105897882042,37.14744301338861,437.26087291451364,465.4349482478805,-1950.89
38,46,39.195991703627435,116.33707325853482,39.195991703627435,250.00338788285782,592.1999613797926,-1938.99
38,2,529.8979070747746,56.26747465050698,56.26747465050698,1009.3606076062955,1015.681944701171,-937.81
38,3,449.45360196407483,4.171716565668688,4.171716565668688,2972.528994135835,13129.49426026564,-69.53000000000003
38,4,645.3884688206125,5.131697366052681,5.131697366052681,7943.594763807593,19631.534221723887,-85.53000000000003
38,5,inf,inf,inf,1954.5366266040676,1954.5366266040676,154.20000000000005
38,6,203.64409843948624,7.153656926861463,7.153656926861463,3322.5888691958476,8883.498379124248,-119.23000000000002
38,7,292.2046799905057,115.14309713805723,115.14309713805723,352.074324970646,353.0028730402971,-1919.09
38,8,inf,49.65260694786104,49.65260694786104,1843.8966691228131,1843.8966691228131,-827.56
38,9,inf,inf,inf,173.73663368538618,173.73663368538618,19.060000000000002
38,460,47.958657616859064,116.33707325853482,47.958657616859064,360.40174982687614,676.3969093187214,-1938.99
38,461,213.29930558376762,16.41567168656627,16.41567168656627,2611.244509011963,4099.374570598137,-273.6
38,462,1697.2887500538613,3.3599328013439727,3.3599328013439727,208.74990690721506,17570.521814789885,-56.0
38,463,285.82875898256447,4.562308753824924,4.562308753824924,4192.6883636833345,9461.147440877343,-76.04000000000002
38,464,407.70799291155106,2.097558048839025,2.097558048839025,1136.447713055795,31540.509532433196,-34.960000000000036
38,465,940.5686113323193,6.342473150536991,6.342473150536991,11558.564768278258,36313.14593423578,-105.71000000000004
38,466,27.30496777881239,117.40505189896201,27.30496777881239,354.2381421026913,437.23449895842595,-1956.79
38,467,24.175591513945296,116.33707325853482,24.175591513945296,126.10964387367642,380.1039676910868,-1938.99
38,468,inf,116.33707325853482,116.33707325853482,207.2801692041632,207.2801692041632,-1938.99
38,469,inf,inf,inf,666.7753282581664,666.7753282581664,2.3899999999999864
38,20,746.238614185941,21.17855642887142,21.17855642887142,10311.97264486389,18802.065784711325,-352.983
38,21,419.4503905686255,2.555348893022141,2.555348893022141,3644.086781251963,30393.168404924658,-42.59000000000003
38,22,325.7454737528449,4.054118917621647,4.054118917621647,5221.397822685278,23785.984218627415,-67.57
38,23,107.33062036127589,9.003419931601368,9.003419931601368,341.41665287055275,5811.087585492782,-150.06
38,24,492.40261668996243,5.810883782324354,5.810883782324354,7202.140444751482,26210.244918772918,-96.85000000000002
38,25,15.412411845667046,18.638627227455448,15.412411845667046,25.326822260288804,25.452070158721153,-310.65
38,26,inf,50.14279714405711,50.14279714405711,485.0465053373413,485.0465053373413,-835.73
38,27,inf,61.220975580488386,61.220975580488386,133.8898171853103,133.8898171853103,-1020.37
38,28,280.67333446498606,116.13307733845322,116.13307733845322,768.8820350786788,794.1588655373713,-1935.59
38,29,inf,inf,inf,489.79501891184475,489.79501891184475,298.18999999999994
38,30,610.7247665035553,4.051718965620689,4.051718965620689,536.3939967930328,35037.487463989295,-67.53000000000003
38,31,471.42816210662824,11.933161336773264,11.933161336773264,8117.285480768918,32601.174775947857,-198.89000000000001
38,32,886.0169244106193,5.414291714165716,5.414291714165716,4488.509503528285,26672.596337155697,-90.24000000000001
38,33,inf,inf,inf,546.900969963093,546.900969963093,960.9100000000001
38,35,inf,117.40505189896201,117.40505189896201,1024.6651064102882,1024.6651064102882,-1956.79
38,36,4.938038701255747,117.40505189896201,4.938038701255747,20.86036715283507,82.99334866652431,-1956.79
38,37,35.28112212328758,116.33707325853482,35.28112212328758,127.54491052515345,573.2810683513707,-1938.99
38,38,118.7477637869413,17.813643727125456,17.813643727125456,745.0673260711468,762.218899524812,-296.9
38,39,856.4092925477731,9.958000839983201,9.958000839983201,1155.8653550073918,41469.853651761994,-165.97000000000003
38,40,inf,1.4489710205795903,1.4489710205795903,3425.9371077074766,3425.9371077074766,-24.150000000000034
38,41,136.23337872681893,8.035039299214016,8.035039299214016,380.1955582147845,11390.234704242313,-133.92000000000002
38,42,251.9342405235812,5.00929981400372,5.00929981400372,3776.8980004043656,11639.159812276595,-83.49000000000001
38,43,17.624608223119832,116.27107457850842,17.624608223119832,95.06706671332215,389.6073147260656,-1937.89
38,44,12.775980038856888,116.33707325853482,12.775980038856888,41.43440651068133,208.69405357750162,-1938.99
39,45,19.306649666116652,116.40487190256194,19.306649666116652,241.0010609369193,457.946137615368,-1940.12
39,46,inf,115.33689326213474,115.33689326213474,592.2000178465101,592.2000178465101,-1922.32
39,2,inf,55.473690526189465,55.473690526189465,1028.0617571418957,1028.0617571418957,-924.5799999999999
39,3,257.48033874045956,3.1799364012719744,3.1799364012719744,3540.698057439324,13085.50701561623,-53.0
39,4,758.5373410382941,4.121317573648526,4.121317573648526,6412.337120685644,19591.385715538345,-68.69
39,5,inf,inf,inf,1990.6797524566834,1990.6797524566834,171.15000000000003
39,6,279.0506487134528,6.140877182456348,6.140877182456348,528.4794012523641,8835.26598769757,-102.34999999999997
39,7,21.182347971536778,114.14291714165715,21.182347971536778,4.996731147941404,353.00271983719,-1902.4199999999998
39,8,inf,48.66562668746624,48.66562668746624,1881.284791109647,1881.284791109647,-811.11
39,9,inf,inf,inf,173.7366538280322,173.7366538280322,41.670000000000016
39,460,69.81551193374355,115.33689326213474,69.81551193374355,550.3756778739823,676.396820252443,-1922.32
39,461,345.0748512925549,15.425691486170276,15.425691486170276,1783.9141035001198,4072.276022819868,-257.1
39,462,702.970920283754,2.3531529369412594,2.3531529369412594,10064.13766501363,17543.5673338691,-39.21999999999997
39,463,220.30446003128597,3.5753284934301295,3.5753284934301295,950.7667601474476,9434.029642598385,-59.589999999999975
39,464,535.5094968346185,1.1075778484430299,1.1075778484430299,8330.781540477628,31479.57389384588,-18.45999999999998
39,465,590.6084283631149,5.351892962140756,5.351892962140756,6433.684532168879,36264.02029861661,-89.19999999999999
39,466,inf,117.11885762284753,117.11885762284753,428.0479076089668,428.0479076089668,-1952.02
39,467,59.043241723700326,115.33689326213474,59.043241723700326,350.60332439029173,380.1039085082261,-1922.32
39,468,inf,115.33689326213474,115.33689326213474,207.28031860855793,207.28031860855793,-1922.32
39,469,30.907982378958657,inf,30.907982378958657,96.51685023937226,664.5521829384937,34.56999999999999
39,20,410.5752721485349,20.158396832063357,20.158396832063357,2558.3955442972183,18741.786093124912,-335.98
39,21,599.8512381870856,1.5581688366232656,1.5581688366232656,8830.524349753427,30335.161037037586,-25.96999999999997
39,22,267.44170415636495,3.038939221215574,3.038939221215574,67.92328528983218,23713.58207388972,-50.64999999999998
39,23,134.1678784658504,8.003839923201534,8.003839923201534,2101.1217317315754,5773.11715591128,-133.39999999999998
39,24,570.6262086258276,4.807103857922842,4.807103857922842,3631.99008167628,26148.97569854263,-80.12
39,25,inf,17.638447231055377,17.638447231055377,25.452221477382253,25.452221477382253,-293.98
39,26,584.8108885817189,49.14261714765704,49.14261714765704,484.44551299875036,485.04649771246295,-819.06
39,27,12.73283412750912,60.220795584088314,12.73283412750912,103.87799545252643,133.88972051658092,-1003.7
39,28,inf,115.05489890202195,115.05489890202195,805.1973437200421,805.1973437200421,-1917.62
39,29,inf,inf,inf,527.050436055217,527.050436055217,348.19
39,30,486.1764416468527,3.051538969220616,3.051538969220616,7941.660343898068,34963.56612399301,-50.860000000000014
39,31,598.5682697512461,10.955180896382071,10.955180896382071,208.9329332812129,32529.79037028094,-182.59
39,32,664.4880644803277,4.424911501769964,4.424911501769964,9577.210594242939,26626.610037039838,-73.75
39,33,inf,inf,inf,631.3658901527116,631.3658901527116,1010.8800000000001
39,35,inf,116.76486470270592,116.76486470270592,1060.3165186528279,1060.3165186528279,-1946.12
39,36,inf,116.76486470270592,116.76486470270592,82.99335235826437,82.99335235826437,-1946.12
39,37,123.28691716003314,115.33689326213474,115.33689326213474,550.5167847629394,573.28102560351,-1922.32
39,38,inf,17.813043739125217,17.813043739125217,755.5048649538007,755.5048649538007,-296.89
39,39,664.693773712224,8.943421131577368,8.943421131577368,10804.238022050324,41404.91886390522,-149.06
39,40,inf,0.43799124017519714,0.43799124017519714,3496.676042616324,3496.676042616324,-7.300000000000011
39,41,169.39513707522195,7.034859302813943,7.034859302813943,3000.004249734524,11323.333312352212,-117.25
39,42,357.3751412640024,4.009119817603647,4.009119817603647,861.4637679357985,11589.895451582302,-66.82
39,43,1115.6619582856451,115.27089458210835,115.27089458210835,381.89590863650324,382.04214560824215,-1921.22
39,44,49.02779003801314,115.33689326213474,49.02779003801314,201.77279919978773,208.69401444551661,-1922.32
40,45,18.670994517145196,115.76468470630586,18.670994517145196,240.0111359563445,450.2005238802642,-1929.4499999999998
40,46,inf,114.33671326573467,114.33671326573467,592.200074313262,592.200074313262,-1905.65
40,2,inf,54.68110637787244,54.68110637787244,1040.0062203038187,1040.0062203038187,-911.37
40,3,256.61032722381447,2.175556488870222,2.175556488870222,3528.014905196318,13041.519821265552,-36.25999999999999
40,4,757.0257502723778,3.1247375052498936,3.1247375052498936,6400.135418208444,19551.238213861398,-52.079999999999984
40,5,inf,inf,inf,2026.8232496911776,2026.8232496911776,188.09000000000003
40,6,277.5098408557863,5.1226975460490785,5.1226975460490785,523.8981430060765,8787.033899927865,-85.38
40,7,21.1823387802445,113.14273714525709,21.1823387802445,4.996731147941404,353.0025666340831,-1885.75
40,8,inf,47.659446811063766,47.659446811063766,1899.988906070621,1899.988906070621,-794.3399999999999
40,9,inf,inf,inf,173.73668081191036,173.73668081191036,75.0
40,460,69.81552075314288,114.33671326573467,69.81552075314288,550.3756778739823,676.3967311861876,-1905.65
40,461,342.72679022715084,14.437511249775001,14.437511249775001,1770.9886381135889,4045.177750904316,-240.62999999999997
40,462,701.9166500023701,1.3553728925421475,1.3553728925421475,10049.427617138763,17516.6128966605,-22.589999999999975
40,463,219.6695759081416,2.5841483170336588,2.5841483170336588,947.2675470391017,9406.912271204032,-43.06999999999999
40,464,533.4475749466629,0.1325973480530377,0.1325973480530377,8297.87034508136,31357.70406134102,-2.2099999999999795
40,465,589.8086369960555,4.354112917741644,4.354112917741644,6425.064834582519,36214.89466325874,-72.57
40,466,inf,116.47867042659145,116.47867042659145,423.6699839947344,423.6699839947344,-1941.35
40,467,59.043284953594714,114.33671326573467,59.043284953594714,350.60332439029173,380.1038493254179,-1905.65
40,468,inf,114.33671326573467,114.33671326573467,207.28046801295815,207.28046801295815,-1905.65
40,469,29.60505122126092,inf,29.60505122126092,68.76946608281442,662.3057489834284,67.90000000000003
40,20,409.9169060806412,19.164096718065636,19.164096718065636,2554.9073096434527,18711.646144674334,-319.40799999999996
40,21,598.7060881153054,0.5549889002219955,0.5549889002219955,8813.93835559888,30277.154161526407,-9.25
40,22,266.6302432706301,2.0189596208075824,2.0189596208075824,67.92328528983222,23641.180660574384,-33.64999999999998
40,23,133.2944317115674,7.01565968680626,7.01565968680626,2088.254529535785,5735.147260293925,-116.92999999999995
40,24,569.2872785453312,3.806323873522529,3.806323873522529,3622.863323574837,26087.70649314308,-63.44
40,25,inf,16.638267234655302,16.638267234655302,25.452372796066083,25.452372796066083,-277.30999999999995
40,26,584.8145823449255,48.14243715125697,48.14243715125697,484.44551299875036,485.04649008763295,-802.39
40,27,12.732838836067168,59.220615587688236,12.732838836067168,103.87799545252643,133.8896238479571,-987.03
40,28,inf,113.98272034559308,113.98272034559308,816.4302048945922,816.4302048945922,-1899.75
40,29,inf,inf,inf,545.2889808078323,545.2889808078323,381.53
40,30,485.14911958090784,2.057358852822941,2.057358852822941,7925.04253459459,34889.6444685742,-34.289999999999964
40,31,597.2548936993139,9.964000719985597,9.964000719985597,209.71376690760906,32458.405653207108,-166.06999999999996
40,32,662.1893682322187,3.4319313613727713,3.4319313613727713,9543.792369997307,26534.639222917205,-57.19999999999999
40,33,inf,inf,inf,673.9720725049239,673.9720725049239,1033.5500000000002
40,35,inf,116.11867762644745,116.11867762644745,1096.2145186009534,1096.2145186009534,-1935.35
40,36,inf,116.11867762644745,116.11867762644745,82.99335605012998,82.99335605012998,-1935.35
40,37,123.28701687590593,114.33671326573467,114.33671326573467,550.5167847629383,573.280982855687,-1905.65
40,38,inf,17.813043739125217,17.813043739125217,748.8733340390609,748.8733340390609,-296.89
40,39,663.6527527343089,7.931241375172496,7.931241375172496,10787.607427864077,41339.98407859637,-132.19
40,40,inf,inf,inf,3638.2147328049846,3638.2147328049846,10.07000000000005
40,41,168.40132903998685,6.03047939041219,6.03047939041219,2983.924938402441,11256.432542414286,-100.50999999999999
40,42,357.37514599856013,3.0089398212035743,3.0089398212035743,861.4637960699789,11589.895603870147,-50.14999999999998
40,43,683.0259095925163,114.30671386572268,114.30671386572268,366.6230161584143,366.9691439685779,-1905.15
40,44,49.02791258853112,114.33671326573467,49.02791258853112,201.77279919978773,208.6939753136367,-1905.65
41,45,18.068425447319054,115.11909761804763,18.068425447319054,239.00535332976827,442.2061824530426,-1918.69
41,46,inf,113.33713325733484,113.33713325733484,592.2001307800481,592.2001307800481,-1888.99
41,2,inf,53.89212215755685,53.89212215755685,1051.5407845394839,1051.5407845394839,-898.22
41,3,254.87030377503092,1.1651766964660715,1.1651766964660715,3502.648249179266,12953.545315603325,-19.420000000000016
41,4,753.9182660036726,2.115557688846222,2.115557688846222,6373.959138761013,19470.943390945427,-35.25999999999999
41,5,inf,inf,inf,2062.9673520821334,2062.9673520821334,205.01999999999998
41,6,275.9686095007135,4.096718065638688,4.096718065638688,519.4079825590705,8738.802060714648,-68.28000000000003
41,7,21.18232958895221,112.14315713685724,21.18232958895221,4.996731147941404,353.0024134309761,-1869.09
41,8,inf,46.65506689866202,46.65506689866202,1918.7000196483161,1918.7000196483161,-777.6
41,9,inf,inf,inf,173.73670779617046,173.73670779617046,108.32999999999998
41,460,69.81552957255624,113.33713325733484,69.81552957255624,550.3756778739823,676.3966421199551,-1888.99
41,461,340.37480986614514,13.457130857382852,13.457130857382852,1758.1221282427857,4018.079864717142,-224.29000000000002
41,462,700.8147622120464,0.3695926081478385,0.3695926081478385,10034.274788139854,17489.65851226276,-6.160000000000025
41,463,219.03416399566606,1.6007679846403073,1.6007679846403073,943.6966717173736,9379.795350056656,-26.680000000000007
41,464,532.3935272020567,inf,532.3935272020567,8281.121783095683,31296.76844157072,14.430000000000007
41,465,589.0088408713102,3.3629327413451735,3.3629327413451735,6416.444826625302,36165.768784427986,-56.05000000000001
41,466,inf,115.83308333833321,115.83308333833321,419.4358925448668,419.4358925448668,-1930.59
41,467,59.043328183598504,113.33713325733484,59.043328183598504,350.60332439029173,380.1037901426623,-1888.99
41,468,inf,113.33713325733484,113.33713325733484,207.28061741736403,207.28061741736403,-1888.99
41,469,29.493252122696056,inf,29.493252122696056,66.35350476568044,660.0446483870547,101.23000000000002
41,20,409.2580212513861,18.175076498470027,18.175076498470027,2551.3528286530595,18681.50621763986,-302.924
41,21,597.5609327043659,inf,597.5609327043659,8797.352421889835,30219.14696268547,7.289999999999964
41,22,265.81369568063684,1.0103797924041538,1.0103797924041538,67.92328528983225,23568.77961389371,-16.840000000000032
41,23,132.42130151327453,6.023879522409553,6.023879522409553,2075.3567425707247,5697.177195634313,-100.40000000000003
41,24,566.6094248542469,2.7953440931181395,2.7953440931181395,3604.6099208201354,25965.16831987833,-46.59000000000003
41,25,inf,15.638687226255472,15.638687226255472,25.452524114772633,25.452524114772633,-260.65
41,26,584.8182761551417,47.14285714285714,47.14285714285714,484.44551299875036,485.04648246285115,-785.73
41,27,12.732843544675646,58.22103557928841,12.732843544675646,103.87799545252643,133.88952717943883,-970.37
41,28,inf,112.91114177716445,112.91114177716445,827.8367486084438,827.8367486084438,-1881.89
41,29,inf,inf,inf,563.2626378211783,563.2626378211783,414.86
41,30,484.1218006181297,1.0571788564228717,1.0571788564228717,7908.424400230753,34815.72313037911,-17.620000000000005
41,31,595.9415193966321,8.960820783584328,8.960820783584328,210.4946005340058,32387.020983663642,-149.35000000000002
41,32,661.0104893097352,2.425751484970301,2.425751484970301,9526.738446319992,26488.652117287995,-40.43000000000001
41,33,inf,inf,inf,716.7683335323469,716.7683335323469,1066.91
41,35,inf,115.47909041819163,115.47909041819163,1132.3356928326218,1132.3356928326218,-1924.69
41,36,inf,115.47909041819163,115.47909041819163,82.99335961026216,82.99335961026216,-1924.69
41,37,123.28711659199499,113.33713325733484,113.33713325733484,550.5167847629397,573.2809401079016,-1888.99
41,38,inf,17.813403731925362,17.813403731925362,742.3227036064626,742.3227036064626,-296.896
41,39,662.5933735916844,6.929261414771704,6.929261414771704,10770.663408694647,41275.045577726545,-115.49000000000001
41,40,inf,inf,inf,3709.012050361368,3709.012050361368,26.920000000000016
41,41,167.40752398378956,5.026099478010439,5.026099478010439,2967.8455332103463,11189.531669452774,-83.76999999999998
41,42,355.83867768600925,2.0081598368032654,2.0081598368032654,858.2959433681768,11540.629798510927,-33.47000000000003
41,43,555.1649053084897,113.33713325733484,113.33713325733484,358.95891284022355,359.4517562617368,-1888.99
41,44,49.02803513980657,113.33713325733484,49.02803513980657,201.77279919978773,208.693936181862,-1888.99
42,45,17.498730095143575,114.47891042179155,17.498730095143575,237.9378381220829,433.973824286205,-1908.02
42,46,inf,112.33695326093476,112.33695326093476,592.2001872468684,592.2001872468684,-1872.32
42,2,inf,53.109137817243656,53.109137817243656,1062.667134224677,1062.667134224677,-885.1700000000001
42,3,254.00030727532746,0.1487970240595199,0.1487970240595199,3489.9650510252486,12909.558757580258,-2.480000000000018
42,4,752.3645196612146,1.1105777884442305,1.1105777884442305,6360.870916990513,19430.795889775683,-18.50999999999999
42,5,inf,inf,inf,2099.1109925501614,2099.1109925501614,221.95999999999998
42,6,274.4424809916137,3.066538669226616,3.066538669226616,514.9502926211826,8690.57053458853,-51.110000000000014
42,7,21.18232039765992,111.14297714045718,21.18232039765992,4.996731147943481,353.00226022786904,-1852.4199999999998
42,8,inf,45.64948701025978,45.64948701025978,1937.41761302792,1937.41761302792,-760.8399999999999
42,9,11.917789761171495,inf,11.917789761171495,140.36320446946536,173.7357079985334,141.67000000000002
42,460,69.8155383919842,112.33695326093476,69.8155383919842,550.3756778739846,676.3965530537456,-1872.32
42,461,338.03100363701543,12.476150476990458,12.476150476990458,1745.1368046982705,3990.9825437410423,-207.94
42,462,699.8081291916271,inf,699.8081291916271,10020.007585797863,17462.70417646281,10.400000000000034
42,463,218.39002521040464,0.6227875442491146,0.6227875442491146,940.1330638981992,9352.677771636167,-10.379999999999995
42,464,531.354863572717,inf,531.354863572717,8264.568515997593,31235.832828144583,31.060000000000002
42,465,588.2090495219077,2.36335273294534,2.36335273294534,6407.825129038889,36116.64314959514,-39.389999999999986
42,466,inf,115.18689626207474,115.18689626207474,415.3539622774051,415.3539622774051,-1919.82
42,467,59.043371413712535,112.33695326093476,59.043371413712535,350.60332439029264,380.10373095995925,-1872.32
42,468,inf,112.33695326093476,112.33695326093476,207.2807668217754,207.2807668217754,-1872.32
42,469,29.493248686609313,inf,29.493248686609313,66.35361952709304,660.0445589211058,117.90000000000003
42,20,408.59966879301976,17.186116277674444,17.186116277674444,2547.8649803780377,18651.366780039818,-286.441
42,21,597.5609348798291,inf,597.5609348798291,8797.352572990421,30219.14703096117,23.95999999999998
42,22,264.997144018005,inf,264.997144018005,67.92328528985828,23496.378204255965,0.0
42,23,131.5480321997611,5.02789944201116,5.02789944201116,2062.474391016237,5659.207650026826,-83.80000000000001
42,24,566.6094280920249,1.7951640967180664,1.7951640967180664,3604.6100029723148,25965.168459363354,-29.920000000000016
42,25,inf,14.638507229855401,14.638507229855401,25.452675433501916,25.452675433501916,-243.98
42,26,584.8219700123003,46.14267714645706,46.14267714645706,484.44551299875025,485.0464748381177,-769.06
42,27,12.732848253334458,57.22085558288834,12.732848253334458,103.87799545252594,133.88943051102606,-953.7
42,28,inf,111.84496310073797,111.84496310073797,839.4210278138876,839.4210278138876,-1864.12
42,29,inf,inf,inf,563.2627701147977,563.2627701147977,431.53000000000003
42,30,483.09447679707205,0.06719865602687973,0.06719865602687973,7891.80622808335,34741.8014311508,-1.1200000000000045
42,31,594.6281467366792,7.9546409071818545,7.9546409071818545,211.27532483239966,32315.63635626105,-132.57999999999998
42,32,661.0104920471493,1.425571488570228,1.425571488570228,9526.738599537084,26488.652171789636,-23.75999999999999
42,33,inf,inf,inf,759.7226213046523,759.7226213046523,1100.18
42,35,inf,114.83290334193315,114.83290334193315,1168.6594735064325,1168.6594735064325,-1913.9199999999998
42,36,inf,114.83290334193315,114.83290334193315,82.99432940613782,82.99432940613782,-1913.9199999999998
42,37,123.28721630829065,112.33695326093476,112.33695326093476,550.5167847629406,573.2808973601542,-1872.32
42,38,inf,16.813223735525288,16.813223735525288,742.322845974709,742.322845974709,-280.226
42,39,662.5933746472018,5.929081418371632,5.929081418371632,10770.663561134259,41275.0456026109,-98.82
42,40,inf,inf,inf,3709.0119316853384,3709.0119316853384,43.59000000000003
42,41,166.41372750510533,4.027719445611087,4.027719445611087,2951.766128018254,11122.63106298559,-67.13
42,42,352.802953169419,1.0091798164036714,1.0091798164036714,852.1207957688429,11442.099221974857,-16.819999999999993
42,43,476.57504204028857,112.35495290094197,112.35495290094197,351.32855607981134,351.9561952502836,-1872.62
42,44,49.02815769184054,112.33695326093476,49.02815769184054,201.77279919978804,208.69389705019245,-1872.32
43,45,16.958717825363724,113.83272334553308,16.958717825363724,236.80190101671755,425.51368792153863,-1897.25
43,46,inf,111.3367732645347,111.3367732645347,592.2002437137229,592.2002437137229,-1855.65
43,2,inf,52.31355372892541,52.31355372892541,1073.384300663389,1073.384300663389,-871.91
43,3,253.1191910761639,inf,253.1191910761639,3477.331736596553,12865.57176963139,14.610000000000014
43,4,750.8107700633734,0.10979780404391816,0.10979780404391816,6347.782925523098,19390.648196838938,-1.829999999999984
43,5,inf,inf,inf,2135.254764637279,2135.254764637279,238.90999999999997
43,6,272.9160604597911,2.0363592728145434,2.0363592728145434,510.53693684906074,8642.338917010477,-33.94
43,7,21.182311206367633,110.14279714405711,21.182311206367633,4.99673114794348,353.00210702476204,-1835.75
43,8,inf,44.650506989860204,44.650506989860204,1956.141637097873,1956.141637097873,-744.19
43,9,inf,inf,inf,173.73573498371692,173.73573498371692,175.0
43,460,69.81554721142561,111.3367732645347,69.81554721142561,550.3756778739845,676.396463987559,-1855.65
43,461,335.6872376278284,11.492170156596865,11.492170156596865,1732.1517818902585,3963.885454474466,-191.53999999999996
43,462,698.7064218257984,inf,698.7064218257984,10004.856561541614,17435.75062255156,26.78000000000003
43,463,217.75490687947428,inf,217.75490687947428,936.598052492535,9325.56059919594,5.939999999999998
43,464,530.3162001768271,inf,530.3162001768271,8248.015248899497,31174.897221099807,47.629999999999995
43,465,587.4092534148423,1.3583728325433482,1.3583728325433482,6399.205121081666,36067.51727129008,-22.639999999999986
43,466,inf,114.54670906581867,114.54670906581867,411.4273763533246,411.4273763533246,-1909.15
43,467,59.04341464393515,111.3367732645347,59.04341464393515,350.6033243902926,380.1036717773087,-1855.65
43,468,inf,111.3367732645347,111.3367732645347,207.28091622619237,207.28091622619237,-1855.65
43,469,29.371087499932276,inf,29.371087499932276,63.82499939132631,657.7440124728289,151.24
43,20,407.9418245400497,16.189836203275934,16.189836203275934,2544.442884873568,18621.2268961571,-269.836
43,21,596.4157799104186,inf,596.4157799104186,8780.766219072548,30161.13999941597,40.73000000000002
43,22,264.1805965117334,inf,264.1805965117334,67.92328528985823,23423.977161286923,16.720000000000027
43,23,130.6747726770833,4.037919241615165,4.037919241615165,2049.591954343111,5621.238323466899,-67.29999999999995
43,24,565.2705022981016,0.795584088318233,0.795584088318233,3595.482936936095,25903.89945005014,-13.259999999999991
43,25,inf,13.638327233455328,13.638327233455328,25.452826752253927,25.452826752253927,-227.30999999999997
43,26,584.8256639165395,45.142497150057,45.142497150057,484.4455129987502,485.0464672134325,-752.39
43,27,12.732852962043795,56.22067558648826,12.732852962043795,103.87799545252592,133.88933384271888,-937.03
43,28,inf,110.7787844243115,110.7787844243115,851.1770159644977,851.1770159644977,-1846.35
43,29,inf,inf,inf,580.9674946711068,580.9674946711068,464.87
43,30,482.06715969617426,inf,482.06715969617426,7875.188456563432,34667.88014040624,15.560000000000002
43,31,593.3147758489554,6.952660946781061,6.952660946781061,212.05604913085182,32244.25177701313,-115.87999999999997
43,32,659.8896184133974,0.42419151616967615,0.42419151616967615,9510.276069414425,26442.665879885764,-7.069999999999993
43,33,inf,inf,inf,802.8095065605472,802.8095065605472,1133.5500000000002
43,35,inf,114.18671626567468,114.18671626567468,1205.1675070525614,1205.1675070525614,-1903.15
43,36,inf,114.18671626567468,114.18671626567468,82.99433309833262,82.99433309833262,-1903.15
43,37,123.28731602479029,111.3367732645347,111.3367732645347,550.5167847629402,573.2808546124445,-1855.65
43,38,inf,16.813043739125213,16.813043739125213,735.8618169840071,735.8618169840071,-280.22299999999996
43,39,661.5706518569216,4.921701565968679,4.921701565968679,10754.34529864045,41210.110822434246,-82.02999999999997
43,40,inf,inf,inf,3779.825995337746,3779.825995337746,60.31
43,41,165.4199452060814,3.037139257214856,3.037139257214856,2935.6868166861714,11055.731092643107,-50.620000000000005
43,42,351.3035758573938,inf,351.3035758573938,849.0542414350804,11392.834229140797,-0.13999999999998636
43,43,412.1357094530007,111.3727725445491,111.3727725445491,343.70685238621434,344.493707299108,-1856.25
43,44,49.02828024463083,111.3367732645347,49.02828024463083,201.772799199788,208.69385791862797,-1855.65
44,45,16.445964180682694,113.18713625727484,16.445964180682694,235.64315236000795,416.8352389025991,-1886.49
44,46,inf,110.33719325613487,110.33719325613487,592.2003001806119,592.2003001806119,-1838.99
44,2,inf,51.517369652606945,51.517369652606945,1083.620524091613,1083.620524091613,-858.64
44,3,252.24158148642374,inf,252.24158148642374,3464.3953388387545,12821.584352260745,31.74000000000001
44,4,749.2570383378257,inf,749.2570383378257,6334.694986672649,19350.50100624458,14.899999999999977
44,5,inf,inf,inf,2171.3986609482,2171.3986609482,255.84000000000003
44,6,271.40472278979,1.0103797924041538,1.0103797924041538,506.11079443120417,8594.10800192576,-16.840000000000032
44,7,21.18230201507535,109.14321713565727,21.18230201507535,4.99673114794348,353.0019538216551,-1819.09
44,8,inf,43.644927101457974,43.644927101457974,1974.8719139675386,1974.8719139675386,-727.4300000000001
44,9,118.86993450574472,inf,118.86993450574472,171.5911568810505,171.73935785206686,208.33000000000004
44,460,69.8155560308811,110.33719325613487,69.8155560308811,550.3756778739845,676.3963749213955,-1838.99
44,461,333.39083422121945,10.497990040199195,10.497990040199195,1719.459939794087,3936.7887526924615,-174.97
44,462,697.6048377186188,inf,697.6048377186188,9989.70655897509,17408.796384623856,43.079999999999984
44,463,217.11900153730232,inf,217.11900153730232,932.9568099732264,9298.44389020925,22.129999999999995
44,464,529.2775370157567,inf,529.2775370157567,8231.4619818014,31113.961620473892,64.23000000000002
44,465,586.6094583782588,0.36539269214615894,0.36539269214615894,6390.585615206646,36018.391365554504,-6.090000000000032
44,466,inf,113.90112197756045,113.90112197756045,407.6642664073663,407.6642664073663,-1898.39
44,467,59.0434578742672,110.33719325613487,59.0434578742672,350.6033243902926,380.10361259471074,-1838.99
44,468,inf,110.33719325613487,110.33719325613487,207.2810656306149,207.2810656306149,-1838.99
44,469,29.253967008670454,inf,29.253967008670454,61.42848884017642,655.4304967236401,184.55999999999995
44,20,407.28346232511433,15.196736065278692,15.196736065278692,2540.9546502198023,18591.087034004,-253.284
44,21,595.2706247832988,inf,595.2706247832988,8764.180285363498,30103.132807143294,57.43000000000001
44,22,263.36404493360106,inf,263.36404493360106,67.92328528985819,23351.575755395283,33.43000000000001
44,23,129.80136078281362,3.052738945221095,3.052738945221095,2036.7241167103386,5583.26881686462,-50.879999999999995
44,24,563.9315749048262,inf,563.9315749048262,3586.356178834649,25842.630305035305,3.230000000000018
44,25,inf,12.638747225055498,12.638747225055498,25.452978071028678,25.452978071028678,-210.65
44,26,584.8293578677916,44.142917141657165,44.142917141657165,484.4455129987502,485.0464595887955,-735.73
44,27,12.73285767080356,55.22109557808843,12.73285767080356,103.87799545252592,133.8892371745172,-920.37
44,28,inf,109.70720585588288,109.70720585588288,863.1248663747831,863.1248663747831,-1828.49
44,29,inf,inf,inf,615.5586568465104,615.5586568465104,514.86
44,30,481.03984081386216,inf,481.03984081386216,7858.570322199594,34593.95880495521,32.360000000000014
44,31,592.0014068242092,5.957880842383153,5.957880842383153,212.83684631460065,32172.867250049076,-99.30000000000001
44,32,658.7397535755678,inf,658.7397535755678,9493.517663201437,26396.679801249382,9.550000000000011
44,33,inf,inf,inf,846.0085446172307,846.0085446172307,1166.91
44,35,inf,113.54712905741884,113.54712905741884,1241.8433796003837,1241.8433796003837,-1892.49
44,36,inf,113.54712905741884,113.54712905741884,82.99433679065298,82.99433679065298,-1892.49
44,37,123.28741574150075,110.33719325613487,110.33719325613487,550.5167847629402,573.2808118647725,-1838.99
44,38,inf,16.813463730725385,16.813463730725385,729.4844453665496,729.4844453665496,-280.23
44,39,660.5296311448634,3.9155216895662077,3.9155216895662077,10737.714704454205,41145.17604484182,-65.25999999999999
44,40,inf,inf,inf,3850.655935673932,3850.655935673932,77.01999999999998
44,41,164.4220140717622,2.0507589848203036,2.0507589848203036,2919.541049440146,10988.831033782697,-34.18000000000001
44,42,349.7859596275163,inf,349.7859596275163,845.8793727536946,11343.569642060073,16.480000000000018
44,43,358.8410751429972,110.37919241615167,110.37919241615167,336.0851216908191,337.0573370001091,-1839.69
44,44,49.02840279817861,110.33719325613487,49.02840279817861,201.772799199788,208.6938187871687,-1838.99
45,45,15.95958954743804,112.54694906101876,15.95958954743804,234.434527313133,407.9496701992934,-1875.82
45,46,inf,109.33701325973479,109.33701325973479,592.2003566475349,592.2003566475349,-1822.32
45,2,inf,50.71038579228415,50.71038579228415,1093.4060122919475,1093.4060122919475,-845.19
45,3,251.37926121284963,inf,251.37926121284963,3451.9648591386476,12777.597620357119,48.84000000000003
45,4,747.7032920402884,inf,747.7032920402884,6321.606764902108,19310.353505592717,31.769999999999982
45,5,inf,inf,inf,2207.5434747928825,2207.5434747928825,272.78000000000003
45,6,269.86390083962436,inf,269.86390083962436,501.62113400992774,8545.877347452837,0.34000000000003183
45,7,21.182292823783076,108.14303713925719,21.182292823783076,4.99673114794348,353.0018006185482,-1802.4199999999998
45,8,inf,42.64894702105957,42.64894702105957,1993.6082872335298,1993.6082872335298,-710.8299999999999
45,9,233.0138193598191,inf,233.0138193598191,169.7016178223047,169.73934967517323,241.67000000000002
45,460,69.81556485035061,109.33701325973479,69.81556485035061,550.3756778739845,676.396285855255,-1822.32
45,461,330.9959445112264,9.513409731805362,9.513409731805362,1706.2406088985394,3909.6923678389503,-158.56
45,462,696.5980759697137,inf,696.5980759697137,9975.437927795278,17381.84219597428,59.47000000000003
45,463,216.48468990578814,inf,216.48468990578814,929.5281295640622,9271.326872440452,38.44999999999999
45,464,528.2388740908851,inf,528.2388740908851,8214.9087147033,31053.026026304626,80.88
45,465,585.8096622890411,inf,585.8096622890411,6381.965607249423,35969.26548778013,10.569999999999993
45,466,inf,113.26093478130437,113.26093478130437,404.06341480066675,404.06341480066675,-1887.72
45,467,59.04350110470865,109.33701325973479,59.04350110470865,350.6033243902926,380.1035534121653,-1822.32
45,468,inf,109.33701325973479,109.33701325973479,207.28121503504298,207.28121503504298,-1822.32
45,469,29.132154331232247,inf,29.132154331232247,58.90050551754541,653.0871066319125,217.90000000000003
45,20,406.6246096703841,14.211735765284692,14.211735765284692,2537.40072252034,18560.948346819652,-236.867
45,21,594.1254700988483,inf,594.1254700988483,8747.593931445632,30045.12578219268,74.16000000000003
45,22,262.54749751261573,inf,262.54749751261573,67.92328528985814,23279.174716207228,50.01999999999998
45,23,128.92827559049792,2.059158816823663,2.059158816823663,2023.826993555137,5545.299840781392,-34.31999999999999
45,24,562.5926559037842,inf,562.5926559037842,3577.229616333527,25781.361507481128,19.910000000000025
45,25,inf,12.28235435291294,12.28235435291294,25.453073906264436,25.453073906264436,-204.70999999999998
45,26,584.8330518660575,43.14273714525709,43.14273714525709,484.4455129987502,485.0464519642069,-719.06
45,27,12.732862379613763,54.22091558168837,12.732862379613763,103.87799545252592,133.8891405064211,-903.7
45,28,inf,108.6470270594588,108.6470270594588,875.2615893909299,875.2615893909299,-1810.82
45,29,inf,inf,inf,632.4403011131162,632.4403011131162,548.2
45,30,480.0125170738084,inf,480.0125170738084,7841.952150052195,34520.037108489276,49.110000000000014
45,31,592.0014096387097,4.95770084598308,4.95770084598308,212.83683932883932,32172.867403058637,-82.63
45,32,656.4400345588248,inf,656.4400345588248,9460.001427163554,26304.707855293207,26.400000000000034
45,33,inf,inf,inf,889.3037187025461,889.3037187025461,1189.48
45,35,inf,112.90094198116037,112.90094198116037,1278.673051634982,1278.673051634982,-1881.72
45,36,inf,113.26093478130437,113.26093478130437,82.99433850498725,82.99433850498725,-1887.72
45,37,123.28751545842192,109.33701325973479,109.33701325973479,550.5167847629406,573.2807691171383,-1822.32
45,38,inf,16.813223735525288,16.813223735525288,723.1884298759876,723.1884298759876,-280.226
45,39,659.4886080087114,2.921341573168536,2.921341573168536,10721.083747316767,41080.24121058883,-48.69
45,40,inf,inf,inf,3992.360920947577,3992.360920947577,93.80000000000001
45,41,163.43239656087465,1.050578988420231,1.050578988420231,2903.5280048918817,10921.931256299578,-17.50999999999999
45,42,348.2496971364885,inf,348.2496971364885,842.7701372549892,11294.303962615928,33.24000000000001
45,43,315.12049281302905,109.37901241975159,109.37901241975159,328.4756724166988,329.6550633765088,-1823.02
45,44,49.02852535248384,109.33701325973479,49.02852535248384,201.772799199788,208.6937796558146,-1822.32
46,45,15.498376312749425,111.90076198476031,15.498376312749425,233.12983365827992,398.8692690578205,-1865.0500000000002
46,46,inf,108.33683326333473,108.33683326333473,592.2004131144922,592.2004131144922,-1805.65
46,2,inf,49.913601727965435,49.913601727965435,1102.7035441483993,1102.7035441483993,-831.91
46,3,250.52030246250084,inf,250.52030246250084,3439.2322080754648,12733.610792833828,65.75
46,4,746.1080799407358,inf,746.1080799407358,6307.6465645494045,19270.206005115142,48.78000000000003
46,5,inf,inf,inf,2243.6896906062548,2243.6896906062548,289.73
46,6,268.3524354446181,inf,268.3524354446181,497.1947402434637,8497.647026266442,17.430000000000007
46,7,21.18228363249079,107.14285714285714,21.18228363249079,4.99673114794348,353.0016474154412,-1785.75
46,8,inf,41.65956680866382,41.65956680866382,2012.3505602710377,2012.3505602710377,-694.3399999999999
46,9,inf,inf,inf,167.68263287067273,167.68263287067273,264.28
46,460,69.81557366983414,108.33683326333473,69.81557366983414,550.3756778739845,676.3961967891373,-1805.65
46,461,328.6989953300725,8.51682966340673,8.51682966340673,1693.5452170344918,3882.596465393226,-141.95
46,462,695.5911867150886,inf,695.5911867150886,9961.16793028308,17354.888056832435,76.07000000000005
46,463,215.8584529966793,inf,215.8584529966793,926.021528620195,9244.20958059131,54.910000000000025
46,464,527.2002114036031,inf,527.2002114036031,8198.355447605205,30992.09043863009,97.40000000000003
46,465,585.009870975412,inf,585.009870975412,6373.345909663059,35920.13985401096,27.04000000000002
46,466,inf,112.61474770504587,112.61474770504587,400.63232608340206,400.63232608340206,-1876.9499999999998
46,467,59.043544335259526,108.33683326333473,59.043544335259526,350.6033243902926,380.10349422967244,-1805.65
46,468,inf,108.33683326333473,108.33683326333473,207.28136443947668,207.28136443947668,-1805.65
46,469,29.011319287427,inf,29.011319287427,56.38698135445008,650.7242494221202,251.24
46,20,405.9662539775696,13.220015599688002,13.220015599688002,2533.9129515718364,18530.808653793276,-220.33799999999997
46,21,591.8351638672602,inf,591.8351638672602,8714.421852481437,29929.1116725793,90.48000000000002
46,22,261.7309460205671,inf,261.7309460205671,67.92328528985809,23206.773314131926,66.66000000000003
46,23,128.0550382710551,1.0583788324233505,1.0583788324233505,2010.9443843216566,5507.330725546197,-17.639999999999986
46,24,559.9148013176676,inf,559.9148013176676,3558.9760179785058,25658.82315522933,36.85000000000002
46,25,319157.9733115352,12.28235435291294,12.28235435291294,25.13756368025862,25.453139117463916,-204.70999999999998
46,26,584.8367459113382,42.142557148857016,42.142557148857016,484.4455129987502,485.04644433966655,-702.39
46,27,12.732867088474395,53.22073558528829,12.732867088474395,103.87799545252592,133.88904383843055,-887.03
46,28,inf,107.58684826303474,107.58684826303474,887.5710572610798,887.5710572610798,-1793.15
46,29,inf,inf,inf,649.0428897855621,649.0428897855621,581.53
46,30,478.9852000545788,inf,478.9852000545788,7825.334378532278,34446.11582052976,65.70000000000005
46,31,590.6880424496188,3.949121017579646,3.949121017579646,213.61767295523504,32101.4829268043,-65.81999999999996
46,32,655.2891876730013,inf,655.2891876730013,9443.14708829963,26258.72157177873,43.18000000000001
46,33,inf,inf,inf,932.6813783261405,932.6813783261405,1222.85
46,35,inf,112.26075478490431,112.26075478490431,1315.6439198456796,1315.6439198456796,-1871.0500000000002
46,36,inf,112.61474770504587,112.61474770504587,82.99531194679474,82.99531194679474,-1876.9499999999998
46,37,123.28761517554504,108.33683326333473,108.33683326333473,550.5167847629393,573.280726369542,-1805.65
46,38,inf,16.813043739125213,16.813043739125213,716.9900449997265,716.9900449997265,-280.22299999999996
46,39,658.4475874758973,1.9217615647687027,1.9217615647687027,10704.453153130524,41015.30643819884,-32.02999999999997
46,40,inf,inf,inf,4063.2343695126224,4063.2343695126224,110.53000000000003
46,41,162.4386359996083,inf,162.4386359996083,2887.4485996997864,10855.031765383454,-0.6699999999999591
46,42,346.750087026602,inf,346.750087026602,839.702929722975,11245.039052241118,49.94
46,43,275.37149433307513,108.35483290334192,108.35483290334192,320.8381953190514,322.2823097947953,-1805.9499999999998
46,44,49.02864790754651,108.33683326333473,49.02864790754651,201.772799199788,208.6937405245656,-1805.65
47,45,15.061298683499484,111.26117477650446,15.061298683499484,231.7348914771733,389.60643315356964,-1854.39
47,46,inf,107.3372532549349,107.3372532549349,592.2004695814838,592.2004695814838,-1788.99
47,2,inf,49.11741765164696,49.11741765164696,1111.5868298390155,1111.5868298390155,-818.64
47,3,250.52030199676338,inf,250.52030199676338,3439.2323256287414,12733.610729965483,82.40999999999997
47,4,744.4874169746383,inf,744.4874169746383,6294.398081964701,19230.057692412585,65.84999999999997
47,5,inf,inf,inf,2279.8355033045764,2279.8355033045764,306.65999999999997
47,6,266.84082572727925,inf,266.84082572727925,492.76792252129366,8449.417036233042,34.25
47,7,21.182274441198516,106.14327713445729,21.182274441198516,4.99673114794348,353.0014942123343,-1769.09
47,8,inf,40.659986800263994,40.659986800263994,2012.350659493119,2012.350659493119,-677.6800000000001
47,9,inf,inf,inf,165.58636632531855,165.58636632531855,276.15999999999997
47,460,69.81558248933173,107.3372532549349,69.81558248933173,550.3756778739845,676.3961077230427,-1788.99
47,461,326.30693000873634,7.528049439011219,7.528049439011219,1680.3010244018915,3855.500929796284,-125.47
47,462,694.5369875765558,inf,694.5369875765558,9946.458321779613,17327.934700491372,92.49000000000001
47,463,215.85844970885614,inf,215.85844970885614,926.0215614940255,9244.209434986842,71.57
47,464,527.200212458264,inf,527.200212458264,8198.355599438852,30992.090458973566,114.06
47,465,584.2101040238083,inf,584.2101040238083,6364.726065973039,35871.01579371027,43.349999999999966
47,466,inf,111.96916061678766,111.96916061678766,397.3774531660221,397.3774531660221,-1866.19
47,467,59.04358756591984,107.3372532549349,59.04358756591984,350.6033243902926,380.10343504723215,-1788.99
47,468,inf,107.3372532549349,107.3372532549349,207.2815138439159,207.2815138439159,-1788.99
47,469,28.890250284520366,inf,28.890250284520366,53.85269249434281,648.3371975327274,284.55999999999995
47,20,405.9662509845003,12.220435591288172,12.220435591288172,2533.912984048957,18530.808509903833,-203.678
47,21,591.8351660430336,inf,591.8351660430336,8714.422003582034,29929.1117408622,107.13999999999999
47,22,260.91439868647205,inf,260.91439868647205,67.92328528985804,23134.372278795963,83.25999999999999
47,23,127.1816706262637,0.07019859602808039,0.07019859602808039,1998.0764713971287,5469.362159988782,-1.170000000000016
47,24,559.9148045551013,inf,559.9148045551013,3558.976100130641,25658.82329470661,53.50999999999999
47,25,329572.3335108325,12.282474350512988,12.282474350512988,25.13762934531179,25.45320396838471,-204.712
47,26,584.8404400036342,41.14297714045719,41.14297714045719,484.4455129987502,485.0464367151744,-685.73
47,27,12.732871797385457,52.22115557688846,12.732871797385457,103.87799545252592,133.88894717054552,-870.37
47,28,inf,106.52126957460851,106.52126957460851,900.0707268635981,900.0707268635981,-1775.39
47,29,inf,inf,inf,649.0430240892455,649.0430240892455,598.1899999999999
47,30,477.9578763694213,inf,477.9578763694213,7808.716206384878,34372.19412593589,82.33999999999997
47,31,588.0613171571628,2.9321413571728567,2.9321413571728567,215.17911190513618,31958.714321871164,-48.870000000000005
47,32,655.2891904101996,inf,655.2891904101996,9443.147241516714,26258.721626273982,59.839999999999975
47,33,inf,inf,inf,932.6812327639772,932.6812327639772,1239.51
47,35,inf,111.61516769664605,111.61516769664605,1352.744956306854,1352.744956306854,-1860.29
47,36,inf,111.96916061678766,111.96916061678766,82.99531563938136,82.99531563938136,-1866.19
47,37,123.28771489288445,107.3372532549349,107.3372532549349,550.5167847629405,573.2806836219833,-1788.99
47,38,inf,16.813445731085377,16.813445731085377,710.8845246148732,710.8845246148732,-280.2297
47,39,657.4065645196448,0.9191816163676721,0.9191816163676721,10687.822195993087,40950.371609167276,-15.319999999999993
47,40,inf,inf,inf,4063.2342498935614,4063.2342498935614,127.19
47,41,161.4448902849421,inf,161.4448902849421,2871.369288367705,10788.13293115595,15.930000000000007
47,42,345.2324618358044,inf,345.2324618358044,836.5287466040503,11195.774186082013,66.77999999999997
47,43,275.37282273882965,107.35525289494208,107.35525289494208,320.8382653880624,322.28236666522287,-1789.29
47,44,49.02877046336668,107.3372532549349,49.02877046336668,201.772799199788,208.6937013934218,-1788.99
48,45,14.654656552523424,110.61498770024598,14.654656552523424,230.7338300169442,380.18153331444324,-1843.62
48,46,inf,106.33707325853482,106.33707325853482,592.2005260485098,592.2005260485098,-1772.32
48,2,8527.822754549496,48.32963340733185,48.32963340733185,1119.870304588,1120.0147500247417,-805.51
48,3,248.7727849770497,inf,248.7727849770497,3413.6162265175703,12645.637302113051,99.75
48,4,743.00072416039,inf,743.00072416039,6281.473651002309,19189.910000353262,82.94999999999999
48,5,inf,inf,inf,2315.9820383362926,2315.9820383362926,323.59999999999997
48,6,265.3146497713288,inf,265.3146497713288,488.3095937413302,8401.187367790302,51.10000000000002
48,7,21.182265249906234,105.14309713805721,21.182265249906234,4.99673114794348,353.00134100922736,-1752.4199999999998
48,8,inf,39.65860682786344,39.65860682786344,2031.0992552705084,2031.0992552705084,-660.99
48,9,inf,inf,inf,163.41438969727577,163.41438969727577,277.32
48,460,69.81559130884338,106.33707325853482,69.81559130884338,550.3756778739845,676.3960186569711,-1772.32
48,461,324.00559331683917,6.5386692266154665,6.5386692266154665,1667.6588315370345,3828.406023792613,-108.97999999999999
48,462,693.4356305473058,inf,693.4356305473058,9931.310384323888,17300.98066105865,108.92000000000002
48,463,215.23165328308582,inf,215.23165328308582,922.4444963765261,9217.092943787497,88.04000000000002
48,464,525.12291044637,inf,525.12291044637,8165.249109155001,30870.22072922856,130.06
48,465,583.3876628403359,inf,583.3876628403359,6355.796368847805,35821.88988904931,59.56
48,466,inf,111.32897342053158,111.32897342053158,394.2988463676942,394.2988463676942,-1855.52
48,467,59.04363079668955,106.33707325853482,59.04363079668955,350.6033243902926,380.10337586484434,-1772.32
48,468,inf,106.33707325853482,106.33707325853482,207.2816632483607,207.2816632483607,-1772.32
48,469,28.76498598918311,inf,28.76498598918311,51.211397027274124,645.9208010367125,317.90000000000003
48,20,405.3084074999457,11.223315533689325,11.223315533689325,2530.4904597927825,18500.66871358998,-187.059
48,21,590.6900063129723,inf,590.6900063129723,8697.835710109659,29871.104399374857,123.60000000000002
48,22,260.0978472821313,inf,260.0978472821313,67.923285289858,23061.97088060901,99.68
48,23,126.30845636765267,inf,126.30845636765267,1985.1937890033232,5431.393441612769,15.28000000000003
48,24,558.54861273872,inf,558.54861273872,3550.1337720538795,25597.553064547737,70.45999999999998
48,25,341658.4812017582,12.282294354112917,12.282294354112917,25.1376953751708,25.453269179592592,-204.709
48,26,584.8441341429466,40.14279714405711,40.14279714405711,484.4455129987502,485.0464290907306,-669.06
48,27,12.732876506346951,51.220975580488386,12.732876506346951,103.87799545252592,133.88885050276605,-853.7
48,28,inf,105.43709125817482,105.43709125817482,912.7560254138466,912.7560254138466,-1757.32
48,29,inf,inf,inf,665.3652142161988,665.3652142161988,631.53
48,30,476.9305575968211,inf,476.9305575968211,7792.098072021041,34298.27279422622,98.95999999999998
48,31,586.7479553892784,1.9163616727665445,1.9163616727665445,215.9599090888847,31887.3299920887,-31.939999999999998
48,32,654.1393343228913,inf,654.1393343228913,9426.38936841194,26212.73568583414,76.69999999999999
48,33,inf,inf,inf,976.1305552793328,976.1305552793328,1272.78
48,35,inf,110.96898062038758,110.96898062038758,1389.9648290762796,1389.9648290762796,-1849.52
48,36,inf,111.32897342053158,111.32897342053158,82.99531933209352,82.99531933209352,-1855.52
48,37,123.28781461043117,106.33707325853482,106.33707325853482,550.5167847629407,573.2806408744624,-1772.32
48,38,inf,16.813247735045298,16.813247735045298,704.8737413082163,704.8737413082163,-280.2264
48,39,656.365544167786,inf,656.365544167786,10671.191601806842,40885.43684202931,1.2200000000000273
48,40,inf,inf,inf,4134.1205497785895,4134.1205497785895,143.91000000000003
48,41,160.45114870366095,inf,160.45114870366095,2855.2898831756083,10721.234029499845,32.54000000000002
48,42,343.6966640568806,inf,343.6966640568806,833.3627696339967,11146.509324504334,83.65000000000003
48,43,242.59647958027944,106.34907301853961,106.34907301853961,313.1962876257456,314.93383814242634,-1772.52
48,44,49.02889301994431,106.33707325853482,49.02889301994431,201.772799199788,208.69366226238316,-1772.32
49,45,14.256997164933303,109.96880062398752,14.256997164933303,228.65314655133335,370.5945546257227,-1832.8500000000001
49,46,inf,105.33689326213475,105.33689326213475,592.2005825155697,592.2005825155697,-1755.65
49,2,2038.1055213594775,47.547249055018895,47.547249055018895,1125.603309064417,1128.0300507668194,-792.47
49,3,247.90282387498652,inf,247.90282387498652,3400.933658212724,12601.650789815305,116.79999999999998
49,4,741.3803552622139,inf,741.3803552622139,6268.226127029822,19149.76199823923,100.1
49,5,inf,inf,inf,2352.1297735256803,2352.1297735256803,340.5400000000001
49,6,263.77415633109973,inf,263.77415633109973,483.8205005685147,8352.957981320118,67.97999999999999
49,7,21.182256058613962,104.14291714165715,21.182256058613962,4.996731147943479,353.00118780612047,-1735.75
49,8,inf,38.65722685546289,38.65722685546289,2049.852625099886,2049.852625099886,-644.3
49,9,inf,inf,inf,161.17896136073531,161.17896136073531,277.32000000000005
49,460,69.815600128369,105.33689326213475,69.815600128369,550.3756778739845,676.3959295909224,-1755.65
49,461,321.65999475614797,5.548089038219235,5.548089038219235,1654.7013005324918,3801.311354468373,-92.47
49,462,692.3814844019668,inf,692.3814844019668,9916.601067450716,17274.02667183108,125.35
49,463,214.59676422844694,inf,214.59676422844694,918.944512489744,9189.976123024178,104.70000000000002
49,464,525.1229115008689,inf,525.1229115008689,8165.2492609886485,30870.220749567605,146.73
49,465,582.6105420898604,inf,582.6105420898604,6347.486716407988,35772.765829286756,75.80999999999997
49,466,inf,110.32879342413152,110.32879342413152,394.2989770256779,394.2989770256779,-1838.8500000000001
49,467,59.04367402756864,105.33689326213475,59.04367402756864,350.6033243902925,380.10331668250905,-1755.65
49,468,inf,105.33689326213475,105.33689326213475,207.28181265281108,207.28181265281108,-1755.65
49,469,28.63316247008789,inf,28.63316247008789,48.41606312454993,643.4593953658136,351.24
49,20,404.65004921404716,10.228895422091558,10.228895422091558,2527.002225139018,18470.52893943336,-170.485
49,21,589.5448573891775,inf,589.5448573891775,8681.249715955117,29813.097550430255,140.16
49,22,259.281300036571,inf,259.281300036571,67.92328528985794,22989.569849198047,116.05999999999997
49,23,125.43541045367628,inf,125.43541045367628,1972.2970436063113,5393.425292521647,31.909999999999997
49,24,557.236938304012,inf,557.236938304012,3540.722500661894,25536.284329544294,87.4
49,25,355675.76451276103,12.282114357712846,12.282114357712846,25.137761405029824,25.453334390804706,-204.70600000000002
49,26,584.8478283292764,39.14261714765704,39.14261714765704,484.44551299875013,485.04642146633506,-652.39
49,27,12.732881215358875,50.220795584088314,12.732881215358875,103.87799545252591,133.8887538350921,-837.03
49,28,inf,104.36491270174596,104.36491270174596,925.6500407959862,925.6500407959862,-1739.45
49,29,inf,inf,inf,697.1611796795099,697.1611796795099,681.53
49,30,475.90323577599077,inf,475.90323577599077,7775.480262717562,34224.351147166286,115.57000000000002
49,31,585.4345954662223,0.9131817363652726,0.9131817363652726,216.74070627263282,31815.945712433335,-15.219999999999999
49,32,652.9627961252039,inf,652.9627961252039,9409.531481763888,26166.749747530845,93.66
49,33,inf,inf,inf,1019.6422113484718,1019.6422113484718,1295.4499999999998
49,35,inf,110.32879342413152,110.32879342413152,1427.2938300698843,1427.2938300698843,-1838.8500000000001
49,36,inf,110.6827863442731,110.6827863442731,82.995322893042,82.995322893042,-1844.75
49,37,123.28791432818021,105.33689326213475,105.33689326213475,550.5167847629393,573.2805981269792,-1755.65
49,38,inf,16.813043739125217,16.813043739125217,698.9687919770785,698.9687919770785,-280.223
49,39,655.3245239071039,inf,655.3245239071039,10654.561007620596,40820.50207753763,17.869999999999976
49,40,inf,inf,inf,4205.0194377603775,4205.0194377603775,160.62999999999997
49,41,159.45741688281544,inf,159.45741688281544,2839.2104779835126,10654.335430807578,49.109999999999985
49,42,342.196614141961,inf,342.196614141961,830.3514387095026,11097.244149276712,100.48999999999998
49,43,216.0299103615432,105.34289314213714,105.34289314213714,305.57999420991484,307.62273461060994,-1755.75
49,44,49.02901557727943,105.33689326213475,49.02901557727943,201.77279919978798,208.6936231314496,-1755.65
50,45,13.894519905231526,109.32921341573167,13.894519905231526,227.29689660559166,360.8736054417504,-1822.19
50,46,inf,104.33731325373492,104.33731325373492,592.2006389826641,592.2006389826641,-1738.99
50,2,1192.4910185599492,46.77566448671026,46.77566448671026,1128.8069037527657,1135.6220521564912,-779.61
50,3,247.0328555698914,inf,247.0328555698914,3388.2514157229643,12557.663701688514,133.76
50,4,739.893386298174,inf,739.893386298174,6255.300790047602,19109.61449847089,117.17000000000002
50,5,inf,inf,inf,2388.2785130524258,2388.2785130524258,357.48
50,6,262.2623593844229,inf,262.2623593844229,479.3931473723062,8304.728972856741,84.81
50,7,21.18224686732169,103.14333713325732,21.18224686732169,4.996731147943479,353.00103460301364,-1719.09
50,8,inf,37.65464690706186,37.65464690706186,2068.6112895725323,2068.6112895725323,-627.59
50,9,inf,inf,inf,158.89310251052183,158.89310251052183,277.30999999999995
50,460,69.81560894790873,104.33731325373492,69.81560894790873,550.3756778739845,676.3958405248968,-1738.99
50,461,319.3163837077524,4.556308873822523,4.556308873822523,1641.7158423025426,3774.217121683586,-75.94
50,462,691.3743381797165,inf,691.3743381797165,9902.32824256387,17247.072728585754,141.94
50,463,213.96160754004197,inf,213.96160754004197,915.4095525008477,9162.859052802749,121.34999999999997
50,464,524.0840557421404,inf,524.0840557421404,8148.614518667879,30809.28554318748,163.08999999999997
50,465,581.8107508125657,inf,581.8107508125657,6338.8670188216265,35723.640196597946,92.32999999999998
50,466,inf,109.68320633587327,109.68320633587327,391.40434234603305,391.40434234603305,-1828.09
50,467,59.043717258557194,104.33731325373492,59.043717258557194,350.6033243902925,380.10325750022633,-1738.99
50,468,inf,104.33731325373492,104.33731325373492,207.281962057267,207.281962057267,-1738.99
50,469,28.514636932112364,inf,28.514636932112364,45.88678786494874,640.9953114995033,384.55999999999995
50,20,403.9916957061356,9.227395452090958,9.227395452090958,2523.5143470019016,18440.38931292864,-153.793
50,21,588.3997031334977,inf,588.3997031334977,8664.663782246069,29755.090378323974,156.93
50,22,258.4647487216032,inf,258.4647487216032,67.92328528985789,22917.168454973253,132.51999999999998
50,23,124.56221785101526,inf,124.56221785101526,1959.4144343728303,5355.457010368949,48.639999999999986
50,24,555.8980150870237,inf,555.8980150870237,3531.595742560447,25475.0152783799,104.25
50,25,371940.51742940355,12.28247435051299,12.28247435051299,25.137827434888834,25.45339960202103,-204.71200000000002
50,26,584.8515225626239,38.14303713925721,38.14303713925721,484.44551299875013,485.04641384198777,-635.73
50,27,12.73288592442123,49.22121557568848,12.73288592442123,103.87799545252591,133.8886571675237,-820.37
50,28,inf,103.29333413331732,103.29333413331732,938.7213924090009,938.7213924090009,-1721.59
50,29,inf,inf,inf,712.632946676744,712.632946676744,714.86
50,30,474.87591705934574,inf,474.87591705934574,7758.862128353724,34150.42981736476,132.32
50,31,584.1030950796792,inf,584.1030950796792,217.56644354510834,31744.56002220152,1.6299999999999955
50,32,650.661184607396,inf,650.661184607396,9375.823958801411,26074.77619958677,111.0
50,33,inf,inf,inf,1106.8236823451457,1106.8236823451457,1311.71
50,35,inf,109.68320633587327,109.68320633587327,1464.7234750893224,1464.7234750893224,-1828.09
50,36,inf,110.04319913601726,110.04319913601726,82.99532658600077,82.99532658600077,-1834.09
50,37,123.28801404614728,104.33731325373492,104.33731325373492,550.5167847629406,573.2805553795338,-1738.99
50,38,inf,16.813463730725385,16.813463730725385,693.1674575570993,693.1674575570993,-280.23
50,39,654.283501223984,inf,654.283501223984,10637.930050483159,40755.567256433365,34.52999999999997
50,40,inf,inf,inf,4346.851192664581,4346.851192664581,177.39999999999998
50,41,158.46370046964637,inf,158.46370046964637,2823.1311701766763,10587.437505646214,65.65999999999997
50,42,340.66117378882956,inf,340.66117378882956,827.1293690557851,11047.97935401707,117.34999999999997
50,43,192.91793918453513,104.34331313373731,104.34331313373731,297.96594625252425,300.3510561473772,-1739.09
50,44,49.02913813537203,104.33731325373492,49.02913813537203,201.77279919978798,208.69358400062126,-1738.99
51,45,55.31830292283035,108.68302633947319,55.31830292283035,344.94291252783097,351.03573863926124,-1811.4199999999998
51,46,39.19603123593487,103.33713325733484,39.19603123593487,250.0073952080177,592.1982740777761,-1722.32
51,2,159.1821695350892,45.8132837343253,45.8132837343253,999.9750199050752,1142.8213162885706,-763.5699999999999
51,3,428.2825311370936,inf,428.2825311370936,2822.1027228025314,12513.679677668675,150.63
51,4,626.8705014223852,inf,626.8705014223852,7715.5503553406015,19069.468369266484,134.11
51,5,inf,inf,inf,2424.428285202829,2424.428285202829,374.42
51,6,189.45306058876372,inf,189.45306058876372,3106.9017779960777,8256.500834316003,101.73000000000002
51,7,292.21601694148507,102.14315713685724,102.14315713685724,352.0723850722604,353.00084453976405,-1702.4199999999998
51,8,inf,36.6382672346553,36.6382672346553,2106.1469720777577,2106.1469720777577,-610.65
51,9,inf,inf,inf,156.6141717484652,156.6141717484652,277.32
51,460,47.958287038858614,103.33713325733484,47.958287038858614,360.3975987700305,676.3936320340447,-1722.32
51,461,195.66187762533238,3.5621287574248512,3.5621287574248512,2398.9278886195366,3747.1244263622325,-59.370000000000005
51,462,1663.6977904823386,inf,1663.6977904823386,192.92130627925596,17220.121425646263,158.45999999999998
51,463,276.14223105293263,inf,276.14223105293263,4057.0962479209925,9135.74159448667,138.09000000000003
51,464,397.46549332236236,inf,397.46549332236236,1102.1874182456886,30748.347400207436,179.67000000000002
51,465,924.0368632896613,inf,924.0368632896613,11356.508093389555,35674.515789334975,108.88999999999999
51,466,37.5108402684929,109.04301913961719,37.5108402684929,359.77394861582786,388.69341679653206,-1817.4199999999998
51,467,24.17533108210775,103.33713325733484,24.17533108210775,126.10635743123818,380.1007957578317,-1722.32
51,468,inf,103.33713325733484,103.33713325733484,207.28268902754772,207.28268902754772,-1722.32
51,469,inf,inf,inf,638.5072498983106,638.5072498983106,417.90000000000003
51,20,730.9010664524347,8.232975340493189,8.232975340493189,10104.008385806042,18410.25082134327,-137.219
51,21,409.85024460415053,inf,409.85024460415053,3564.3788969800235,29697.08071535774,173.60000000000002
51,22,312.8543366835835,inf,312.8543366835835,5012.27374384873,22844.768514230436,149.17000000000002
51,23,98.19996790357636,inf,98.19996790357636,299.4435236226811,5317.48680014361,65.44999999999999
51,24,476.3215852716744,inf,476.3215852716744,6974.910537122655,25352.477348058528,121.19999999999999
51,25,1.405483003417382,12.282294354112917,1.405483003417382,15.546938960172913,25.45305569900562,-204.709
51,26,inf,37.14285714285714,37.14285714285714,485.0490077046672,485.0490077046672,-619.06
51,27,inf,48.22103557928841,48.22103557928841,133.89058138814124,133.89058138814124,-803.7
51,28,4913.06805878505,102.20915581688365,102.20915581688365,951.8275980679396,951.9681123247132,-1703.52
51,29,inf,inf,inf,727.8176578920795,727.8176578920795,748.2
51,30,593.973837596537,inf,593.973837596537,519.3445325383736,34076.51107277155,149.01999999999998
51,31,458.06915197006214,inf,458.06915197006214,7901.801795898451,31673.175976678358,18.379999999999995
51,32,864.6483394951167,inf,864.6483394951167,4383.453144426779,26028.792702201426,127.88999999999999
51,33,inf,inf,inf,1150.4804696413635,1150.4804696413635,1328.38
51,35,inf,109.04301913961719,109.04301913961719,1502.2440879238663,1502.2440879238663,-1817.4199999999998
51,36,4.937841665006719,109.3970120597588,4.937841665006719,20.858028811495277,82.99272726840574,-1823.32
51,37,35.2808764334247,103.33713325733484,35.2808764334247,127.54081394541126,573.2780113463552,-1722.32
51,38,inf,16.169736605267893,16.169736605267893,687.461505597083,687.461505597083,-269.501
51,39,840.345169730074,inf,840.345169730074,1130.1928244756818,40690.63512664477,51.139999999999986
51,40,inf,inf,inf,4417.784805225697,4417.784805225697,194.13
51,41,125.84041364365696,inf,125.84041364365696,373.21414059710145,10520.537290457914,82.12
51,42,238.0280930072769,inf,238.0280930072769,3562.4663172815426,10998.714877602208,134.01999999999998
51,43,12.641493773865406,103.33713325733484,12.641493773865406,33.55730191898788,285.92929709849824,-1722.32
51,44,12.775765609721963,103.33713325733484,12.775765609721963,41.43174296012447,208.69102653532912,-1722.32
52,45,13.238408428235429,108.04283914321712,13.238408428235429,224.01191933048756,341.09612636760266,-1800.75
52,46,inf,102.33695326093478,102.33695326093478,592.1983305451698,592.1983305451698,-1705.65
52,2,340.4261255701445,44.85090298194036,44.85090298194036,1089.8236084778023,1148.7157365354458,-747.53
52,3,246.17040387523588,inf,246.17040387523588,3375.817721148427,12513.679614753795,167.29999999999998
52,4,738.3397557928193,inf,738.3397557928193,6242.212860227141,19069.46849956533,150.78
52,5,inf,inf,inf,2460.5740239297693,2460.5740239297693,391.36
52,6,259.1963777988074,inf,259.1963777988074,470.4015962492172,8208.272866627369,118.66999999999999
52,7,21.182224061062065,101.14297714045718,21.182224061062065,4.994126434165764,353.0006913366412,-1685.75
52,8,inf,35.62788744225116,35.62788744225116,2124.921412339797,2124.921412339797,-593.8100000000001
52,9,inf,inf,inf,154.337526245923,154.337526245923,277.32000000000005
52,460,69.81518906570967,102.33695326093478,69.81518906570967,550.3730731602066,676.393542967786,-1705.65
52,461,314.62562262329345,2.5679486410271797,2.5679486410271797,1615.7994641338548,3720.0311351426612,-42.80000000000001
52,462,689.2660309808756,inf,689.2660309808756,9872.909434869476,17193.16758843306,175.12999999999997
52,463,212.6912954484509,inf,212.6912954484509,908.3368962950566,9108.625010930824,154.70000000000002
52,464,522.0068899556171,inf,522.0068899556171,8115.5891592242515,30687.411845584644,196.27
52,465,580.2111938488409,inf,580.2111938488409,6321.629721037358,35625.39015719922,125.54999999999998
52,466,inf,108.39683206335873,108.39683206335873,386.1721962993779,386.1721962993779,-1806.65
52,467,59.04305731363727,102.33695326093478,59.04305731363727,350.600719676516,380.10073657528,-1705.65
52,468,inf,102.33695326093478,102.33695326093478,207.2828384315985,207.2828384315985,-1705.65
52,469,28.25923546449272,inf,28.25923546449272,40.37990974155368,635.9877885226033,451.24
52,20,402.6605247492265,7.244915101697965,7.244915101697965,2516.616526113933,18380.111114406292,-120.751
52,21,586.1093562455195,inf,586.1093562455195,8631.491926200053,29639.073876711755,190.22
52,22,256.8316501671368,inf,256.8316501671368,67.92068057605697,22772.36602960616,165.89000000000001
52,23,122.8158124659549,inf,122.8158124659549,1933.6478363392334,5279.518961493838,82.12999999999997
52,24,553.2016233108627,inf,553.2016233108627,3512.8489290831653,25352.47748752786,137.86999999999998
52,25,413351.72823433514,12.282090358192836,12.282090358192836,25.13795912980103,25.4531209112776,-204.7056
52,26,584.86518482571,36.14267714645707,36.14267714645707,484.4481177125259,485.04900008045735,-602.39
52,27,12.733279721880786,47.22085558288833,12.733279721880786,103.88060016630205,133.890484722243,-787.03
52,28,inf,101.13697726045478,101.13697726045478,965.4202481547703,965.4202481547703,-1685.65
52,29,inf,inf,inf,727.8177935614019,727.8177935614019,764.87
52,30,472.8101417856243,inf,472.8101417856243,7725.472280564831,34002.587935204356,165.85999999999999
52,31,581.4945027366,inf,581.4945027366,219.08558414682983,31601.791847631626,35.03999999999999
52,32,649.5389480534087,inf,649.5389480534087,9359.261696698264,26028.792756690178,144.55999999999997
52,33,inf,inf,inf,1150.4803258673735,1150.4803258673735,1345.05
52,35,inf,108.39683206335873,108.39683206335873,1539.8534944094831,1539.8534944094831,-1806.65
52,36,inf,108.75682486350273,108.75682486350273,82.99273096173147,82.99273096173147,-1812.65
52,37,123.28713764487503,102.33695326093478,102.33695326093478,550.5141800491627,573.2779685987989,-1705.65
52,38,inf,16.169556608867822,16.169556608867822,681.8612458095926,681.8612458095926,-269.498
52,39,652.2015005850327,inf,652.2015005850327,10604.669124425884,40625.70031088733,67.66999999999999
52,40,inf,inf,inf,4417.784684823796,4417.784684823796,210.79999999999998
52,41,156.47230640562924,inf,156.47230640562924,2790.9087721506235,10453.640000495321,98.48999999999998
52,42,339.1609895663654,inf,339.1609895663654,824.1147074112108,10998.715029900073,150.68999999999997
52,43,155.04517555287924,102.33695326093478,102.33695326093478,282.7392028226199,285.9293459569544,-1705.65
52,44,49.028199971498175,102.33695326093478,49.028199971498175,201.77019448601203,208.69098740423885,-1705.65
53,45,19.671895016001432,107.3972520549589,19.671895016001432,39.468937735535604,331.07658388991797,-1789.99
53,46,inf,101.33737325253495,101.33737325253495,592.2008083841529,592.2008083841529,-1688.99
53,2,inf,43.89632207355852,43.89632207355852,1154.6221020302983,1154.6221020302983,-731.62
53,3,209.3651495235053,inf,209.3651495235053,1435.9536981134265,12469.690748478884,184.23000000000002
53,4,396.21919858728484,inf,396.21919858728484,5617.159035001459,18989.17130615572,167.68
53,5,inf,inf,inf,2496.718405409867,2496.718405409867,408.29999999999995
53,6,161.68656079298458,inf,161.68656079298458,2301.3865029706976,8160.04433785366,135.42000000000002
53,7,478.90054909484036,100.14339713205734,100.14339713205734,352.6551765899755,353.000574993693,-1669.09
53,8,inf,34.6265074698506,34.6265074698506,2143.6989416160595,2143.6989416160595,-577.12
53,9,9.410170385424626,inf,9.410170385424626,134.2134283106227,152.10915714067707,277.31
53,460,inf,101.33737325253495,101.33737325253495,676.3955733269577,676.3955733269577,-1688.99
53,461,111.7897769796949,1.5809683806323886,1.5809683806323886,1463.863431496597,3692.937161614489,-26.350000000000023
53,462,395.74520371994385,inf,395.74520371994385,1559.6704523029443,17166.21121723804,191.78999999999996
53,463,399.39566307296025,inf,399.39566307296025,5052.668632043019,9081.508978082902,171.26
53,464,690.1144888289213,inf,690.1144888289213,1132.9648622219338,30626.478879374372,212.93
53,465,584.7434844202802,inf,584.7434844202802,6770.389809182434,35576.26254126155,142.17000000000002
53,466,inf,107.75724485510288,107.75724485510288,383.84947624011636,383.84947624011636,-1795.99
53,467,inf,101.33737325253495,101.33737325253495,380.1030799536936,380.1030799536936,-1688.99
53,468,75.63018762270681,101.33737325253495,75.63018762270681,204.4605500840365,207.28241027066827,-1688.99
53,469,24.358514605877687,inf,24.358514605877687,401.03720683463763,633.4291586523676,484.55999999999995
53,20,500.9593427384934,6.264654706905862,6.264654706905862,6837.890214075281,18349.97065997451,-104.41300000000001
53,21,693.2542909656396,inf,693.2542909656396,4166.221339619511,29581.06888404509,206.7
53,22,311.29444324745253,inf,311.29444324745253,5112.527980987718,22699.966108452976,182.49
53,23,233.94186399170627,inf,233.94186399170627,1552.0791456859122,5241.55418479093,98.82
53,24,377.47071050769244,inf,377.47071050769244,5545.7718290425155,25291.207557456393,154.56
53,25,1.975052912478568,12.28247435051299,1.975052912478568,21.02814926284008,25.453594875412318,-204.71200000000002
53,26,29.103854553946196,35.143097138057236,29.103854553946196,4.178887698203293,485.04639096923574,-585.73
53,27,9.901094668985992,46.22127557448851,9.901094668985992,78.26500333573405,133.88836716545183,-770.37
53,28,inf,100.05339893202135,100.05339893202135,979.0427784540207,979.0427784540207,-1667.59
53,29,inf,inf,inf,742.7180905510158,742.7180905510158,798.1899999999999
53,30,375.3847919180262,inf,375.3847919180262,1234.169419657545,33928.665517467794,182.46999999999997
53,31,444.76377126454736,inf,444.76377126454736,6698.013048944705,31530.407999400464,51.72
53,32,424.52490554617424,inf,424.52490554617424,2823.55680145531,25982.80439261071,161.28999999999996
53,33,inf,inf,inf,1194.1769196989396,1194.1769196989396,1361.71
53,35,inf,107.75724485510288,107.75724485510288,1577.5453303464205,1577.5453303464205,-1795.99
53,36,inf,108.11123777524449,108.11123777524449,82.99630363706959,82.99630363706959,-1801.89
53,37,inf,101.33737325253495,101.33737325253495,573.2804271374242,573.2804271374242,-1688.99
53,38,38.075965929637555,16.16997660046799,16.16997660046799,43.48395049002268,676.3666393566349,-269.505
53,39,499.16443042946815,inf,499.16443042946815,2025.4107880881845,40560.762987007496,84.31
53,40,inf,inf,inf,4488.72520453855,4488.72520453855,227.51
53,41,206.38770542837196,inf,206.38770542837196,547.5840899684994,10386.74527715325,115.08999999999997
53,42,219.65218986280502,inf,219.65218986280502,3582.498744909321,10949.45000544979,167.32
53,43,inf,101.34337313253734,101.34337313253734,278.7837208797369,278.7837208797369,-1689.09
53,44,inf,101.33737325253495,101.33737325253495,208.69346660876712,208.69346660876712,-1688.99
54,45,89.6519056360301,107.11105777884441,89.6519056360301,309.1358703543617,310.89166031140667,-1785.22
54,46,39.196071949952405,100.33719325613487,39.196071949952405,250.00840044304726,592.198444824524,-1672.32
54,2,138.92332107568575,42.93454130917381,42.93454130917381,958.559641868687,1160.558687482491,-715.5899999999999
54,3,425.25811747557896,inf,425.25811747557896,2800.615688021266,12425.707021281713,201.07999999999998
54,4,622.9382905731713,inf,622.9382905731713,7666.535501813056,18949.02518058076,184.36
54,5,inf,inf,inf,2532.865790851278,2532.865790851278,425.23999999999995
54,6,186.18748952298122,inf,186.18748952298122,3057.1936202028774,8111.816884875432,152.2
54,7,292.2114764851929,99.14321713565727,99.14321713565727,352.0718966922332,353.00038128270205,-1652.4199999999998
54,8,inf,33.61312773744525,33.61312773744525,2162.4846445361527,2162.4846445361527,-560.23
54,9,inf,inf,inf,149.95410547457342,149.95410547457342,277.32
54,460,47.95821775136919,100.33719325613487,47.95821775136919,360.3965576005305,676.3933627147134,-1672.32
54,461,191.5900612595488,0.5795884082318351,0.5795884082318351,2349.9317629148954,3665.8458787067916,-9.659999999999997
54,462,1655.8861017183751,inf,1655.8861017183751,188.9018730092294,17139.26006369496,208.44
54,463,273.7206058141578,inf,273.7206058141578,4023.2047049901485,9054.391735319236,187.95999999999998
54,464,395.101842182399,inf,395.101842182399,1094.2815299727185,30565.540757052197,229.57
54,465,920.2217992950056,inf,920.2217992950056,11309.87922422559,35527.138647296444,158.75
54,466,44.26400883212684,107.11105777884441,44.26400883212684,362.28182116938973,381.72264592078494,-1785.22
54,467,24.17530011680238,100.33719325613487,24.17530011680238,126.1055324158747,380.1006168012291,-1672.32
54,468,inf,100.33719325613487,100.33719325613487,207.28314079695636,207.28314079695636,-1672.32
54,469,inf,inf,inf,630.8687772195964,630.8687772195964,517.9000000000001
54,20,727.3629561247897,5.272994540109197,5.272994540109197,10056.08012704088,18319.833043565486,-87.88499999999999
54,21,407.45023847294794,inf,407.45023847294794,3544.4518018056915,29523.06102720314,223.12
54,22,309.87055326717194,inf,309.87055326717194,4963.876154274524,22627.564710914805,199.04000000000002
54,23,96.09308747929106,inf,96.09308747929106,289.7573578513139,5203.5843123923505,115.55000000000001
54,24,474.04007935258835,inf,474.04007935258835,6942.323310908188,25229.93965302219,171.44
54,25,1.4054974770575497,12.282294354112917,1.4054974770575497,15.547053941840632,25.453254578433896,-204.709
54,26,inf,34.14291714165716,34.14291714165716,485.0489846506566,485.0489846506566,-569.06
54,27,inf,45.22109557808844,45.22109557808844,133.89028908920045,133.89028908920045,-753.7
54,28,inf,98.97522049559007,98.97522049559007,992.861360776925,992.861360776925,-1649.62
54,29,inf,inf,inf,771.6516475884573,771.6516475884573,848.1800000000001
54,30,590.1082246940329,inf,590.1082246940329,515.4094413483822,33854.746414314344,198.91000000000003
54,31,454.98635024454705,inf,454.98635024454705,7852.074354279999,31459.024112319694,68.56
54,32,861.599435725685,inf,861.599435725685,4368.178293048523,25936.82055995428,177.99
54,33,inf,inf,inf,1237.9058345486494,1237.9058345486494,1378.28
54,35,inf,107.11105777884441,107.11105777884441,1615.308085109635,1615.308085109635,-1785.22
54,36,3.683150908194711,107.465050698986,3.683150908194711,5.411765103723437,82.99273834875953,-1791.12
54,37,35.28085200597163,100.33719325613487,35.28085200597163,127.53978639577863,573.2778820860028,-1672.32
54,38,488.90783387077283,16.16979660406792,16.16979660406792,670.2944078256743,670.9803724963897,-269.502
54,39,836.2918280227864,inf,836.2918280227864,1123.7870486204238,40495.83074733584,101.00999999999999
54,40,inf,inf,inf,4559.678457533078,4559.678457533078,244.23000000000002
54,41,123.44221721049311,inf,123.44221721049311,371.60302197948823,10319.845677881043,131.69
54,42,235.88732292745843,inf,235.88732292745843,3529.4638328532774,10900.185226490306,183.92000000000002
54,43,11.976984328341723,100.35519289614206,11.976984328341723,24.723696109602255,271.68827648773566,-1672.62
54,44,12.775749440026638,100.33719325613487,12.775749440026638,41.43107366790159,208.69090821068747,-1672.32
55,45,15.716853179753784,106.46487070258594,15.716853179753784,49.84945899816394,300.7735451120808,-1774.45
55,46,inf,99.3370132597348,99.3370132597348,592.2009226631092,592.2009226631092,-1655.65
55,2,inf,41.96316073678526,41.96316073678526,1166.4183192532566,1166.4183192532566,-699.4
55,3,207.89137947133443,inf,207.89137947133443,1427.5113099058483,12381.717606810022,217.86999999999998
55,4,394.5446812203882,inf,394.5446812203882,5593.524385290424,18908.876311361008,201.20000000000002
55,5,inf,inf,inf,2569.0114527149385,2569.0114527149385,442.18000000000006
55,6,159.75555629241111,inf,159.75555629241111,2270.909346964126,8063.589811885427,168.80999999999997
55,7,478.8892985595134,98.1430371392572,98.1430371392572,352.65485125037634,353.00026493978635,-1635.75
55,8,inf,32.59434811303774,32.59434811303774,2181.2716811505456,2181.2716811505456,-543.25
55,9,10.84737707937819,inf,10.84737707937819,136.55459834238349,147.97349359800185,277.32000000000005
55,460,inf,99.3370132597348,99.3370132597348,676.3953930744965,676.3953930744965,-1655.65
55,461,110.12021777113117,inf,110.12021777113117,1440.0494232257247,3638.752951370227,6.859999999999985
55,462,394.490986603087,inf,394.490986603087,1556.6049062277614,17112.303795569744,225.29
55,463,396.93204903744527,inf,396.93204903744527,5020.932242417694,9027.276215263802,204.46
55,464,687.3691297407017,inf,687.3691297407017,1129.355487231438,30504.607756038335,246.24999999999997
55,465,583.127837624262,inf,583.127837624262,6751.489805309049,35478.0110319003,175.29999999999998
55,466,inf,106.46487070258594,106.46487070258594,379.7973135157471,379.7973135157471,-1774.45
55,467,inf,99.3370132597348,99.3370132597348,380.10296018050605,380.10296018050605,-1655.65
55,468,75.63090258350206,99.3370132597348,75.63090258350206,204.4608941002664,207.28271263687995,-1655.65
55,469,24.282497916289458,inf,24.282497916289458,401.9513610287124,625.654051361054,567.9
55,20,499.32334263211834,4.2734745305093895,4.2734745305093895,6814.549101154571,18289.692509078108,-71.226
55,21,690.5089820674676,inf,690.5089820674676,4148.588524111585,29465.05636806891,239.45000000000002
55,22,308.31067389594654,inf,308.31067389594654,5064.131049912038,22482.761376482595,215.87999999999997
55,23,230.58338477961536,inf,230.58338477961536,1531.7130628119928,5165.6200094009755,132.35999999999999
55,24,375.63760696435247,inf,375.63760696435247,5517.6495862849815,25168.669936751507,188.28
55,25,1.9750646166142112,12.282114357712846,1.9750646166142112,21.028276789248736,25.453728540430745,-204.70600000000002
55,26,29.103852321615076,33.142737145257094,29.103852321615076,4.179687598612338,485.04637553944997,-552.39
55,27,9.901059587087481,44.22091558168836,9.901059587087481,78.26458395781695,133.88817152967002,-737.03
55,28,inf,97.88504229915401,97.88504229915401,1006.8700469795239,1006.8700469795239,-1631.45
55,29,inf,inf,inf,785.686892283595,785.686892283595,881.5500000000001
55,30,373.7422101018923,inf,373.7422101018923,1229.156241912853,33780.82255080062,215.42999999999998
55,31,442.74217023755983,inf,442.74217023755983,6665.1879107959585,31387.640003623408,85.37
55,32,422.2570514252424,inf,422.2570514252424,2807.7640493556555,25844.844940413248,194.98
55,33,inf,inf,inf,1281.6671756403025,1281.6671756403025,1394.85
55,35,inf,106.46487070258594,106.46487070258594,1653.1446789051756,1653.1446789051756,-1774.45
55,36,inf,106.46487070258594,106.46487070258594,82.99534689951825,82.99534689951825,-1774.45
55,37,inf,99.3370132597348,99.3370132597348,573.2803406250821,573.2803406250821,-1655.65
55,38,37.56207342208084,16.16967660646787,16.16967660646787,58.71208371853592,665.7051393918312,-269.5
55,39,497.56660448568914,inf,497.56660448568914,2019.595983191226,40430.8934288937,117.51000000000002
55,40,inf,inf,inf,4701.607760819413,4701.607760819413,261.01
55,41,203.7331103118218,inf,203.7331103118218,544.2493188621639,10252.951992210976,148.24999999999997
55,42,217.68373747609547,inf,217.68373747609547,3551.3558300622913,10850.9202718299,200.67999999999998
55,43,inf,99.3730125397492,99.3730125397492,264.6427506595912,264.6427506595912,-1656.25
55,44,inf,99.3370132597348,99.3370132597348,208.6933874163842,208.6933874163842,-1655.65
56,45,160.77098140232513,105.82528349433011,105.82528349433011,290.2139362370037,290.68494886071977,-1763.79
56,46,39.19608820553431,98.33743325133497,39.19608820553431,250.00870635759813,592.198557759553,-1638.99
56,2,141.66862595829656,40.98338033239335,40.98338033239335,972.5408603045302,1172.3977320985302,-683.07
56,3,422.23379827896775,inf,422.23379827896775,2779.1226271747696,12337.733999070455,234.67000000000002
56,4,620.2969266090042,inf,620.2969266090042,7633.940989567343,18868.73049327823,218.07
56,5,inf,inf,inf,2605.1578966953552,2605.1578966953552,459.11
56,6,184.00571166272817,inf,184.00571166272817,3024.022227790838,8015.363067069041,185.57
56,7,292.21117346136697,97.14345713085737,97.14345713085737,352.07159077768233,353.0000748764565,-1619.09
56,8,inf,31.587568248635026,31.587568248635026,2200.0691790127667,2200.0691790127667,-526.47
56,9,inf,inf,inf,146.20751219573594,146.20751219573594,277.31
56,460,47.958193989710544,98.33743325133497,47.958193989710544,360.39625168597956,676.3931845823578,-1638.99
56,461,188.85954170826963,inf,188.85954170826963,2317.187817736597,3611.6628028422124,23.310000000000002
56,462,1650.6759268445646,inf,1650.6759268445646,186.4262846628646,17085.352749533304,241.96999999999997
56,463,272.0918240153384,inf,272.0918240153384,4000.432890241859,9000.15913302247,220.86
56,464,393.526067164971,inf,393.526067164971,1089.0061268337383,30443.66964688901,263.03
56,465,917.678620895103,inf,917.678620895103,11278.789493783423,35428.88714121645,191.76999999999998
56,466,51.008940797712484,105.82528349433011,51.008940797712484,363.9576775981975,378.07334569240356,-1763.79
56,467,24.175286266068856,98.33743325133497,24.175286266068856,126.10522650132383,380.1004984364961,-1638.99
56,468,inf,98.33743325133497,98.33743325133497,207.28343960509721,207.28343960509721,-1638.99
56,469,inf,inf,inf,623.0238117624111,623.0238117624111,601.23
56,20,723.7730545321558,3.2972940541189173,3.2972940541189173,10007.62543637537,18229.414465416034,-54.956
56,21,405.8501919592801,inf,405.8501919592801,3531.1624991596655,29407.04688521008,255.89999999999998
56,22,306.8940660331895,inf,306.8940660331895,4915.591287354752,22410.360353644137,232.81
56,23,94.68846440280355,inf,94.68846440280355,283.28549920891265,5127.650621582236,149.27999999999997
56,24,470.5772033160315,inf,470.5772033160315,6892.990255340326,25046.13183922074,205.64
56,25,inf,12.282474350512988,12.282474350512988,25.4537628288204,25.4537628288204,-204.712
56,26,inf,32.14315713685726,32.14315713685726,485.0489694025773,485.0489694025773,-535.73
56,27,inf,43.22133557328853,43.22133557328853,133.89009575814782,133.89009575814782,-720.37
56,28,inf,96.80746385072298,96.80746385072298,1021.0660264175885,1021.0660264175885,-1613.49
56,29,inf,inf,inf,799.4300744570749,799.4300744570749,914.81
56,30,587.5311373577439,inf,587.5311373577439,512.7925621442777,33706.90344917189,231.76999999999998
56,31,452.9310793517606,inf,452.9310793517606,7818.921755024586,31316.256219787323,102.16
56,32,856.9705912410116,inf,856.9705912410116,4345.3007840884,25798.861454099937,211.99
56,33,inf,inf,inf,1325.4541968000478,1325.4541968000478,1411.61
56,35,inf,105.82528349433011,105.82528349433011,1691.042530515022,1691.042530515022,-1763.79
56,36,7.775180142060785,105.82528349433011,7.775180142060785,8.073919020086384,82.99371368640536,-1763.79
56,37,35.280842611842914,98.33743325133497,35.280842611842914,127.53948048123313,573.2777965911563,-1638.99
56,38,1094.4038583067281,16.16967660646787,16.16967660646787,660.406809774815,660.5374451820015,-269.5
56,39,833.6094725806906,inf,833.6094725806906,1119.5191553207933,40365.96125336243,134.19
56,40,inf,inf,inf,4772.587648406375,4772.587648406375,277.73
56,41,121.84100157359218,inf,121.84100157359218,370.52227113993075,10186.05307902125,164.64
56,42,233.73788276374455,inf,233.73788276374455,3496.34888870561,10801.655184727837,217.57999999999998
56,43,11.328743421766728,98.36743265134696,11.328743421766728,15.857125518675558,257.6477875650949,-1639.49
56,44,12.775740975052535,98.33743325133497,12.775740975052535,41.43076775335071,208.69082994924807,-1638.99
57,45,13.67878701783381,105.17909641807162,13.67878701783381,58.60840727884642,280.6493324318522,-1753.02
57,46,inf,97.3372532549349,97.3372532549349,592.2010355977449,592.2010355977449,-1622.32
57,2,inf,39.79480410391792,39.79480410391792,1178.334606942418,1178.334606942418,-663.26
57,3,206.41763161189343,inf,206.41763161189343,1419.069098788394,12293.745519255448,251.51999999999998
57,4,392.87017052216817,inf,392.87017052216817,5569.8899690045155,18828.58162444545,234.76999999999998
57,5,inf,inf,inf,2641.3019084173416,2641.3019084173416,476.06
57,6,157.82459927891003,inf,157.82459927891003,2240.431911270309,7967.13602595497,202.34000000000003
57,7,478.8780518993686,96.14327713445729,96.14327713445729,352.65452955229495,352.9999585335728,-1602.4199999999998
57,8,inf,30.57478850422991,30.57478850422991,2218.8643728932343,2218.8643728932343,-509.59
57,9,14.143060435891634,inf,14.143060435891634,138.9235337759572,144.7533596039475,277.32
57,460,inf,97.3372532549349,97.3372532549349,676.395214942745,676.395214942745,-1622.32
57,461,108.4394198587742,inf,108.4394198587742,1416.0543201624716,3584.570841123778,39.650000000000006
57,462,393.26762393059016,inf,393.26762393059016,1553.629494757011,17058.39658545753,258.6
57,463,394.49665240503623,inf,394.49665240503623,4989.322145571051,8973.043401070403,237.34000000000003
57,464,683.2245996851814,inf,683.2245996851814,1123.978715542644,30321.79972775077,280.22
57,465,581.5121863492438,inf,581.5121863492438,6732.589555288219,35379.75925494307,208.2
57,466,inf,105.17909641807162,105.17909641807162,376.5589978022603,376.5589978022603,-1753.02
57,467,inf,97.3372532549349,97.3372532549349,380.10284181662627,380.10284181662627,-1622.32
57,468,75.63161448706215,97.3372532549349,75.63161448706215,204.46123447440698,207.2830114458645,-1622.32
57,469,24.239728429567432,inf,24.239728429567432,402.57296295409475,620.3745179382164,634.5699999999999
57,20,496.8333333139732,2.301073978520429,2.301073978520429,6779.051948603135,18199.273999819554,-38.35199999999999
57,21,687.7881837433447,inf,687.7881837433447,4131.605914927557,29349.042395737837,272.25
57,22,306.3262853437209,inf,306.3262853437209,5031.940160068505,22337.95898393917,249.75
57,23,227.2250029892091,inf,227.2250029892091,1511.3468903200057,5089.686813576204,166.06
57,24,373.7920117450212,inf,373.7920117450212,5489.643071778968,25046.130899955984,222.31
57,25,1.9753760933266336,12.282294354112917,1.9753760933266336,21.030055259801113,25.45423666779844,-204.709
57,26,29.10385009835299,31.142977140457184,29.10385009835299,4.180483857082888,485.0463602913854,-519.06
57,27,9.901024826395195,42.221155576888464,9.901024826395195,78.26416822170908,133.88797819591036,-703.7
57,28,inf,95.7352852942941,95.7352852942941,1035.4453088714938,1035.4453088714938,-1595.62
57,29,inf,inf,inf,799.4313894368341,799.4313894368341,931.48
57,30,372.1066865969653,inf,372.1066865969653,1224.1496133572498,33632.981035413875,248.05
57,31,441.73142635198536,inf,441.73142635198536,6648.776313204796,31316.256235575303,118.83000000000001
57,32,421.505753613584,inf,421.505753613584,2802.604559062765,25798.859074101798,228.66000000000003
57,33,inf,inf,inf,1369.26801168602,1369.26801168602,1428.28
57,35,inf,105.17909641807162,105.17909641807162,1729.0046500293445,1729.0046500293445,-1753.02
57,36,inf,105.53908921821562,105.53908921821562,82.99631854340028,82.99631854340028,-1759.02
57,37,inf,97.3372532549349,97.3372532549349,573.280255130684,573.280255130684,-1622.32
57,38,37.089298743606385,16.16967660646787,16.16967660646787,74.22586623223299,655.4828784184524,-269.5
57,39,495.9687786977091,inf,495.9687786977091,2013.7811211847427,40301.02388112138,151.04000000000002
57,40,inf,inf,inf,4772.585930802807,4772.585930802807,294.40000000000003
57,41,199.74462618246216,inf,199.74462618246216,539.2308795311527,10052.264861095828,180.81
57,42,215.70802137570158,inf,215.70802137570158,3520.073412487749,10752.390297554697,234.49
57,43,inf,97.34925301493969,97.34925301493969,250.72282423457227,250.72282423457227,-1622.52
57,44,inf,97.3372532549349,97.3372532549349,208.69330915609947,208.69330915609947,-1622.32
58,45,inf,104.53890922181556,104.53890922181556,270.71134461170965,270.71134461170965,-1742.3500000000001
58,46,39.1961205984243,96.33707325853483,39.1961205984243,250.00955499312923,592.198670694719,-1605.65
58,2,165.95141870016943,38.61462770744585,38.61462770744585,1038.2491832587768,1184.915774808333,-643.59
58,3,417.6972878561659,inf,417.6972878561659,2746.888501694804,12205.77596188539,268.59000000000003
58,4,617.6558467442179,inf,617.6558467442179,7601.345332377297,18788.435496485763,251.35
58,5,inf,inf,inf,2677.448356275488,2677.448356275488,493.0
58,6,181.82407692201178,inf,181.82407692201178,2990.8513072453607,7918.910414489696,218.98
58,7,292.20678825581484,95.14309713805723,95.14309713805723,352.07125899647724,352.99976847021094,-1585.75
58,8,inf,29.569208615827684,29.569208615827684,2237.6690152562805,2237.6690152562805,-492.83000000000004
58,9,inf,inf,inf,143.68245052836718,143.68245052836718,277.32000000000005
58,460,47.95813686617224,96.33707325853483,47.95813686617224,360.39536711535845,676.3930064500942,-1605.65
58,461,186.14351066896305,inf,186.14351066896305,2284.458890432927,3557.4815853669024,56.00999999999999
58,462,1645.4661209551828,inf,1645.4661209551828,183.9232114049587,17031.445639419246,275.18999999999994
58,463,270.4919058516914,inf,270.4919058516914,3978.0169555269686,8945.926490059568,253.95000000000002
58,464,391.16228638637045,inf,391.16228638637045,1081.034493525342,30260.861639387953,297.22
58,465,915.1649530518757,inf,915.1649530518757,11247.15541674781,35330.63718176597,224.61999999999998
58,466,60.918127727426636,104.53890922181556,60.918127727426636,365.6285743477714,375.25310256393345,-1742.3500000000001
58,467,24.175262391207227,96.33707325853483,24.175262391207227,126.10455808505321,380.10038007197323,-1605.65
58,468,inf,96.33707325853483,96.33707325853483,207.2837384132603,207.2837384132603,-1605.65
58,469,inf,inf,inf,617.7018641328498,617.7018641328498,667.9
58,20,721.4619317128306,1.2976540469190616,1.2976540469190616,9975.977201019718,18169.135691934905,-21.628
58,21,404.2502103390905,inf,404.2502103390905,3517.879731009061,29291.034388876673,288.62
58,22,304.909677976555,inf,304.909677976555,4883.400399536043,22265.557965367876,266.53
58,23,93.2840465468226,inf,93.2840465468226,276.8430405218268,5051.717942032674,182.84
58,24,469.44940792279215,inf,469.44940792279215,6877.368440252698,24984.863059220243,239.16
58,25,1.4054357926233316,12.282114357712846,1.4054357926233316,15.545540366932164,25.453892891191604,-204.70600000000002
58,26,inf,30.142797144057116,30.142797144057116,485.0489541546911,485.0489541546911,-502.39
58,27,inf,41.220975580488386,41.220975580488386,133.8899024275174,133.8899024275174,-687.03
58,28,inf,94.59710805783884,94.59710805783884,1064.710153238931,1064.710153238931,-1576.65
58,29,inf,inf,inf,812.8844207026531,812.8844207026531,964.85
58,30,584.9541033036811,inf,584.9541033036811,510.1661656005657,33559.06229772905,264.53
58,31,451.90355877522046,inf,451.90355877522046,7802.346921956769,31244.872506686057,135.68
58,32,855.4911176058504,inf,855.4911176058504,4338.371730653577,25752.875249072,245.57000000000002
58,33,inf,inf,inf,1413.1025825473907,1413.1025825473907,1445.05
58,35,inf,104.53890922181556,104.53890922181556,1767.0201898765115,1767.0201898765115,-1742.3500000000001
58,36,4.937841687953518,104.89290214195715,4.937841687953518,20.85725370171924,82.99371909548032,-1748.25
58,37,35.2808229934296,96.33707325853483,35.2808229934296,127.53860953071529,573.2777110964607,-1605.65
58,38,inf,16.16967660646787,16.16967660646787,650.5513806190818,650.5513806190818,-269.5
58,39,830.9271636498718,inf,830.9271636498718,1115.2378612957993,40236.09171109291,167.77
58,40,inf,inf,inf,4843.573493570193,4843.573493570193,311.12
58,41,119.44298236726702,inf,119.44298236726702,368.9110043908395,9985.36702905496,197.21
58,42,231.59720709425775,inf,231.59720709425775,3463.3475848081885,10703.12600747898,251.54
58,43,10.702069551565971,96.32507349853002,10.702069551565971,6.977751112469968,243.85696360064773,-1605.45
58,44,12.77572913884984,96.33707325853483,12.77572913884984,41.43025506028875,208.69075168822926,-1605.65
59,45,12.016855286599617,103.89308213835723,12.016855286599617,68.51460877433526,260.9027784698436,-1731.586
59,46,inf,95.3372532549349,95.3372532549349,592.2011485325177,592.2011485325177,-1588.986
59,2,inf,37.42521149577008,37.42521149577008,1191.9578078544487,1191.9578078544487,-623.766
59,3,204.20705877058504,inf,204.20705877058504,1406.410758756812,12161.787666338163,285.374
59,4,391.19553198157865,inf,391.19553198157865,5546.250934774483,18748.286436121496,268.11400000000003
59,5,inf,inf,inf,2713.5927441829435,2713.5927441829435,509.93399999999997
59,6,155.89367098296853,inf,155.89367098296853,2209.953611287521,7870.684495676884,235.524
59,7,478.8777691460366,94.1432771344573,94.1432771344573,352.65422363776213,352.9996521273592,-1569.086
59,8,inf,28.565188696226073,28.565188696226073,2256.4723193844516,2256.4723193844516,-476.096
59,9,24.45197565757816,inf,24.45197565757816,141.3374767964875,143.08971028818092,277.314
59,460,inf,95.3372532549349,95.3372532549349,676.3950368110854,676.3950368110854,-1588.986
59,461,106.76545694235554,inf,106.76545694235554,1392.1021389516554,3530.3908270055013,72.444
59,462,392.0286424846736,inf,392.0286424846736,1550.53679110031,17004.48958038116,291.694
59,463,392.0919851389873,inf,392.0919851389873,4957.970005599504,8918.81166870648,270.494
59,464,680.5053096598317,inf,680.5053096598317,1120.4618225420372,30199.928673104772,314.154
59,465,579.8966942268148,inf,579.8966942268148,6713.697444771447,35281.50981121551,241.264
59,466,inf,103.89308213835723,103.89308213835723,374.1601886222181,374.1601886222181,-1731.586
59,467,inf,95.3372532549349,95.3372532549349,380.1027234529567,380.1027234529567,-1588.986
59,468,75.63187222566009,95.3372532549349,75.63187222566009,204.46154038893977,207.2833102548713,-1588.986
59,469,24.203852730190484,inf,24.203852730190484,403.20722288975264,615.0327513375732,701.234
59,20,495.17348611724964,0.2951340973180543,0.2951340973180543,6755.390502388068,18138.995398335348,-4.919000000000011
59,21,685.0915452867351,inf,685.0915452867351,4115.276340883795,29233.029417368893,305.204
59,22,304.3419684012918,inf,304.3419684012918,4999.750368319851,22193.156600074966,283.224
59,23,223.8662525995129,inf,223.8662525995129,1491.0059775712689,5013.754270729453,199.714
59,24,371.9712952426791,inf,371.9712952426791,5461.400792955728,24923.593409953708,255.904
59,25,inf,12.282114357712846,12.282114357712846,25.45398902514026,25.45398902514026,-204.70600000000002
59,26,29.103849341734136,29.142977140457187,29.103849341734136,4.180789771615703,485.04634504351395,-485.726
59,27,9.900997862508843,40.22115557688846,9.900997862508843,78.26386230717628,133.8877848625729,-670.366
59,28,inf,93.52528949421011,93.52528949421011,1079.6433905799317,1079.6433905799317,-1558.786
59,29,inf,inf,inf,838.9211151465211,838.9211151465211,1014.814
59,30,370.4711385040378,inf,370.4711385040378,1219.1368398742854,33485.13807631297,280.964
59,31,439.6992543614006,inf,439.6992543614006,6615.762187410846,31173.487093464995,152.54399999999998
59,32,420.0009854841205,inf,420.0009854841205,2791.931977029265,25706.8857456699,262.584
59,33,inf,inf,inf,1456.959480745316,1456.959480745316,1462.014
59,35,inf,103.89308213835723,103.89308213835723,1805.0924767809222,1805.0924767809222,-1731.586
59,36,inf,104.24707505849882,104.24707505849882,82.99632579943382,82.99632579943382,-1737.486
59,37,inf,95.3372532549349,95.3372532549349,573.2801696364371,573.2801696364371,-1588.986
59,38,36.67579756897622,16.170036599268016,16.170036599268016,89.49302446987384,645.7333979367422,-269.50600000000003
59,39,494.3503382117295,inf,494.3503382117295,2007.9803185105095,40171.15428509129,184.654
59,40,inf,inf,inf,4914.565910026588,4914.565910026588,327.834
59,41,197.09686420595816,inf,197.09686420595816,535.9068621793285,9918.47478110956,213.714
59,42,213.73957904629916,inf,213.73957904629916,3488.9304697228235,10653.86118158821,268.494
59,43,inf,95.3132537349253,95.3132537349253,237.06129461802422,237.06129461802422,-1588.586
59,44,inf,95.3372532549349,95.3372532549349,208.69323089623538,208.69323089623538,-1588.986
60,45,inf,103.24713505729883,103.24713505729883,251.2768027349865,251.2768027349865,-1720.82
60,46,39.19613685408025,94.33731325373492,39.19613685408025,250.009860907662,592.198783630022,-1572.32
60,2,198.81506247819317,36.2272754544909,36.2272754544909,1096.9270952685995,1199.5527532298286,-603.8
60,3,414.6730284050061,inf,414.6730284050061,2725.3953333136687,12117.804032275111,302.08
60,4,615.0144708313708,inf,615.0144708313708,7568.750463871805,18708.140618769103,284.94
60,5,inf,inf,inf,2749.7392501234563,2749.7392501234563,526.8800000000001
60,6,179.64261950929532,inf,179.64261950929532,2957.705838293374,7822.460083843048,251.95
60,7,292.2064852369462,93.14333713325732,93.14333713325732,352.07095308194437,352.9994620639654,-1552.4199999999998
60,8,inf,27.565248695026096,27.565248695026096,2256.474372311957,2256.474372311957,-459.43
60,9,inf,inf,inf,143.08145296125355,143.08145296125355,277.32
60,460,47.95811310459147,94.33731325373492,47.95811310459147,360.39506120082564,676.3928283179223,-1572.32
60,461,183.43117654339284,inf,183.43117654339284,2251.8190180783054,3503.3026728520204,88.92000000000002
60,462,1639.9873417263716,inf,1639.9873417263716,181.3529178841293,16977.53874428346,308.18
60,463,268.86419271836485,inf,268.86419271836485,3955.19530616666,8891.694573713134,286.99
60,464,389.58662628183515,inf,389.58662628183515,1075.8246888792028,30138.990598816046,330.95
60,465,912.5920032969423,inf,912.5920032969423,11216.616236956796,35232.38540651007,257.94
60,466,76.49944439770137,103.24713505729883,76.49944439770137,367.30229706427673,373.2790573155836,-1720.82
60,467,24.17524854055996,94.33731325373492,24.17524854055996,126.10425217052041,380.1002617076606,-1572.32
60,468,inf,94.33731325373492,94.33731325373492,207.28403722144566,207.28403722144566,-1572.32
60,469,inf,inf,inf,612.3411654354146,612.3411654354146,734.5699999999999
60,20,719.1023964150792,inf,719.1023964150792,9943.97038479948,18108.856794995547,11.697000000000003
60,21,402.65016022616413,inf,402.65016022616413,3504.590525471616,29175.019948901423,321.84000000000003
60,22,302.9253611052763,inf,302.9253611052763,4851.21060778739,22120.755585855102,299.91
60,23,91.87659795375149,inf,91.87659795375149,270.3796607942142,4975.7862759571235,216.74
60,24,467.1540210828156,inf,467.1540210828156,6844.891623471861,24862.32560346775,272.46
60,25,inf,12.28235435291294,12.28235435291294,25.454023313863217,25.454023313863217,-204.70999999999998
60,26,inf,28.143037139257213,28.143037139257213,485.04893890699793,485.04893890699793,-469.06
60,27,inf,39.22121557568848,39.22121557568848,133.88970909730915,133.88970909730915,-653.7
60,28,inf,92.44735105297893,92.44735105297893,1094.7261251155985,1094.7261251155985,-1540.82
60,29,inf,inf,inf,851.5004994698252,851.5004994698252,1048.18
60,30,582.3770161559544,inf,582.3770161559544,507.54932944982795,33411.21934066175,297.51
60,31,449.8482757685317,inf,449.8482757685317,7769.193883777201,31102.103467870867,169.4
60,32,850.9157093213154,inf,850.9157093213154,4315.6027604914525,25614.91595894245,279.48
60,33,inf,inf,inf,1500.8333236603396,1500.8333236603396,1478.98
60,35,inf,103.24713505729883,103.24713505729883,1843.211465079308,1843.211465079308,-1720.82
60,36,4.937829157359417,103.60712785744283,4.937829157359417,20.85701369344748,82.99372648392006,-1726.82
60,37,35.2808135993612,94.33731325373492,35.2808135993612,127.53830361617717,573.2776256019162,-1572.32
60,38,inf,16.16967660646787,16.16967660646787,641.0353660717391,641.0353660717391,-269.5
60,39,828.2448069366756,inf,828.2448069366756,1110.970728745076,40106.22212061612,201.37
60,40,inf,inf,inf,5056.576938573639,5056.576938573639,344.61
60,41,117.84672505884247,inf,117.84672505884247,367.84064033066977,9851.57807150669,230.34000000000003
60,42,229.4563443043243,inf,229.4563443043243,3430.311298136004,10604.596211962224,285.52
60,43,10.110055105060297,94.30131397372053,10.110055105060297,1.7638540232500692,230.34915856246522,-1571.72
60,44,12.775720674004283,94.33731325373492,12.775720674004283,41.429949145755955,208.69067342763108,-1572.32
61,45,12.239338795000974,102.60712785744285,12.239338795000974,203.07500524839494,241.87782204323733,-1710.153
61,46,inf,93.33731325373492,93.33731325373492,592.1988400977249,592.1988400977249,-1555.653
61,2,1185.4508999213008,35.01727965440691,35.01727965440691,1199.0390653450438,1207.7078782778415,-583.633
61,3,237.47071873611952,inf,237.47071873611952,3248.9859921419857,12073.818419680725,318.73699999999997
61,4,722.8031556696786,inf,722.8031556696786,6111.349676281919,18667.99312103974,301.847
61,5,inf,inf,inf,2785.8847335174864,2785.8847335174864,543.817
61,6,245.46336674270646,inf,245.46336674270646,430.28107895361336,7774.235139297367,268.317
61,7,21.182141120574087,92.14333713325732,21.182141120574087,4.9941264341657625,352.9993088608427,-1535.753
61,8,inf,26.57184856302874,26.57184856302874,2294.098251331773,2294.098251331773,-442.87300000000005
61,9,inf,inf,inf,144.5190095064902,144.5190095064902,277.317
61,460,69.8152686509058,93.33731325373492,69.8152686509058,550.3730731602064,676.3927392518709,-1555.653
61,461,293.47910833565845,inf,293.47910833565845,1498.949761274937,3476.213971795928,105.34700000000001
61,462,679.7785266056571,inf,679.7785266056571,9740.519232647115,16950.585376283725,324.85699999999997
61,463,206.96691074255105,inf,206.96691074255105,876.5283553992317,8864.578693347199,303.43699999999995
61,464,511.62025921378813,inf,511.62025921378813,7950.055421261361,30078.055113350452,347.817
61,465,573.0130755474727,inf,573.0130755474727,6244.051750883655,35183.259776894185,274.647
61,466,inf,102.60712785744285,102.60712785744285,372.6140294935973,372.6140294935973,-1710.153
61,467,59.04344742173777,93.33731325373492,59.04344742173777,350.60071967651595,380.1002025255831,-1555.653
61,468,inf,93.33731325373492,93.33731325373492,207.2841866255467,207.2841866255467,-1555.653
61,469,26.960725546040976,inf,26.960725546040976,11.110752250548643,609.6227545200481,767.8969999999999
61,20,396.0915683372694,inf,396.0915683372694,2481.659084422893,18078.717319160376,28.253000000000007
61,21,575.8030377992284,inf,575.8030377992284,8482.217861515739,29117.01314222373,338.60699999999997
61,22,248.66616279666025,inf,248.66616279666025,67.92068057605728,22048.354217036915,316.55699999999996
61,23,114.95778389640849,inf,114.95778389640849,1817.7184607015583,4937.820692540376,233.64700000000002
61,24,539.8309914165351,inf,539.8309914165351,3422.0719752920377,24739.788228392677,289.12699999999995
61,25,1068072.3789848567,12.282534349313012,12.282534349313012,25.13855595217314,25.45408816492169,-204.713
61,26,584.8985242184641,27.143037139257213,27.143037139257213,484.4481177125258,485.0489312832238,-452.39300000000003
61,27,12.73332222504522,38.22121557568848,12.73332222504522,103.88060016630203,133.88961243236335,-637.033
61,28,inf,91.36935261294774,91.36935261294774,1110.027217270725,1110.027217270725,-1522.853
61,29,inf,inf,inf,863.7890873655001,863.7890873655001,1081.547
61,30,463.5754503285203,inf,463.5754503285203,7576.064337346698,33337.29765986965,314.18699999999995
61,31,570.9878137984718,inf,570.9878137984718,225.42801585963517,31030.719764642563,186.08700000000002
61,32,638.0412779498295,inf,638.0412779498295,9191.776797520177,25568.929919777736,296.267
61,33,inf,inf,inf,1588.6331140998873,1588.6331140998873,1495.847
61,35,inf,102.60712785744285,102.60712785744285,1881.3791680011514,1881.3791680011514,-1710.153
61,36,inf,102.96112077758444,102.96112077758444,82.99373017832826,82.99373017832826,-1716.053
61,37,123.28803748468164,93.33731325373492,93.33731325373492,550.514180049164,573.2775828547005,-1555.653
61,38,inf,16.16985660286794,16.16985660286794,636.4541025735992,636.4541025735992,-269.503
61,39,642.832314923348,inf,642.832314923348,10454.992328574423,40041.28738887124,218.217
61,40,inf,inf,inf,5127.591711917982,5127.591711917982,361.337
61,41,146.5398818633846,inf,146.5398818633846,2630.178059861266,9784.683992153019,246.967
61,42,325.50086886830445,inf,325.50086886830445,796.0068701888033,10555.33174495456,302.287
61,43,62.08171652983199,93.28931421371573,62.08171652983199,214.03054741943575,223.72467492744232,-1554.853
61,44,49.029305929616456,93.33731325373492,49.029305929616456,201.77019448601197,208.6906342974897,-1555.653
62,45,12.583465950108335,101.96112077758445,12.583465950108335,200.5954952055746,232.76392414001862,-1699.3860000000002
62,46,inf,92.33731325373492,92.33731325373492,592.1988965654621,592.1988965654621,-1538.986
62,2,2100.809401410425,33.81808363832723,33.81808363832723,1213.4031425718156,1216.441999978899,-563.646
62,3,236.60076406944125,inf,236.60076406944125,3236.3025600102233,12029.832688636136,335.404
62,4,722.8031617961055,inf,722.8031617961055,6111.349795103725,18667.99325134113,318.514
62,5,inf,inf,inf,2822.0302791248027,2822.0302791248027,560.754
62,6,243.9376099758558,inf,243.9376099758558,425.8233416165181,7726.0109643276455,284.744
62,7,21.182131929279908,91.14333713325733,21.182131929279908,4.9941264341657625,352.99915565771994,-1519.086
62,8,inf,25.571848563028738,25.571848563028738,2294.09835311782,2294.09835311782,-426.206
62,9,inf,inf,inf,147.5580588112942,147.5580588112942,277.314
62,460,69.81527747044379,92.33731325373492,69.81527747044379,550.3730731602064,676.3926501858425,-1538.986
62,461,291.13346639836675,inf,291.13346639836675,1486.0196119029117,3449.125858158604,121.674
62,462,678.7243900588646,inf,678.7243900588646,9725.809184772248,16923.632057185045,341.634
62,463,206.3320843541304,inf,206.3320843541304,873.0270144996387,8837.462929977439,319.894
62,464,510.5666596811418,inf,510.5666596811418,7933.235575397824,30017.118188681572,364.684
62,465,572.1910424490882,inf,572.1910424490882,6235.1271533272375,35134.132358300645,291.534
62,466,inf,101.96112077758445,101.96112077758445,372.16490565181704,372.16490565181704,-1699.3860000000002
62,467,59.043490653263,92.33731325373492,59.043490653263,350.60071967651595,380.1001433435581,-1538.986
62,468,inf,92.33731325373492,92.33731325373492,207.2843360296533,207.2843360296533,-1538.986
62,469,26.824494393635614,inf,26.824494393635614,7.887262061927098,606.8689554145078,801.234
62,20,395.4332244335395,inf,395.4332244335395,2478.170849769129,18048.57786707079,44.86000000000001
62,21,574.6321398429354,inf,574.6321398429354,8464.903153930409,29059.004707745764,355.534
62,22,248.6661610686536,inf,248.6661610686536,67.92068057605728,22048.354063819184,333.224
62,23,114.0802061672449,inf,114.0802061672449,1804.757113156461,4899.855356498723,250.67400000000004
62,24,539.8309946528823,inf,539.8309946528823,3422.072057444171,24739.788367845536,305.794
62,25,1329591.5299217235,12.282114357712844,12.282114357712844,25.138621982032166,25.454153376268042,-204.706
62,26,584.9022190570504,26.143037139257213,26.143037139257213,484.4481177125258,485.0489236594979,-435.726
62,27,12.733326935411217,37.22121557568848,12.733326935411217,103.88060016630203,133.88951576752308,-620.366
62,28,inf,90.28535429291414,90.28535429291414,1125.5047457318367,1125.5047457318367,-1504.786
62,29,inf,inf,inf,863.7892247283894,863.7892247283894,1098.214
62,30,462.54813377274127,inf,462.54813377274127,7559.446565826784,33263.37638771412,330.944
62,31,569.674390008496,inf,569.674390008496,226.11252981546932,30959.336478177716,202.964
62,32,638.0412806858898,inf,638.0412806858898,9191.776950737265,25568.929974253137,312.934
62,33,inf,inf,inf,1632.555250272197,1632.555250272197,1512.514
62,35,inf,101.96112077758445,101.96112077758445,1919.5913591437888,1919.5913591437888,-1699.3860000000002
62,36,inf,102.32111357772845,102.32111357772845,82.99373374091223,82.99373374091223,-1705.3860000000002
62,37,123.28813720411775,92.33731325373492,92.33731325373492,550.5141800491627,573.2775401075228,-1538.986
62,38,inf,16.170036599268016,16.170036599268016,632.0026780294339,632.0026780294339,-269.50600000000003
62,39,641.7912933727887,inf,641.7912933727887,10438.361371436986,39976.35260063636,234.94400000000002
62,40,inf,inf,inf,5127.5915902919805,5127.5915902919805,378.004
62,41,146.53988253112337,inf,146.53988253112337,2630.178207921606,9784.683993982186,263.634
62,42,323.982877762406,inf,323.982877762406,792.9433828253215,10506.066941464602,318.834
62,43,51.22726957003979,92.30731385372292,51.22726957003979,198.7824217892597,210.76799525762388,-1538.486
62,44,49.029428493415686,92.33731325373492,49.029428493415686,201.77019448601197,208.6905951674535,-1538.986
63,45,12.58347262751643,100.96118077638447,12.58347262751643,200.59548211452943,232.76383542211735,-1682.72
63,46,inf,91.33737325253493,91.33737325253493,592.1989530332336,592.1989530332336,-1522.32
63,2,7382.016424023434,32.61414771704566,32.61414771704566,1225.380003025565,1225.649548506589,-543.58
63,3,235.7308110244044,inf,235.7308110244044,3223.6194077672203,11985.846872297678,351.99
63,4,721.2494695518429,inf,721.2494695518429,6098.263055421114,18627.844941401116,335.28000000000003
63,5,inf,inf,inf,2858.1759182541196,2858.1759182541196,577.6899999999999
63,6,242.4247713939162,inf,242.4247713939162,421.43330765295906,7677.786860866912,301.36
63,7,21.182122737985736,90.14339713205734,21.182122737985736,4.9941264341657625,352.99900245459725,-1502.4199999999998
63,8,inf,24.57490850182996,24.57490850182996,2312.9158067818707,2312.9158067818707,-409.59
63,9,inf,inf,inf,151.50867404853085,151.50867404853085,277.32
63,460,69.81528628999584,91.33737325253493,69.81528628999584,550.3730731602064,676.3925611198371,-1522.32
63,461,288.78972101449955,inf,288.78972101449955,1473.0638751901568,3422.0385135421034,138.01000000000002
63,462,677.6241750738224,inf,677.6241750738224,9710.671729202408,16896.67879620547,358.49
63,463,205.69674930731233,inf,205.69674930731233,869.458316618152,8810.346880967812,336.39
63,464,509.5429184017196,inf,509.5429184017196,7916.948691319172,29956.182717550637,381.47
63,465,571.413454574955,inf,571.413454574955,6226.811570702016,35085.00621408619,308.24
63,466,inf,101.32117357652847,101.32117357652847,371.9328262036854,371.9328262036854,-1688.72
63,467,59.043533884897656,91.33737325253493,59.043533884897656,350.60071967651595,380.10008416158576,-1522.32
63,468,inf,91.33737325253493,91.33737325253493,207.28448543376547,207.28448543376547,-1522.32
63,469,26.702124973618464,inf,26.702124973618464,4.963075678290548,604.1281830046595,834.5699999999999
63,20,394.774390070036,inf,394.774390070036,2474.619006108486,18018.438906921223,61.379
63,21,572.3504522407345,inf,572.3504522407345,8432.605425811429,28942.990555280696,372.98
63,22,247.03306558038315,inf,247.03306558038315,67.92068057605735,21903.55185099563,350.13
63,23,113.2117369855624,inf,113.2117369855624,1791.9531242867595,4861.8903396211135,267.56
63,24,538.4920811350561,inf,538.4920811350561,3412.9452993427253,24678.519534665054,322.49
63,25,1767140.618262714,12.28235435291294,12.28235435291294,25.138688011891176,25.4542185876186,-204.70999999999998
63,26,584.9059139426668,25.143097138057236,25.143097138057236,484.4481177125258,485.04891603582035,-419.06
63,27,12.733331645827649,36.22127557448851,12.733331645827649,103.88060016630203,133.88941910278837,-603.7
63,28,inf,89.20741585168295,89.20741585168295,1141.1792022851023,1141.1792022851023,-1486.82
63,29,inf,inf,inf,875.7855035695352,875.7855035695352,1131.48
63,30,461.5208105532786,inf,461.5208105532786,7542.828393679382,33189.454709000696,347.52
63,31,568.3610552061052,inf,568.3610552061052,226.89329055656978,30887.952880257482,219.83
63,32,636.891426506288,inf,636.891426506288,9175.019077632487,25522.944067095716,329.76
63,33,inf,inf,inf,1676.4907785912524,1676.4907785912524,1529.28
63,35,inf,101.32117357652847,101.32117357652847,1957.8449926505439,1957.8449926505439,-1688.72
63,36,inf,101.67516649667004,101.67516649667004,82.99470353845979,82.99470353845979,-1694.62
63,37,123.2882369237718,91.33737325253493,91.33737325253493,550.514180049164,573.2774973603827,-1522.32
63,38,inf,16.16967660646787,16.16967660646787,627.6719882794978,627.6719882794978,-269.5
63,39,640.7502744349495,inf,640.7502744349495,10421.730777250741,39911.41787453646,251.64
63,40,inf,inf,inf,5198.6127783384145,5198.6127783384145,394.72
63,41,145.54631479426294,inf,145.54631479426294,2614.0989001147695,9717.790678037349,280.14
63,42,322.4650846117162,inf,322.4650846117162,789.8263371108848,10456.802527256166,335.34000000000003
63,43,46.50793576599875,91.33137337253254,46.50793576599875,191.12000153662063,204.4574294221492,-1522.22
63,44,49.02955105797248,91.33737325253493,49.02955105797248,201.77019448601197,208.69055603752247,-1522.32
64,45,15.02844369833506,100.32117357652847,15.02844369833506,205.67098777726125,225.83786622116668,-1672.053
64,46,inf,90.33737325253495,90.33737325253495,592.1990095010392,592.1990095010392,-1505.653
64,2,inf,31.405351892962138,31.405351892962138,1235.4103549510303,1235.4103549510303,-523.433
64,3,234.86086811795832,inf,234.86086811795832,3210.936489501975,11941.861453905263,368.727
64,4,719.7358243308869,inf,719.7358243308869,6086.018013685217,18587.697754301447,352.137
64,5,inf,inf,inf,2894.3218285836538,2894.3218285836538,594.637
64,6,240.8989754810002,inf,240.8989754810002,416.97501407147934,7629.563186019831,318.137
64,7,21.182113546691568,89.14339713205734,21.182113546691568,4.9941264341657625,352.99884925147455,-1485.753
64,8,inf,23.578508429831402,23.578508429831402,2331.7365869713267,2331.7365869713267,-392.983
64,9,inf,inf,inf,155.5540900761464,155.5540900761464,277.317
64,460,69.81529510956192,90.33737325253495,69.81529510956192,550.3730731602064,676.3924720538546,-1505.653
64,461,286.4495216569055,inf,286.4495216569055,1460.057829711806,3394.951559646264,154.477
64,462,676.6161386671943,inf,676.6161386671943,9696.389153431372,16869.725589121826,375.267
64,463,205.0698624186566,inf,205.0698624186566,865.916672769357,8783.23127470256,353.097
64,464,508.5042577344281,inf,508.5042577344281,7900.395062712393,29895.247205315416,398.067
64,465,570.635843960337,inf,570.635843960337,6218.495442034011,35035.88240226277,324.727
64,466,inf,100.67516649667006,100.67516649667006,371.91797356072084,371.91797356072084,-1677.953
64,467,59.04357711664173,90.33737325253495,59.04357711664173,350.60071967651595,380.1000249796659,-1505.653
64,468,inf,90.33737325253495,90.33737325253495,207.2846348378832,207.2846348378832,-1505.653
64,469,26.568195370534912,inf,26.568195370534912,1.7442625391261757,601.3654618218764,867.8969999999999
64,20,394.1165507436529,inf,394.1165507436529,2471.194659653044,17988.29950268901,78.118
64,21,571.1968080669307,inf,571.1968080669307,8415.148611897317,28884.982131908833,389.87699999999995
64,22,247.03306385237667,inf,247.03306385237667,67.92068057605735,21903.551697777908,366.79699999999997
64,23,112.33887739753914,inf,112.33887739753914,1779.0579018883234,4823.925964341738,284.347
64,24,537.1531684022046,inf,537.1531684022046,3403.8185412412818,24617.25071912783,339.04699999999997
64,25,2644644.232402631,12.282534349313012,12.282534349313012,25.13875367694435,25.45428343868965,-204.713
64,26,584.9096088753146,24.14309713805724,24.14309713805724,484.4481177125258,485.04890841219105,-402.39300000000003
64,27,12.733336356294526,35.22127557448851,12.733336356294526,103.88060016630203,133.8893224381592,-587.033
64,28,inf,88.13541729165415,88.13541729165415,1157.0259087948311,1157.0259087948311,-1468.953
64,29,inf,inf,inf,898.8995588425286,898.8995588425286,1181.547
64,30,460.49349224932615,inf,460.49349224932615,7526.210259315544,33115.533393272126,363.977
64,31,567.0477223523718,inf,567.0477223523718,227.67397841237366,30816.569333621483,236.497
64,32,635.741572459341,inf,635.741572459341,9158.261204527713,25476.958162252828,346.537
64,33,inf,inf,inf,1720.438468052894,1720.438468052894,1546.047
64,35,inf,100.67516649667006,100.67516649667006,1996.137744728176,1996.137744728176,-1677.953
64,36,inf,101.03515929681406,101.03515929681406,82.99470723319716,82.99470723319716,-1683.953
64,37,123.28833664363128,90.33737325253495,90.33737325253495,550.514180049165,573.2774546132804,-1505.653
64,38,inf,16.169856602867945,16.169856602867945,623.4678202136898,623.4678202136898,-269.50300000000004
64,39,639.7092530796456,inf,639.7092530796456,10405.099820113304,39846.48309196805,268.517
64,40,inf,inf,inf,5269.6405209083205,5269.6405209083205,411.447
64,41,143.55558380860788,inf,143.55558380860788,2581.882220398063,9584.00490840023,296.387
64,42,320.94748691923047,inf,320.94748691923047,786.6561628496038,10407.538538560459,351.79699999999997
64,43,42.200542298172955,90.36137277254454,42.200542298172955,183.40790367820549,198.2602378090759,-1506.053
64,44,49.029673623286826,90.33737325253495,49.029673623286826,201.77019448601197,208.69051690769655,-1505.653
